region,regionCode,year,total_sol
安徽省,340000,2000,0.049635213274224814
福建省,350000,2000,0.0972721889450579
甘肃省,620000,2000,0.014535100372414844
广东省,440000,2000,0.5001438293431872
贵州省,520000,2000,0.011393312008377437
海南省,460000,2000,0.05599444049626195
河北省,130000,2000,0.1234474509789643
河南省,410000,2000,0.09908141224974917
黑龙江省,230000,2000,0.05826422874757003
湖北省,420000,2000,0.04527101809708512
湖南省,430000,2000,0.013424975971650323
吉林省,220000,2000,0.10530799211205319
江苏省,320000,2000,0.23495584565659958
江西省,360000,2000,0.00889357285253924
辽宁省,210000,2000,0.23665380244347992
青海省,630000,2000,0.002781265871533875
山东省,370000,2000,0.23465410892534833
山西省,140000,2000,0.12469070875431161
陕西省,610000,2000,0.05186949634016689
四川省,510000,2000,0.010030073910346724
台湾省,710000,2000,1.8003748406638134
云南省,530000,2000,0.03416228662246751
浙江省,330000,2000,0.1347276603464204
北京市,110000,2000,2.1964702288630793
上海市,310000,2000,4.582610224636537
天津市,120000,2000,1.4228027247471697
重庆市,500000,2000,0.027785653369247418
广西壮族自治区,450000,2000,0.022594776671220063
内蒙古自治区,150000,2000,0.013251533079130547
宁夏回族自治区,640000,2000,0.03974772382703385
西藏自治区,540000,2000,4.5352698787636474E-4
新疆维吾尔自治区,650000,2000,0.012864663050677039
澳门特别行政区,820000,2000,7.411674414264453
香港特别行政区,810000,2000,6.824069599307231
安徽省,340000,2001,0.04319941000109015
福建省,350000,2001,0.1409019594137174
甘肃省,620000,2001,0.020242634560851323
广东省,440000,2001,0.713694150577938
贵州省,520000,2001,0.012113060577679179
海南省,460000,2001,0.06579262916774313
河北省,130000,2001,0.16026780657839268
河南省,410000,2001,0.10756421710573064
黑龙江省,230000,2001,0.0632045122068422
湖北省,420000,2001,0.03630533864377415
湖南省,430000,2001,0.018714009302056276
吉林省,220000,2001,0.10115989348638559
江苏省,320000,2001,0.22776040998747424
江西省,360000,2001,0.01785194573033378
辽宁省,210000,2001,0.2952514534677439
青海省,630000,2001,0.0035589312667348707
山东省,370000,2001,0.3175740239385494
山西省,140000,2001,0.14643423082459828
陕西省,610000,2001,0.04774960922603846
四川省,510000,2001,0.017205274229428063
台湾省,710000,2001,2.1418808631848747
云南省,530000,2001,0.04102618662182518
浙江省,330000,2001,0.2102962638873559
北京市,110000,2001,2.7902004934471982
上海市,310000,2001,3.8848431642063024
天津市,120000,2001,2.141752034155636
重庆市,500000,2001,0.040070116303232046
广西壮族自治区,450000,2001,0.024659099507633224
内蒙古自治区,150000,2001,0.013568586013387575
宁夏回族自治区,640000,2001,0.058863154859787964
西藏自治区,540000,2001,6.532028536559378E-4
新疆维吾尔自治区,650000,2001,0.016597468770083165
澳门特别行政区,820000,2001,8.292262719780293
香港特别行政区,810000,2001,8.234597785425493
安徽省,340000,2002,0.09548544743714492
福建省,350000,2002,0.16519901914951304
甘肃省,620000,2002,0.02949253632863776
广东省,440000,2002,0.6148611603979875
贵州省,520000,2002,0.01817040406613183
海南省,460000,2002,0.09158715934681433
河北省,130000,2002,0.22433049220088777
河南省,410000,2002,0.19236161517570696
黑龙江省,230000,2002,0.08894857378017289
湖北省,420000,2002,0.08392133920976454
湖南省,430000,2002,0.03067432872292431
吉林省,220000,2002,0.11358327672908476
江苏省,320000,2002,0.5857193894501387
江西省,360000,2002,0.04556610569895645
辽宁省,210000,2002,0.27063802471205656
青海省,630000,2002,0.0044893908265894785
山东省,370000,2002,0.423297631408419
山西省,140000,2002,0.21009482521058773
陕西省,610000,2002,0.08964893143660303
四川省,510000,2002,0.028151581571000835
台湾省,710000,2002,2.411160747902268
云南省,530000,2002,0.05265493735310875
浙江省,330000,2002,0.3846288082279026
北京市,110000,2002,3.166174296869953
上海市,310000,2002,7.272370908638487
天津市,120000,2002,2.369376097932753
重庆市,500000,2002,0.08435835574710192
广西壮族自治区,450000,2002,0.030227185532303046
内蒙古自治区,150000,2002,0.019907876930468214
宁夏回族自治区,640000,2002,0.09346872846241497
西藏自治区,540000,2002,0.0011712294192244936
新疆维吾尔自治区,650000,2002,0.019042402320170817
澳门特别行政区,820000,2002,5.039436882469927
香港特别行政区,810000,2002,6.957623774330591
安徽省,340000,2003,0.12204016127057643
福建省,350000,2003,0.21594499346398158
甘肃省,620000,2003,0.027592531925501824
广东省,440000,2003,1.1090503132391187
贵州省,520000,2003,0.036318279230517794
海南省,460000,2003,0.10113949795903843
河北省,130000,2003,0.19146486340925845
河南省,410000,2003,0.1819048688802476
黑龙江省,230000,2003,0.07119422778713583
湖北省,420000,2003,0.08588870289690913
湖南省,430000,2003,0.053666898406147086
吉林省,220000,2003,0.09924163842801537
江苏省,320000,2003,0.7311507209746944
江西省,360000,2003,0.07462339834689036
辽宁省,210000,2003,0.3039587178719606
青海省,630000,2003,0.00518261776039727
山东省,370000,2003,0.49873024432758206
山西省,140000,2003,0.17920073698439662
陕西省,610000,2003,0.08144475546520978
四川省,510000,2003,0.0342499780715879
台湾省,710000,2003,2.1837361903735273
云南省,530000,2003,0.049164576262133955
浙江省,330000,2003,0.5477693144377987
北京市,110000,2003,2.900054539779845
上海市,310000,2003,6.811084775501855
天津市,120000,2003,2.125361494900968
重庆市,500000,2003,0.08015709865430976
广西壮族自治区,450000,2003,0.058077850257618954
内蒙古自治区,150000,2003,0.018486724886658885
宁夏回族自治区,640000,2003,0.10235528098438694
西藏自治区,540000,2003,0.0012295579144470132
新疆维吾尔自治区,650000,2003,0.018357641797344778
澳门特别行政区,820000,2003,5.605335481839257
香港特别行政区,810000,2003,7.838425296434439
安徽省,340000,2004,0.12850507897114954
福建省,350000,2004,0.22687690314107709
甘肃省,620000,2004,0.030550587765245066
广东省,440000,2004,1.0668154548301119
贵州省,520000,2004,0.03872391750624223
海南省,460000,2004,0.1276633089550856
河北省,130000,2004,0.2643265993882765
河南省,410000,2004,0.20881881891336698
黑龙江省,230000,2004,0.07459263227489278
湖北省,420000,2004,0.11032070541809855
湖南省,430000,2004,0.08342537016011974
吉林省,220000,2004,0.10234921194879554
江苏省,320000,2004,0.8172818936770976
江西省,360000,2004,0.0960791034359093
辽宁省,210000,2004,0.2890780441285337
青海省,630000,2004,0.005426872102754959
山东省,370000,2004,0.591861611925083
山西省,140000,2004,0.268968361710475
陕西省,610000,2004,0.1101760470581274
四川省,510000,2004,0.045532538523445666
台湾省,710000,2004,1.7592705297449025
云南省,530000,2004,0.05068270278365632
浙江省,330000,2004,0.5344851471565183
北京市,110000,2004,2.8139097376373994
上海市,310000,2004,5.507663400738232
天津市,120000,2004,2.110469601190094
重庆市,500000,2004,0.10391366667789323
广西壮族自治区,450000,2004,0.058402266939059144
内蒙古自治区,150000,2004,0.02471768839083918
宁夏回族自治区,640000,2004,0.13758888191953317
西藏自治区,540000,2004,0.001475293450024888
新疆维吾尔自治区,650000,2004,0.01991715825312577
澳门特别行政区,820000,2004,3.894068030147465
香港特别行政区,810000,2004,6.680241393545259
安徽省,340000,2005,0.11289966538983551
福建省,350000,2005,0.1842579465965743
甘肃省,620000,2005,0.031085149044469716
广东省,440000,2005,0.842363391153794
贵州省,520000,2005,0.03139413468031635
海南省,460000,2005,0.11039652251845775
河北省,130000,2005,0.2507441137648283
河南省,410000,2005,0.23644898952937943
黑龙江省,230000,2005,0.08336027511017019
湖北省,420000,2005,0.10718099849832492
湖南省,430000,2005,0.06636724166445544
吉林省,220000,2005,0.11944518977724468
江苏省,320000,2005,0.7264154197205461
江西省,360000,2005,0.052024382584967166
辽宁省,210000,2005,0.3067248811708282
青海省,630000,2005,0.005053913305599418
山东省,370000,2005,0.5961158541733833
山西省,140000,2005,0.2671733491907419
陕西省,610000,2005,0.1273742751272973
四川省,510000,2005,0.03212943565362921
台湾省,710000,2005,1.7650865478682851
云南省,530000,2005,0.05530587719594495
浙江省,330000,2005,0.43000826954405413
北京市,110000,2005,3.90933147376157
上海市,310000,2005,6.83226442090219
天津市,120000,2005,2.653189958273477
重庆市,500000,2005,0.11525524885141261
广西壮族自治区,450000,2005,0.0384159226122789
内蒙古自治区,150000,2005,0.023806990641125386
宁夏回族自治区,640000,2005,0.16119669011215254
西藏自治区,540000,2005,0.0012970128255798729
新疆维吾尔自治区,650000,2005,0.02008845275532145
澳门特别行政区,820000,2005,7.415738976546426
香港特别行政区,810000,2005,6.733041289018611
安徽省,340000,2006,0.13825969492288823
福建省,350000,2006,0.1919646355803081
甘肃省,620000,2006,0.035422555982079953
广东省,440000,2006,0.9970011395399845
贵州省,520000,2006,0.032613112361202186
海南省,460000,2006,0.1177957838903351
河北省,130000,2006,0.2938716586221037
河南省,410000,2006,0.33460949885810554
黑龙江省,230000,2006,0.08459695608198256
湖北省,420000,2006,0.0929956407017784
湖南省,430000,2006,0.06231573345885401
吉林省,220000,2006,0.1304298841951126
江苏省,320000,2006,0.995759976872812
江西省,360000,2006,0.044262246236027605
辽宁省,210000,2006,0.3932605590333043
青海省,630000,2006,0.006385614757137584
山东省,370000,2006,0.7878187033862508
山西省,140000,2006,0.2848829800548863
陕西省,610000,2006,0.14480694009548636
四川省,510000,2006,0.04636498212566659
台湾省,710000,2006,2.4253785472836555
云南省,530000,2006,0.06456980258853255
浙江省,330000,2006,0.46143890047863856
北京市,110000,2006,4.264522256041998
上海市,310000,2006,8.4565306829021
天津市,120000,2006,3.533184754571785
重庆市,500000,2006,0.14025310619708298
广西壮族自治区,450000,2006,0.052729365057824114
内蒙古自治区,150000,2006,0.03181144799294053
宁夏回族自治区,640000,2006,0.20419427833310694
西藏自治区,540000,2006,0.0012295606933607887
新疆维吾尔自治区,650000,2006,0.022164746244275307
澳门特别行政区,820000,2006,8.50345828860555
香港特别行政区,810000,2006,7.502344301605865
安徽省,340000,2007,0.1968950208650618
福建省,350000,2007,0.25084950874463735
甘肃省,620000,2007,0.03060219566602917
广东省,440000,2007,0.9990914995950583
贵州省,520000,2007,0.03294649026249829
海南省,460000,2007,0.09742204211691423
河北省,130000,2007,0.3044796135141752
河南省,410000,2007,0.2725811170928671
黑龙江省,230000,2007,0.08884865917300742
湖北省,420000,2007,0.12853357531870685
湖南省,430000,2007,0.07203942270794585
吉林省,220000,2007,0.14793016417414653
江苏省,320000,2007,1.2897195793787135
江西省,360000,2007,0.079009430292587
辽宁省,210000,2007,0.4252309574009926
青海省,630000,2007,0.006094577290105791
山东省,370000,2007,0.7477564154320585
山西省,140000,2007,0.2136947810646891
陕西省,610000,2007,0.1254326122232211
四川省,510000,2007,0.038307396900730574
台湾省,710000,2007,2.475617952667014
云南省,530000,2007,0.06545942774333217
浙江省,330000,2007,0.6873362621561988
北京市,110000,2007,3.9716075558050385
上海市,310000,2007,8.346681715864271
天津市,120000,2007,3.576018357951839
重庆市,500000,2007,0.10618275011545981
广西壮族自治区,450000,2007,0.060981838015506454
内蒙古自治区,150000,2007,0.035993970858115516
宁夏回族自治区,640000,2007,0.1702963598703592
西藏自治区,540000,2007,0.0019357011249128903
新疆维吾尔自治区,650000,2007,0.024009431256014003
澳门特别行政区,820000,2007,7.868669935245517
香港特别行政区,810000,2007,6.631083988007735
安徽省,340000,2008,0.19102821264641587
福建省,350000,2008,0.29341743884495947
甘肃省,620000,2008,0.03475651109947108
广东省,440000,2008,1.0485766175464593
贵州省,520000,2008,0.029218345640479863
海南省,460000,2008,0.10921554181473565
河北省,130000,2008,0.28180952781073615
河南省,410000,2008,0.3292581018739723
黑龙江省,230000,2008,0.09354362095831185
湖北省,420000,2008,0.10458586311189268
湖南省,430000,2008,0.06208927061372328
吉林省,220000,2008,0.14446693643553885
江苏省,320000,2008,1.2623367706884236
江西省,360000,2008,0.07599263284967032
辽宁省,210000,2008,0.430808681268984
青海省,630000,2008,0.007036447058819168
山东省,370000,2008,0.6232722001956408
山西省,140000,2008,0.2318387075276332
陕西省,610000,2008,0.15339979863506234
四川省,510000,2008,0.03466031010789088
台湾省,710000,2008,2.2617723337477047
云南省,530000,2008,0.06235555845296333
浙江省,330000,2008,0.6828193936720256
北京市,110000,2008,3.880370451785472
上海市,310000,2008,7.539040352106136
天津市,120000,2008,3.3985865233754824
重庆市,500000,2008,0.09852154737234833
广西壮族自治区,450000,2008,0.07362202486277192
内蒙古自治区,150000,2008,0.035205718272805095
宁夏回族自治区,640000,2008,0.17044441199071617
西藏自治区,540000,2008,0.0015598824435914462
新疆维吾尔自治区,650000,2008,0.022852172516970415
澳门特别行政区,820000,2008,9.436572265161633
香港特别行政区,810000,2008,7.472828810010898
安徽省,340000,2009,0.10040425403289624
福建省,350000,2009,0.21108663969552788
甘肃省,620000,2009,0.03782573202949542
广东省,440000,2009,0.94697150277103
贵州省,520000,2009,0.031119255882953313
海南省,460000,2009,0.10988317456714448
河北省,130000,2009,0.31260779359101076
河南省,410000,2009,0.23390139378522518
黑龙江省,230000,2009,0.13445393920940144
湖北省,420000,2009,0.04986928922936098
湖南省,430000,2009,0.030161895814314034
吉林省,220000,2009,0.18665281907527476
江苏省,320000,2009,0.7347184951038874
江西省,360000,2009,0.03833115212792029
辽宁省,210000,2009,0.48278806488850007
青海省,630000,2009,0.008040367784930778
山东省,370000,2009,0.6830566427028273
山西省,140000,2009,0.27812926206961164
陕西省,610000,2009,0.15643185722753447
四川省,510000,2009,0.05174275475404609
台湾省,710000,2009,1.9420751562085352
云南省,530000,2009,0.07682925568279424
浙江省,330000,2009,0.31203126475259607
北京市,110000,2009,3.621918762056448
上海市,310000,2009,4.655852008778376
天津市,120000,2009,3.172009626183852
重庆市,500000,2009,0.10249426779485295
广西壮族自治区,450000,2009,0.07339918194682987
内蒙古自治区,150000,2009,0.04459104184473383
宁夏回族自治区,640000,2009,0.207812937475526
西藏自治区,540000,2009,0.002321233663379124
新疆维吾尔自治区,650000,2009,0.026864768798563452
澳门特别行政区,820000,2009,8.814048859933264
香港特别行政区,810000,2009,6.074185329800248
安徽省,340000,2010,0.20124487483411416
福建省,350000,2010,0.21742591270708225
甘肃省,620000,2010,0.042042585377948014
广东省,440000,2010,0.6563048332124467
贵州省,520000,2010,0.033437697135337514
海南省,460000,2010,0.13951094829165586
河北省,130000,2010,0.31782228012386343
河南省,410000,2010,0.25703211708894863
黑龙江省,230000,2010,0.09628310586343906
湖北省,420000,2010,0.10481947149038268
湖南省,430000,2010,0.05404793258560264
吉林省,220000,2010,0.15495907501756445
江苏省,320000,2010,1.3023923443074605
江西省,360000,2010,0.060321098947169055
辽宁省,210000,2010,0.3913599438089526
青海省,630000,2010,0.0080872069608199
山东省,370000,2010,0.6259379545101108
山西省,140000,2010,0.25640603523472744
陕西省,610000,2010,0.21140236800021328
四川省,510000,2010,0.05892841253696023
台湾省,710000,2010,1.8689365302742074
云南省,530000,2010,0.07605633402486002
浙江省,330000,2010,0.6657593320563052
北京市,110000,2010,3.396855417522125
上海市,310000,2010,6.741829705222074
天津市,120000,2010,3.028624177047469
重庆市,500000,2010,0.09081816917497827
广西壮族自治区,450000,2010,0.052721203446706076
内蒙古自治区,150000,2010,0.04114905397695306
宁夏回族自治区,640000,2010,0.2215654791600384
西藏自治区,540000,2010,0.0019460528160295208
新疆维吾尔自治区,650000,2010,0.02248680081903527
澳门特别行政区,820000,2010,6.137541254541944
香港特别行政区,810000,2010,4.488082896205295
安徽省,340000,2011,0.33537705648390936
福建省,350000,2011,0.4270456051488569
甘肃省,620000,2011,0.05065193631185779
广东省,440000,2011,1.2805956897276087
贵州省,520000,2011,0.04532008012580414
海南省,460000,2011,0.19684472568108005
河北省,130000,2011,0.41380334123136575
河南省,410000,2011,0.42112720080294175
黑龙江省,230000,2011,0.12517896289574426
湖北省,420000,2011,0.14536699160756172
湖南省,430000,2011,0.07655183120171567
吉林省,220000,2011,0.1996436802125516
江苏省,320000,2011,1.9209411080545473
江西省,360000,2011,0.09987952542829535
辽宁省,210000,2011,0.5681390106255206
青海省,630000,2011,0.011452990503284733
山东省,370000,2011,0.861920113396861
山西省,140000,2011,0.3142199062960836
陕西省,610000,2011,0.20171029167148186
四川省,510000,2011,0.055099320017090586
台湾省,710000,2011,2.9526742251121605
云南省,530000,2011,0.09744425433477544
浙江省,330000,2011,0.9741017207143847
北京市,110000,2011,4.6075248836651665
上海市,310000,2011,9.11239083749076
天津市,120000,2011,4.0928471012871235
重庆市,500000,2011,0.11057014256281175
广西壮族自治区,450000,2011,0.09433913404245596
内蒙古自治区,150000,2011,0.06007657460558578
宁夏回族自治区,640000,2011,0.3132499665215698
西藏自治区,540000,2011,0.0033890121457144937
新疆维吾尔自治区,650000,2011,0.03528836600801118
澳门特别行政区,820000,2011,20.90137250258188
香港特别行政区,810000,2011,9.633211220606164
安徽省,340000,2012,0.2405782248987436
福建省,350000,2012,0.3765777055787942
甘肃省,620000,2012,0.05476122192492915
广东省,440000,2012,0.810675837105866
贵州省,520000,2012,0.04871299085219699
海南省,460000,2012,0.248188793035863
河北省,130000,2012,0.36440519663116167
河南省,410000,2012,0.3274992059492323
黑龙江省,230000,2012,0.1149953020502509
湖北省,420000,2012,0.10026819471171308
湖南省,430000,2012,0.057326199081816215
吉林省,220000,2012,0.17503691763390988
江苏省,320000,2012,1.3102705963857957
江西省,360000,2012,0.07827630974458757
辽宁省,210000,2012,0.6182322858782321
青海省,630000,2012,0.01335526819970448
山东省,370000,2012,0.6874660387850767
山西省,140000,2012,0.37299017225859915
陕西省,610000,2012,0.2604392491864608
四川省,510000,2012,0.060961912424694495
台湾省,710000,2012,3.6244565198590495
云南省,530000,2012,0.1364579381748574
浙江省,330000,2012,0.9153007510537918
北京市,110000,2012,4.208739700780284
上海市,310000,2012,6.2461647968326695
天津市,120000,2012,3.664606709939311
重庆市,500000,2012,0.1810440985928434
广西壮族自治区,450000,2012,0.0889929219946771
内蒙古自治区,150000,2012,0.05654810654847654
宁夏回族自治区,640000,2012,0.42654801231199907
西藏自治区,540000,2012,0.003544901021990613
新疆维吾尔自治区,650000,2012,0.041344095404559876
澳门特别行政区,820000,2012,20.585859329981435
香港特别行政区,810000,2012,8.254464327180948
安徽省,340000,2013,0.6017985378984545
福建省,350000,2013,0.7436863442698467
甘肃省,620000,2013,0.06966236086880677
广东省,440000,2013,1.361755677658239
贵州省,520000,2013,0.23226268977012704
海南省,460000,2013,0.4119217282637152
河北省,130000,2013,0.45851547848361385
河南省,410000,2013,0.5678289420891918
黑龙江省,230000,2013,0.11125199836210062
湖北省,420000,2013,0.3090259581464526
湖南省,430000,2013,0.23199275240531875
吉林省,220000,2013,0.19286710812027938
江苏省,320000,2013,2.4767638307170965
江西省,360000,2013,0.18939988571059407
辽宁省,210000,2013,0.598740061649815
青海省,630000,2013,0.01596436027204682
山东省,370000,2013,0.8866207873195252
山西省,140000,2013,0.4525224829067127
陕西省,610000,2013,0.4052152467060078
四川省,510000,2013,0.19747798776322723
台湾省,710000,2013,3.6752543616607554
云南省,530000,2013,0.16386230959633938
浙江省,330000,2013,1.555070110927186
北京市,110000,2013,3.4168559717759117
上海市,310000,2013,11.794577491921595
天津市,120000,2013,4.371101124899426
重庆市,500000,2013,0.4300489259607549
广西壮族自治区,450000,2013,0.19870640635414677
内蒙古自治区,150000,2013,0.046421072800085866
宁夏回族自治区,640000,2013,0.43315429465917743
西藏自治区,540000,2013,0.004276351227299754
新疆维吾尔自治区,650000,2013,0.0372797077599218
澳门特别行政区,820000,2013,25.75142805005596
香港特别行政区,810000,2013,12.56882644314875
安徽省,340000,2014,0.5910314839262873
福建省,350000,2014,0.7561468495249712
甘肃省,620000,2014,0.07353962607933766
广东省,440000,2014,1.3790434804157732
贵州省,520000,2014,0.22464684677741434
海南省,460000,2014,0.4533977385183817
河北省,130000,2014,0.4848267832802902
河南省,410000,2014,0.5722102629515743
黑龙江省,230000,2014,0.09902114620413552
湖北省,420000,2014,0.30414976389832765
湖南省,430000,2014,0.22697604030683283
吉林省,220000,2014,0.17645817107775938
江苏省,320000,2014,2.4172792522296485
江西省,360000,2014,0.17459253542458208
辽宁省,210000,2014,0.5827678769617202
青海省,630000,2014,0.017374489387642085
山东省,370000,2014,0.9305059998670663
山西省,140000,2014,0.4391738743493127
陕西省,610000,2014,0.3874345571873815
四川省,510000,2014,0.18542254801216276
台湾省,710000,2014,3.810436658603194
云南省,530000,2014,0.1662728626471432
浙江省,330000,2014,1.537933255097631
北京市,110000,2014,3.517669086585679
上海市,310000,2014,11.229328669322118
天津市,120000,2014,4.497284429508051
重庆市,500000,2014,0.4043060907713149
广西壮族自治区,450000,2014,0.21530672061557898
内蒙古自治区,150000,2014,0.04554824148172714
宁夏回族自治区,640000,2014,0.4545846347485573
西藏自治区,540000,2014,0.003805344494402347
新疆维吾尔自治区,650000,2014,0.04411726796620524
澳门特别行政区,820000,2014,25.57473926363447
香港特别行政区,810000,2014,13.122602540378296
安徽省,340000,2015,0.6078959000474216
福建省,350000,2015,0.781742262991782
甘肃省,620000,2015,0.07016749121225843
广东省,440000,2015,1.3947265983831452
贵州省,520000,2015,0.2348547944912092
海南省,460000,2015,0.4629476403937805
河北省,130000,2015,0.4644275006678846
河南省,410000,2015,0.5754349084658119
黑龙江省,230000,2015,0.0938503828673169
湖北省,420000,2015,0.3160066103086581
湖南省,430000,2015,0.23572767753870913
吉林省,220000,2015,0.18850428596239646
江苏省,320000,2015,2.4580126816373125
江西省,360000,2015,0.18755918320102238
辽宁省,210000,2015,0.5603057852788546
青海省,630000,2015,0.01681951942755551
山东省,370000,2015,0.9123615960250456
山西省,140000,2015,0.3955151297697499
陕西省,610000,2015,0.3648589848701505
四川省,510000,2015,0.18549686541745525
台湾省,710000,2015,3.923648481316377
云南省,530000,2015,0.16292231468391338
浙江省,330000,2015,1.5926713399113834
北京市,110000,2015,3.5833503845762418
上海市,310000,2015,11.591155231944903
天津市,120000,2015,4.34434022947884
重庆市,500000,2015,0.4163996104793353
广西壮族自治区,450000,2015,0.22851898635961582
内蒙古自治区,150000,2015,0.03995236837809389
宁夏回族自治区,640000,2015,0.39648190088475044
西藏自治区,540000,2015,0.004477659947729184
新疆维吾尔自治区,650000,2015,0.042146189424573724
澳门特别行政区,820000,2015,25.010024437357806
香港特别行政区,810000,2015,12.585347441976815
安徽省,340000,2016,0.6673422453974718
福建省,350000,2016,0.762286968206361
甘肃省,620000,2016,0.0776794080368829
广东省,440000,2016,1.328873581530519
贵州省,520000,2016,0.30934535039140654
海南省,460000,2016,0.4708892476615647
河北省,130000,2016,0.5057900048777817
河南省,410000,2016,0.6087373348503572
黑龙江省,230000,2016,0.10800236426977533
湖北省,420000,2016,0.3286769050995771
湖南省,430000,2016,0.26625744017591035
吉林省,220000,2016,0.20453884003516065
江苏省,320000,2016,2.5772621854191526
江西省,360000,2016,0.2128396976880596
辽宁省,210000,2016,0.5861732298947017
青海省,630000,2016,0.017998175023503208
山东省,370000,2016,0.9651157683734866
山西省,140000,2016,0.4062435789835435
陕西省,610000,2016,0.3830352357870849
四川省,510000,2016,0.21743242167746002
台湾省,710000,2016,3.9113624552476742
云南省,530000,2016,0.16574069345085524
浙江省,330000,2016,1.683101509641736
北京市,110000,2016,4.029353372471829
上海市,310000,2016,11.515567764462416
天津市,120000,2016,4.565421108323495
重庆市,500000,2016,0.5097956082367071
广西壮族自治区,450000,2016,0.24168456828732987
内蒙古自治区,150000,2016,0.045913379736896416
宁夏回族自治区,640000,2016,0.47397192069460803
西藏自治区,540000,2016,0.004800006325049473
新疆维吾尔自治区,650000,2016,0.04666862226999867
澳门特别行政区,820000,2016,21.920356820007466
香港特别行政区,810000,2016,11.69272022859415
安徽省,340000,2017,0.8284224661909169
福建省,350000,2017,0.9929237493026047
甘肃省,620000,2017,0.08394037802316394
广东省,440000,2017,1.5890513411656064
贵州省,520000,2017,0.35408431519622785
海南省,460000,2017,0.5681110248759423
河北省,130000,2017,0.6288271411841999
河南省,410000,2017,0.7640136980430126
黑龙江省,230000,2017,0.12091502328587848
湖北省,420000,2017,0.40090006403079725
湖南省,430000,2017,0.32021441672492623
吉林省,220000,2017,0.24816460577264643
江苏省,320000,2017,2.989957824466795
江西省,360000,2017,0.2740950585656443
辽宁省,210000,2017,0.6585351567483018
青海省,630000,2017,0.019777247201352304
山东省,370000,2017,1.209607956606751
山西省,140000,2017,0.48386497536026635
陕西省,610000,2017,0.4458923515071871
四川省,510000,2017,0.23110581685911388
台湾省,710000,2017,4.348959970001573
云南省,530000,2017,0.19302098134821152
浙江省,330000,2017,2.049818998707751
北京市,110000,2017,4.193956301933285
上海市,310000,2017,12.667320054946364
天津市,120000,2017,5.2410991985383255
重庆市,500000,2017,0.5539816113276032
广西壮族自治区,450000,2017,0.2664389374363764
内蒙古自治区,150000,2017,0.05290844932577485
宁夏回族自治区,640000,2017,0.5478209778878949
西藏自治区,540000,2017,0.005579408097976635
新疆维吾尔自治区,650000,2017,0.05563504994656663
澳门特别行政区,820000,2017,27.345488513323126
香港特别行政区,810000,2017,13.118287632616648
安徽省,340000,2018,0.9070657270409566
福建省,350000,2018,1.048338476334811
甘肃省,620000,2018,0.1005140603717071
广东省,440000,2018,1.7576222158332286
贵州省,520000,2018,0.38377645679456607
海南省,460000,2018,0.5987887529777186
河北省,130000,2018,0.6562094204586709
河南省,410000,2018,0.8595294181857579
黑龙江省,230000,2018,0.1264675789437082
湖北省,420000,2018,0.4526942868245596
湖南省,430000,2018,0.36184109372200723
吉林省,220000,2018,0.268353577420504
江苏省,320000,2018,3.19545463797897
江西省,360000,2018,0.3234362676698785
辽宁省,210000,2018,0.7277462138352482
青海省,630000,2018,0.02286800155760632
山东省,370000,2018,1.3872158492212514
山西省,140000,2018,0.5133598654219673
陕西省,610000,2018,0.48654780099919914
四川省,510000,2018,0.2698351416187744
台湾省,710000,2018,4.371201627268223
云南省,530000,2018,0.21926035408153788
浙江省,330000,2018,2.1461944552162255
北京市,110000,2018,4.308935423614523
上海市,310000,2018,12.762740577757603
天津市,120000,2018,5.376176086686969
重庆市,500000,2018,0.6388764386403261
广西壮族自治区,450000,2018,0.2960632729160825
内蒙古自治区,150000,2018,0.055008425140222465
宁夏回族自治区,640000,2018,0.5673172124218245
西藏自治区,540000,2018,0.00633982765576815
新疆维吾尔自治区,650000,2018,0.06404069560759806
澳门特别行政区,820000,2018,26.26364866448538
香港特别行政区,810000,2018,13.747842471346779
安徽省,340000,2019,1.0431127577530916
福建省,350000,2019,1.1073292468123828
甘肃省,620000,2019,0.10065757987717493
广东省,440000,2019,1.9168976915398286
贵州省,520000,2019,0.37145077459351644
海南省,460000,2019,0.763244697843234
河北省,130000,2019,0.7678173996000015
河南省,410000,2019,0.9944338196734969
黑龙江省,230000,2019,0.1322533778784254
湖北省,420000,2019,0.5063504144661499
湖南省,430000,2019,0.38890502038299507
吉林省,220000,2019,0.3003891958321635
江苏省,320000,2019,3.736740038438828
江西省,360000,2019,0.3580746843817926
辽宁省,210000,2019,0.7464536815530931
青海省,630000,2019,0.025215728152399853
山东省,370000,2019,1.5615126646306041
山西省,140000,2019,0.5948783988487921
陕西省,610000,2019,0.5163080298830289
四川省,510000,2019,0.2951373158081939
台湾省,710000,2019,4.469535154523637
云南省,530000,2019,0.2330406824886699
浙江省,330000,2019,2.441877964384328
北京市,110000,2019,4.996566266937492
上海市,310000,2019,16.748503551447456
天津市,120000,2019,6.425131714634329
重庆市,500000,2019,0.6606801252844062
广西壮族自治区,450000,2019,0.3148068101525771
内蒙古自治区,150000,2019,0.06089762502605094
宁夏回族自治区,640000,2019,0.5521086711982239
西藏自治区,540000,2019,0.007862228333759661
新疆维吾尔自治区,650000,2019,0.06933592445395043
澳门特别行政区,820000,2019,73.71653265593967
香港特别行政区,810000,2019,17.044431351526097
安徽省,340000,2020,1.1137735590956521
福建省,350000,2020,1.132531272228418
甘肃省,620000,2020,0.09980810944774256
广东省,440000,2020,2.0984386800236394
贵州省,520000,2020,0.3372836934735751
海南省,460000,2020,0.8126847883165031
河北省,130000,2020,0.8281637449357545
河南省,410000,2020,1.0816891558227384
黑龙江省,230000,2020,0.12121068575952117
湖北省,420000,2020,0.5366370187940626
湖南省,430000,2020,0.37796490357361406
吉林省,220000,2020,0.3193918645650792
江苏省,320000,2020,4.007560241333131
江西省,360000,2020,0.39508686223280015
辽宁省,210000,2020,0.7440736059851274
青海省,630000,2020,0.027447256182881054
山东省,370000,2020,1.7402718109223725
山西省,140000,2020,0.631922549207792
陕西省,610000,2020,0.5146087061881305
四川省,510000,2020,0.31487306964063944
台湾省,710000,2020,4.509667353372236
云南省,530000,2020,0.2292001254207196
浙江省,330000,2020,2.6601600953015887
北京市,110000,2020,5.112193923004255
上海市,310000,2020,17.104376026491206
天津市,120000,2020,6.593823383550569
重庆市,500000,2020,0.7065709619197642
广西壮族自治区,450000,2020,0.33247988015572
内蒙古自治区,150000,2020,0.059835510025897654
宁夏回族自治区,640000,2020,0.564808988619991
西藏自治区,540000,2020,0.009256864007450861
新疆维吾尔自治区,650000,2020,0.0685549823260544
澳门特别行政区,820000,2020,71.62153086766472
香港特别行政区,810000,2020,17.45859776459554
安徽省,340000,2021,1.2424152605583045
福建省,350000,2021,1.3413697616260414
甘肃省,620000,2021,0.11184631885617304
广东省,440000,2021,2.5804221193455144
贵州省,520000,2021,0.36282341874165386
海南省,460000,2021,1.0625802369932027
河北省,130000,2021,0.9060455071618924
河南省,410000,2021,1.237489134593173
黑龙江省,230000,2021,0.1276147275722829
湖北省,420000,2021,0.6282018525930964
湖南省,430000,2021,0.41051398144296336
吉林省,220000,2021,0.3740936803691541
江苏省,320000,2021,4.340714552474481
江西省,360000,2021,0.48390853389387734
辽宁省,210000,2021,0.790531277799489
青海省,630000,2021,0.03259398717364857
山东省,370000,2021,1.9316736638960639
山西省,140000,2021,0.6867082918546844
陕西省,610000,2021,0.5922110387739322
四川省,510000,2021,0.34226661790758595
台湾省,710000,2021,4.60748204548724
云南省,530000,2021,0.2520583871552062
浙江省,330000,2021,3.022120016747202
北京市,110000,2021,5.404033674937626
上海市,310000,2021,17.63661630382922
天津市,120000,2021,6.901686437754318
重庆市,500000,2021,0.7913241456859526
广西壮族自治区,450000,2021,0.39496887350031845
内蒙古自治区,150000,2021,0.06070843713045068
宁夏回族自治区,640000,2021,0.6369122438666349
西藏自治区,540000,2021,0.01100987530077249
新疆维吾尔自治区,650000,2021,0.07304268300086618
澳门特别行政区,820000,2021,85.7699944967463
香港特别行政区,810000,2021,18.729491481256566
安徽省,340000,2022,1.3555589220165476
福建省,350000,2022,1.3392883405001486
甘肃省,620000,2022,0.12018604673102294
广东省,440000,2022,2.6000230977357863
贵州省,520000,2022,0.3259433629818207
海南省,460000,2022,1.1290519951434683
河北省,130000,2022,0.9812494268214647
河南省,410000,2022,1.2865542922449014
黑龙江省,230000,2022,0.1356216461351569
湖北省,420000,2022,0.7255455841320791
湖南省,430000,2022,0.4400276809659953
吉林省,220000,2022,0.3671842085345801
江苏省,320000,2022,4.520412372898902
江西省,360000,2022,0.5073606444177955
辽宁省,210000,2022,0.7962151761334677
青海省,630000,2022,0.03151314804642755
山东省,370000,2022,2.029553304173274
山西省,140000,2022,0.754659074013379
陕西省,610000,2022,0.6369705058101666
四川省,510000,2022,0.3679318839873134
台湾省,710000,2022,4.44234320465005
云南省,530000,2022,0.24579949004216226
浙江省,330000,2022,3.162697918701916
北京市,110000,2022,5.713290669545492
上海市,310000,2022,18.069345653580438
天津市,120000,2022,7.226964779102663
重庆市,500000,2022,0.8251770138274456
广西壮族自治区,450000,2022,0.38837202337253063
内蒙古自治区,150000,2022,0.06980894063661715
宁夏回族自治区,640000,2022,0.7289763879892045
西藏自治区,540000,2022,0.012102383709234225
新疆维吾尔自治区,650000,2022,0.0826379355117608
澳门特别行政区,820000,2022,74.60384503275006
香港特别行政区,810000,2022,17.99449223068707
