"SgnYear","CityCode","CityName","AverageTemperature","AverageRelativeHumidity","Precipitation","SunshineHours"
"1995","110000","北京市","13.3000","","572.5000","2519.1000"
"1995","120000","天津市","12.7000","","716.0000","2618.3000"
"1995","130100","石家庄市","14.2000","","687.3000","1990.1000"
"1995","140100","太原市","10.2000","","492.3000","2590.8000"
"1995","150100","呼和浩特市","6.8000","","463.5000","2749.7000"
"1995","210100","沈阳市","8.6000","","880.7000","2320.8000"
"1995","210200","大连市","11.4000","","656.7000","2716.8000"
"1995","220100","长春市","6.3000","","560.0000","2596.8000"
"1995","230100","哈尔滨市","4.6000","","424.7000","2472.1000"
"1995","310000","上海市","16.7000","","1304.2000","2083.5000"
"1995","320100","南京市","15.8000","","770.7000","2155.5000"
"1995","330100","杭州市","16.5000","","1449.3000","1912.2000"
"1995","340100","合肥市","16.4000","","584.1000","1955.0000"
"1995","350100","福州市","19.7000","","984.2000","1434.0000"
"1995","360100","南昌市","17.8000","","1817.2000","1858.5000"
"1995","370100","济南市","15.2000","","596.8000","2410.8000"
"1995","370200","青岛市","13.0000","","546.5000","2452.0000"
"1995","410100","郑州市","14.8000","","548.6000","2292.5000"
"1995","420100","武汉市","17.4000","","1296.3000","2002.3000"
"1995","430100","长沙市","17.3000","","1513.2000","1488.5000"
"1995","440100","广州市","22.3000","","1752.4000","1559.6000"
"1995","450100","南宁市","21.8000","","1173.2000","1263.7000"
"1995","460100","海口市","24.3000","","1793.0000","1886.0000"
"1995","450300","桂林市","19.1000","","1423.6000","1495.3000"
"1995","510100","成都市","16.5000","","904.5000","1021.4000"
"1995","500000","重庆市","18.3000","","923.5000","993.6000"
"1995","520100","贵阳市","15.1000","","1073.7000","942.3000"
"1995","530100","昆明市","15.6000","","1026.6000","2099.3000"
"1995","540100","拉萨市","8.9000","","517.8000","2985.4000"
"1995","610100","西安市","14.7000","","312.2000","1703.4000"
"1995","620100","兰州市","10.0000","","368.2000","2269.3000"
"1995","630100","西宁市","5.1000","","379.6000","2532.9000"
"1995","640100","银川市","9.0000","","233.1000","2931.3000"
"1995","650100","乌鲁木齐市","7.7000","","240.7000","2654.0000"
"1996","110000","北京市","12.7000","51.0000","700.9000","2418.7000"
"1996","120000","天津市","12.2000","58.0000","472.1000","2333.5000"
"1996","130100","石家庄市","13.5000","59.0000","1097.1000","2190.5000"
"1996","140100","太原市","9.8000","58.0000","652.0000","2211.3000"
"1996","150100","呼和浩特市","6.5000","51.0000","353.7000","2766.9000"
"1996","210100","沈阳市","8.1000","62.0000","721.3000","2359.8000"
"1996","210200","大连市","10.9000","64.0000","660.4000","2647.3000"
"1996","220100","长春市","5.9000","60.0000","490.2000","2575.3000"
"1996","230100","哈尔滨市","5.0000","59.0000","480.7000","2554.7000"
"1996","310000","上海市","16.2000","75.0000","1022.9000","1854.0000"
"1996","320100","南京市","15.4000","75.0000","1213.5000","1838.2000"
"1996","330100","杭州市","16.5000","76.0000","1481.7000","1701.8000"
"1996","340100","合肥市","15.8000","75.0000","1157.8000","1769.3000"
"1996","350100","福州市","19.9000","74.0000","1338.7000","1494.9000"
"1996","360100","南昌市","17.6000","77.0000","1352.8000","1669.3000"
"1996","370100","济南市","14.7000","57.0000","834.0000","2223.0000"
"1996","370200","青岛市","12.5000","69.0000","749.6000","2182.8000"
"1996","410100","郑州市","14.2000","66.0000","628.3000","1823.8000"
"1996","420100","武汉市","16.8000","75.0000","1319.5000","1752.3000"
"1996","430100","长沙市","16.8000","81.0000","1396.1000","1378.1000"
"1996","440100","广州市","21.6000","78.0000","1683.4000","1564.7000"
"1996","450100","南宁市","21.7000","76.0000","1185.1000","1398.2000"
"1996","460100","海口市","24.3000","83.0000","1406.0000","1881.2000"
"1996","450300","桂林市","18.7000","74.0000","2106.4000","1552.8000"
"1996","510100","成都市","16.0000","80.0000","711.0000","928.2000"
"1996","500000","重庆市","17.7000","81.0000","1398.3000","899.4000"
"1996","520100","贵阳市","15.0000","76.0000","1177.5000","999.1000"
"1996","530100","昆明市","15.6000","71.0000","865.7000","2156.6000"
"1996","540100","拉萨市","8.5000","44.0000","448.9000","3018.6000"
"1996","610100","西安市","13.7000","68.0000","713.4000","1447.8000"
"1996","620100","兰州市","9.6000","54.0000","368.8000","2340.7000"
"1996","630100","西宁市","4.9000","60.0000","402.1000","2559.4000"
"1996","640100","银川市","9.6000","56.0000","153.2000","2842.4000"
"1996","650100","乌鲁木齐市","6.7000","58.0000","390.9000","2239.0000"
"1997","110000","北京市","13.1000","56.0000","430.9000","2596.5000"
"1997","120000","天津市","13.1000","64.0000","378.1000","2612.6000"
"1997","130100","石家庄市","14.4000","59.0000","328.8000","2410.0000"
"1997","140100","太原市","10.1000","55.0000","247.8000","2521.7000"
"1997","150100","呼和浩特市","-7.8000","50.0000","386.7000","2838.5000"
"1997","210100","沈阳市","8.8000","61.0000","571.8000","2468.3000"
"1997","210200","大连市","11.8000","60.0000","528.7000","2885.1000"
"1997","220100","长春市","6.7000","60.0000","574.8000","2792.5000"
"1997","230100","哈尔滨市","5.7000","60.0000","481.9000","2614.6000"
"1997","310000","上海市","16.9000","75.0000","1175.5000","1665.3000"
"1997","320100","南京市","16.2000","75.0000","902.8000","2020.5000"
"1997","330100","杭州市","17.1000","76.0000","1435.2000","1640.3000"
"1997","340100","合肥市","16.7000","73.0000","697.2000","1988.1000"
"1997","350100","福州市","20.1000","77.0000","1832.3000","1360.1000"
"1997","360100","南昌市","17.8000","79.0000","1725.4000","1449.7000"
"1997","370100","济南市","15.4000","55.0000","618.1000","2498.2000"
"1997","370200","青岛市","13.5000","70.0000","464.3000","2615.6000"
"1997","410100","郑州市","14.9000","64.0000","354.9000","2181.8000"
"1997","420100","武汉市","17.5000","75.0000","946.6000","1908.2000"
"1997","430100","长沙市","17.2000","82.0000","1824.3000","1425.7000"
"1997","440100","广州市","22.0000","80.0000","1997.9000","1209.8000"
"1997","450100","南宁市","22.2000","79.0000","1489.8000","1201.5000"
"1997","460100","海口市","24.6000","84.0000","2191.2000","1721.3000"
"1997","450300","桂林市","18.9000","77.0000","1949.5000","1197.6000"
"1997","500000","重庆市","18.5000","79.0000","898.8000","943.0000"
"1997","510100","成都市","16.8000","79.0000","783.2000","938.9000"
"1997","520100","贵阳市","15.4000","77.0000","1115.1000","883.1000"
"1997","530100","昆明市","15.4000","69.0000","1382.7000","2118.8000"
"1997","540100","拉萨市","7.5000","46.0000","321.5000","2979.4000"
"1997","610100","西安市","14.8000","64.0000","361.7000","1412.7000"
"1997","620100","兰州市","10.9000","49.0000","235.4000","2648.8000"
"1997","630100","西宁市","5.5000","59.0000","409.9000","2786.1000"
"1997","640100","银川市","10.2000","55.0000","156.4000","2965.1000"
"1997","650100","乌鲁木齐市","8.8000","50.0000","159.8000","2507.2000"
"1998","110000","北京市","13.1000","62.0000","731.7000","2420.7000"
"1998","120000","天津市","13.4000","68.0000","500.6000","2206.9000"
"1998","130100","石家庄市","15.0000","62.0000","374.7000","1910.0000"
"1998","140100","太原市","11.5000","58.0000","372.9000","2528.4000"
"1998","150100","呼和浩特市","8.3000","57.0000","562.2000","2643.4000"
"1998","210100","沈阳市","9.7000","63.0000","857.6000","2295.2000"
"1998","210200","大连市","11.8000","67.0000","818.8000","2377.8000"
"1998","220100","长春市","7.4000","61.0000","623.3000","2622.1000"
"1998","230100","哈尔滨市","5.5000","67.0000","659.4000","2388.7000"
"1998","310000","上海市","17.8000","77.0000","1136.9000","1720.2000"
"1998","320100","南京市","16.7000","78.0000","1239.0000","2112.2000"
"1998","330100","杭州市","17.9000","77.0000","1538.4000","1746.9000"
"1998","340100","合肥市","17.1000","76.0000","1123.0000","1956.9000"
"1998","350100","福州市","21.1000","77.0000","1328.5000","1330.6000"
"1998","360100","南昌市","18.8000","79.0000","2344.2000","1860.8000"
"1998","370100","济南市","16.0000","60.0000","772.5000","2228.9000"
"1998","370200","青岛市","13.7000","75.0000","856.0000","2086.8000"
"1998","410100","郑州市","15.5000","68.0000","781.8000","1940.3000"
"1998","420100","武汉市","18.2000","75.0000","1739.2000","2019.6000"
"1998","430100","长沙市","18.1000","81.0000","1822.3000","1448.1000"
"1998","440100","广州市","22.8000","78.0000","1736.1000","1469.4000"
"1998","450100","南宁市","23.0000","76.0000","1274.0000","1452.8000"
"1998","460100","海口市","25.4000","83.0000","1567.5000","1886.3000"
"1998","450300","桂林市","19.9000","74.0000","2143.4000","1491.2000"
"1998","500000","重庆市","19.2000","80.0000","1498.0000","941.9000"
"1998","510100","成都市","17.4000","80.0000","905.6000","961.2000"
"1998","520100","贵阳市","17.3000","75.0000","1226.1000","1057.9000"
"1998","530100","昆明市","16.5000","67.0000","1193.8000","2131.1000"
"1998","540100","拉萨市","9.0000","46.0000","580.9000","2750.9000"
"1998","610100","西安市","15.0000","69.0000","600.5000","1585.8000"
"1998","620100","兰州市","11.4000","53.0000","319.2000","2539.7000"
"1998","630100","西宁市","6.3000","61.0000","460.3000","2479.9000"
"1998","640100","银川市","10.5000","58.0000","197.7000","2578.1000"
"1998","650100","乌鲁木齐市","7.8000","61.0000","419.2000","2217.6000"
"1999","110000","北京市","13.0583","53.0000","279.8000","2403.0000"
"1999","120000","天津市","13.0667","64.0000","377.7000","2331.0000"
"1999","130100","石家庄市","14.7083","58.0000","518.3000","2204.0000"
"1999","140100","太原市","11.4833","51.0000","343.3000","2593.0000"
"1999","150100","呼和浩特市","8.3667","47.0000","256.1000","2792.0000"
"1999","210100","沈阳市","8.9167","60.0000","496.1000","2275.0000"
"1999","210200","大连市","11.9833","63.0000","250.4000","2847.0000"
"1999","220100","长春市","6.0333","60.0000","463.4000","2811.0000"
"1999","230100","哈尔滨市","4.8083","64.0000","398.0000","2528.0000"
"1999","310000","上海市","16.5583","77.0000","1419.3000","1531.0000"
"1999","320100","南京市","15.6750","76.0000","1231.3000","1815.0000"
"1999","330100","杭州市","16.6750","77.0000","1814.1000","1524.0000"
"1999","340100","合肥市","16.2667","74.0000","894.6000","1787.0000"
"1999","350100","福州市","20.3917","74.0000","1492.7000","1515.0000"
"1999","360100","南昌市","18.1167","78.0000","2366.5000","1600.0000"
"1999","370100","济南市","15.0583","56.0000","555.0000","1984.0000"
"1999","370200","青岛市","13.6667","72.0000","614.0000","2235.0000"
"1999","410100","郑州市","15.3667","63.0000","640.2000","1996.0000"
"1999","420100","武汉市","17.4500","75.0000","1358.3000","1764.0000"
"1999","430100","长沙市","17.2250","81.0000","1544.8000","1268.0000"
"1999","440100","广州市","22.4167","74.0000","1577.2000","1600.0000"
"1999","450100","南宁市","21.6583","78.0000","1211.4000","1602.0000"
"1999","460100","海口市","24.5333","82.0000","1296.8000","1807.0000"
"1999","450300","桂林市","19.4417","73.0000","1777.0000","1465.0000"
"1999","500000","重庆市","18.3583","80.0000","1295.3000","833.0000"
"1999","510100","成都市","16.7000","78.0000","784.8000","826.0000"
"1999","520100","贵阳市","15.9000","76.0000","1171.1000","923.0000"
"1999","530100","昆明市","16.3167","68.0000","1428.1000","2085.0000"
"1999","540100","拉萨市","9.0083","41.0000","506.1000","2823.0000"
"1999","610100","西安市","14.9750","63.0000","588.4000","1368.0000"
"1999","620100","兰州市","11.0833","49.0000","1212.9000","2674.0000"
"1999","630100","西宁市","6.0667","57.0000","396.1000","2501.0000"
"1999","640100","银川市","9.4750","52.0000","169.2000","2754.0000"
"1999","650100","乌鲁木齐市","7.9500","58.0000","336.3000","2325.0000"
"2000","110000","北京市","12.8250","54.2500","371.1000","2667.2000"
"2000","120000","天津市","12.8667","64.4167","458.8000","2247.8000"
"2000","130100","石家庄市","13.9250","60.8333","595.9000","2007.8000"
"2000","140100","太原市","10.7167","56.4167","419.3000","2438.7000"
"2000","150100","呼和浩特市","7.5417","50.0000","316.8000","2741.1000"
"2000","210100","沈阳市","8.3250","62.8333","501.5000","2366.7000"
"2000","210200","大连市","11.4417","63.1667","419.2000","2704.5000"
"2000","220100","长春市","5.6333","64.0833","416.3000","2711.5000"
"2000","230100","哈尔滨市","4.6083","65.8333","488.0000","2506.5000"
"2000","310000","上海市","17.1833","76.3333","1331.7000","1649.5000"
"2000","320100","南京市","16.4250","74.5000","1029.6000","1933.3000"
"2000","330100","杭州市","17.2167","76.3333","1198.3000","1513.8000"
"2000","340100","合肥市","16.7250","73.6667","901.9000","1704.5000"
"2000","350100","福州市","20.4667","76.0000","1560.2000","1449.5000"
"2000","360100","南昌市","17.9000","79.4167","1436.0000","1712.3000"
"2000","370100","济南市","14.5333","60.5000","721.2000","2233.9000"
"2000","370200","青岛市","13.2167","71.1667","788.2000","2360.6000"
"2000","410100","郑州市","14.9917","66.4167","637.1000","1880.4000"
"2000","420100","武汉市","17.6917","75.0000","1179.8000","1752.2000"
"2000","430100","长沙市","17.1417","82.7500","1507.8000","1295.9000"
"2000","440100","广州市","22.4500","76.3333","1798.9000","1609.2000"
"2000","450100","南宁市","21.4750","79.0000","905.0000","1478.2000"
"2000","460100","海口市","24.5167","83.2500","2163.7000","1800.0000"
"2000","450300","桂林市","18.8333","75.8333","2056.1000","1472.8000"
"2000","500000","重庆市","18.1750","80.0833","1010.9000","961.1000"
"2000","510100","成都市","16.5750","78.4167","783.3000","1010.2000"
"2000","520100","贵阳市","13.8333","82.4167","1441.2000","1068.2000"
"2000","530100","昆明市","15.6250","69.9167","886.0000","1995.5000"
"2000","540100","拉萨市","8.3750","44.6667","529.7000","2672.9000"
"2000","610100","西安市","14.4917","66.4167","539.0000","1091.9000"
"2000","620100","兰州市","10.9667","52.0000","359.9000","2657.3000"
"2000","630100","西宁市","5.7500","59.6667","343.0000","2534.2000"
"2000","640100","银川市","9.6167","53.1667","133.8000","2759.3000"
"2000","650100","乌鲁木齐市","7.2500","58.5833","332.3000","2570.5000"
"2001","110000","北京市","12.8833","56.2500","338.9000","2611.7000"
"2001","120000","天津市","13.0500","61.7500","502.9000","2100.7000"
"2001","130100","石家庄市","14.4000","59.9167","303.2000","2127.3000"
"2001","140100","太原市","10.9917","56.4167","298.0000","2390.2000"
"2001","150100","呼和浩特市","8.2333","49.1667","296.1000","2636.7000"
"2001","210100","沈阳市","8.3750","62.0000","583.8000","2300.8000"
"2001","210200","大连市","11.5333","62.7500","485.9000","2715.4000"
"2001","220100","长春市","6.0500","60.0000","389.9000","2843.9000"
"2001","230100","哈尔滨市","4.8417","62.7500","385.2000","2599.6000"
"2001","310000","上海市","17.2083","75.8333","1276.8000","1914.9000"
"2001","320100","南京市","16.5667","72.7500","737.3000","1870.8000"
"2001","330100","杭州市","17.2833","76.2500","1566.6000","1664.4000"
"2001","340100","合肥市","16.8083","71.9167","794.3000","1662.2000"
"2001","350100","福州市","20.6333","75.8333","1273.0000","1631.8000"
"2001","360100","南昌市","18.2083","77.4167","1416.5000","1917.9000"
"2001","370100","济南市","14.6250","57.7500","599.3000","2314.0000"
"2001","370200","青岛市","13.1583","70.9167","766.0000","2374.7000"
"2001","410100","郑州市","15.0583","63.5000","401.8000","2045.2000"
"2001","420100","武汉市","18.0250","71.9167","899.8000","2106.3000"
"2001","430100","长沙市","17.5667","80.1667","1451.5000","1555.1000"
"2001","440100","广州市","22.5333","76.2500","2678.9000","1651.0000"
"2001","450100","南宁市","21.2833","83.3333","1987.5000","1337.8000"
"2001","460100","海口市","24.8583","82.7500","2247.0000","1606.9000"
"2001","450300","桂林市","19.2417","75.5833","1419.1000","1402.9000"
"2001","500000","重庆市","18.8000","78.7500","814.8000","1050.4000"
"2001","510100","成都市","17.3167","75.5833","826.2000","1065.2000"
"2001","520100","贵阳市","14.4500","80.1667","942.3000","997.9000"
"2001","530100","昆明市","16.0333","68.7500","1173.0000","2068.7000"
"2001","540100","拉萨市","8.7833","44.9167","492.3000","2819.2000"
"2001","610100","西安市","14.9500","63.5000","405.9000","1378.7000"
"2001","620100","兰州市","11.0000","50.0000","270.3000","2501.9000"
"2001","630100","西宁市","6.0250","56.9167","397.8000","2465.2000"
"2001","640100","银川市","10.1417","52.9167","163.2000","2869.9000"
"2001","650100","乌鲁木齐市","7.7000","58.0000","277.7000","2504.3000"
"2002","110000","北京市","13.1000","49.0000","370.1000","2508.0000"
"2002","120000","天津市","13.2000","61.0000","375.8000","2061.0000"
"2002","130100","石家庄市","14.4000","55.0000","447.4000","2304.0000"
"2002","140100","太原市","10.9000","54.0000","419.4000","2333.0000"
"2002","150100","呼和浩特市","8.0000","45.0000","482.7000","2579.0000"
"2002","210100","沈阳市","9.2000","55.0000","679.2000","2119.0000"
"2002","210200","大连市","11.8000","58.0000","312.6000","2474.0000"
"2002","220100","长春市","6.8000","55.0000","489.9000","2608.0000"
"2002","230100","哈尔滨市","5.4000","63.0000","599.3000","2169.0000"
"2002","310000","上海市","17.5000","73.0000","1435.4000","1780.0000"
"2002","320100","南京市","16.6000","72.0000","1042.5000","1928.0000"
"2002","330100","杭州市","17.4000","74.0000","1742.8000","1434.0000"
"2002","340100","合肥市","17.2000","75.0000","1090.0000","1584.0000"
"2002","350100","福州市","20.9000","75.0000","1408.4000","1489.0000"
"2002","360100","南昌市","18.3000","78.0000","1761.7000","1558.0000"
"2002","370100","济南市","15.0000","51.0000","455.7000","2305.0000"
"2002","370200","青岛市","13.4000","67.0000","424.0000","2157.0000"
"2002","410100","郑州市","15.4000","59.0000","628.7000","1862.0000"
"2002","420100","武汉市","17.9000","74.0000","1516.1000","1555.0000"
"2002","430100","长沙市","17.7000","79.0000","1594.3000","1375.0000"
"2002","440100","广州市","22.9000","75.0000","1865.7000","1492.0000"
"2002","450100","南宁市","21.7000","82.0000","1317.9000","1275.0000"
"2002","460100","海口市","25.0000","82.0000","1781.3000","1706.0000"
"2002","450300","桂林市","19.3000","77.0000","2805.1000","1225.0000"
"2002","500000","重庆市","18.7000","79.0000","1429.0000","1114.0000"
"2002","510100","成都市","17.4000","75.0000","681.6000","979.0000"
"2002","520100","贵阳市","14.6000","78.0000","1132.3000","1086.0000"
"2002","530100","昆明市","16.1000","65.0000","949.0000","2121.0000"
"2002","540100","拉萨市","8.5000","40.0000","535.5000","2309.0000"
"2002","610100","西安市","15.4000","61.0000","406.0000","1905.0000"
"2002","620100","兰州市","11.0000","49.0000","279.7000","2419.0000"
"2002","630100","西宁市","6.1000","50.0000","410.8000","2256.0000"
"2002","640100","银川市","10.0000","53.0000","319.0000","2655.0000"
"2002","650100","乌鲁木齐市","8.0000","56.0000","342.2000","2577.0000"
"2003","110000","北京市","12.8000","54.0000","444.5000","2260.0000"
"2003","120000","天津市","12.7000","64.0000","668.0000","1994.0000"
"2003","130100","石家庄市","13.6000","63.0000","641.1000","1724.0000"
"2003","140100","太原市","10.1000","62.0000","525.4000","2135.0000"
"2003","150100","呼和浩特市","7.1000","55.0000","653.1000","2474.0000"
"2003","210100","沈阳市","9.0000","58.0000","643.0000","1996.0000"
"2003","210200","大连市","11.2000","62.0000","521.2000","2371.0000"
"2003","220100","长春市","7.0000","57.0000","517.2000","2500.0000"
"2003","230100","哈尔滨市","5.9000","63.0000","513.1000","2089.0000"
"2003","310000","上海市","17.0000","75.0000","756.9000","1714.0000"
"2003","320100","南京市","16.0000","72.0000","1623.5000","1719.0000"
"2003","330100","杭州市","17.4000","71.0000","947.7000","1726.0000"
"2003","340100","合肥市","16.3000","77.0000","1413.4000","1693.0000"
"2003","350100","福州市","20.9000","71.0000","776.6000","1902.0000"
"2003","360100","南昌市","18.5000","73.0000","1742.9000","2197.0000"
"2003","370100","济南市","13.8000","58.0000","985.2000","2017.0000"
"2003","370200","青岛市","12.4000","72.0000","809.6000","1925.0000"
"2003","410100","郑州市","14.4000","67.0000","1010.6000","1392.0000"
"2003","420100","武汉市","17.4000","73.0000","1385.3000","1628.0000"
"2003","430100","长沙市","17.6000","76.0000","1065.1000","1470.0000"
"2003","440100","广州市","22.9000","72.0000","1338.2000","1742.0000"
"2003","450100","南宁市","22.0000","79.0000","1296.7000","1833.0000"
"2003","460100","海口市","25.2000","80.0000","1421.4000","2002.0000"
"2003","450300","桂林市","19.5000","71.0000","1553.8000","1630.0000"
"2003","500000","重庆市","18.8000","76.0000","1065.7000","888.0000"
"2003","510100","成都市","17.2000","74.0000","741.1000","819.0000"
"2003","520100","贵阳市","14.8083","78.1667","924.8000","915.0000"
"2003","530100","昆明市","16.4000","65.0000","832.4000","2295.0000"
"2003","540100","拉萨市","8.7000","42.0000","547.5000","2953.0000"
"2003","610100","西安市","14.3000","67.0000","882.8000","1657.0000"
"2003","620100","兰州市","10.8000","51.0000","324.1000","2414.0000"
"2003","630100","西宁市","6.0000","53.0000","564.0000","2375.0000"
"2003","640100","银川市","9.7000","52.0000","201.6000","2569.0000"
"2003","650100","乌鲁木齐市","6.7000","55.0000","369.4000","2550.0000"
"2004","110000","北京市","13.5083","49.1667","483.5000","2515.4000"
"2004","120000","天津市","13.1833","58.7500","490.5000","2126.1000"
"2004","130100","石家庄市","14.3417","54.2500","522.2000","2423.1000"
"2004","140100","太原市","10.8833","55.7500","377.2000","2419.8000"
"2004","150100","呼和浩特市","8.0333","48.3333","423.6000","2758.0000"
"2004","210100","沈阳市","9.6000","57.0000","705.2000","2291.7000"
"2004","210200","大连市","12.1500","62.2500","614.9000","2465.7000"
"2004","220100","长春市","7.1333","57.5833","476.2000","2602.6000"
"2004","230100","哈尔滨市","5.8417","59.2500","520.7000","2363.4000"
"2004","310000","上海市","17.5000","72.3333","1061.0000","1965.0000"
"2004","320100","南京市","16.9417","69.9167","975.1000","2141.3000"
"2004","330100","杭州市","17.7500","69.6667","1046.5000","1874.9000"
"2004","340100","合肥市","16.6000","72.3333","908.3000","2027.7000"
"2004","350100","福州市","20.7750","66.5000","994.6000","1968.8000"
"2004","360100","南昌市","18.7833","69.7500","1210.1000","2149.0000"
"2004","370100","济南市","14.7833","56.3333","1090.0000","2179.7000"
"2004","370200","青岛市","13.6417","68.0000","626.2000","2222.9000"
"2004","410100","郑州市","15.5000","62.2500","767.4000","1764.2000"
"2004","420100","武汉市","18.2667","69.5000","1572.2000","1918.0000"
"2004","430100","长沙市","18.2500","71.9167","1346.5000","1626.2000"
"2004","440100","广州市","22.8250","67.5000","1636.5000","1767.4000"
"2004","450100","南宁市","21.4500","78.1667","906.3000","1616.6000"
"2004","460100","海口市","24.7333","80.1667","983.6000","2069.3000"
"2004","450300","桂林市","19.6333","71.1667","1842.9000","1627.4000"
"2004","500000","重庆市","18.3917","77.9167","1182.1000","974.7000"
"2004","510100","成都市","16.2250","76.6667","1060.4000","984.0000"
"2004","520100","贵阳市","14.6250","76.3333","1048.3000","989.0000"
"2004","530100","昆明市","15.6333","65.9167","1093.7000","2104.1000"
"2004","540100","拉萨市","8.5667","40.8333","555.2000","2940.3000"
"2004","610100","西安市","15.3667","59.2500","512.7000","1913.1000"
"2004","620100","兰州市","10.8750","44.5000","209.1000","2565.0000"
"2004","630100","西宁市","5.7500","56.5000","429.5000","2389.8000"
"2004","640100","银川市","10.3333","48.8333","144.0000","2751.6000"
"2004","650100","乌鲁木齐市","7.9750","56.4167","333.6000","2495.6000"
"2005","110000","北京市","13.2000","49.0000","410.7000","2576.1000"
"2005","120000","天津市","12.9000","57.0000","618.5000","2348.2000"
"2005","130100","石家庄市","14.3000","52.0000","389.5000","2274.1000"
"2005","140100","太原市","10.9000","53.0000","274.7000","2620.9000"
"2005","150100","呼和浩特市","7.7000","46.0000","248.3000","2816.8000"
"2005","210100","沈阳市","8.0000","64.0000","822.2000","2249.9000"
"2005","210200","大连市","10.9000","65.0000","768.5000","2749.7000"
"2005","220100","长春市","5.6000","61.0000","681.0000","2324.6000"
"2005","230100","哈尔滨市","4.7000","62.0000","507.9000","2134.0000"
"2005","310000","上海市","17.1000","70.0000","1059.8000","1829.0000"
"2005","320100","南京市","16.3000","66.0000","992.3000","1937.5000"
"2005","330100","杭州市","17.5000","69.0000","1138.6000","1762.2000"
"2005","340100","合肥市","16.2000","71.0000","1091.3000","1834.1000"
"2005","350100","福州市","20.3000","69.0000","1705.4000","1469.2000"
"2005","360100","南昌市","18.2000","70.0000","1908.7000","1794.5000"
"2005","370100","济南市","14.4000","53.0000","965.4000","2369.5000"
"2005","370200","青岛市","12.8000","65.0000","830.8000","2355.1000"
"2005","410100","郑州市","14.9000","59.0000","728.8000","1740.9000"
"2005","420100","武汉市","17.8000","69.0000","1116.6000","1829.7000"
"2005","430100","长沙市","17.7000","73.0000","1600.9000","1423.1000"
"2005","440100","广州市","22.8000","71.0000","1986.2000","1288.5000"
"2005","450100","南宁市","21.4000","83.0000","1119.2000","1423.2000"
"2005","460100","海口市","25.1000","78.0000","1187.0000","1840.5000"
"2005","450300","桂林市","19.2000","73.0000","1877.4000","1466.8000"
"2005","500000","重庆市","18.6000","78.0000","1019.8000","903.9000"
"2005","510100","成都市","16.2000","78.0000","765.6000","777.0000"
"2005","520100","贵阳市","14.1000","79.0000","1067.5000","1004.1000"
"2005","530100","昆明市","16.7000","62.0000","976.0000","2054.3000"
"2005","540100","拉萨市","9.3000","42.0000","495.8000","3100.0000"
"2005","610100","西安市","15.0000","60.0000","541.4000","1949.4000"
"2005","620100","兰州市","7.2000","64.0000","431.4000","2469.9000"
"2005","630100","西宁市","5.8000","58.0000","484.1000","2477.5000"
"2005","640100","银川市","10.1000","48.0000","74.9000","2813.4000"
"2005","650100","乌鲁木齐市","7.5000","56.0000","276.3000","2528.7000"
"2006","110000","北京市","13.4000","53.0000","318.0000","2192.7000"
"2006","120000","天津市","13.2000","61.0000","415.2000","2130.0000"
"2006","130100","石家庄市","14.6000","55.0000","407.8000","2228.2000"
"2006","140100","太原市","11.8000","58.0000","424.8000","2239.9000"
"2006","150100","呼和浩特市","8.6000","47.0000","290.8000","2667.9000"
"2006","210100","沈阳市","8.3000","68.0000","576.3000","2219.4000"
"2006","220100","长春市","6.6000","59.0000","632.6000","2424.9000"
"2006","230100","哈尔滨市","5.3000","57.0000","487.9000","2227.9000"
"2006","310000","上海市","17.9000","70.0000","1149.7000","1678.1000"
"2006","320100","南京市","16.9000","71.0000","1106.8000","1766.9000"
"2006","330100","杭州市","18.2000","71.0000","1164.3000","1422.8000"
"2006","340100","合肥市","17.0000","72.0000","992.8000","1857.8000"
"2006","350100","福州市","20.8000","72.0000","1904.7000","1564.3000"
"2006","360100","南昌市","18.6000","71.0000","1567.5000","1800.3000"
"2006","370100","济南市","15.3000","58.0000","652.5000","2088.4000"
"2006","410100","郑州市","15.8000","62.0000","692.6000","1804.2000"
"2006","420100","武汉市","18.3000","71.0000","1047.1000","1919.3000"
"2006","430100","长沙市","18.5000","72.0000","1310.4000","1681.7000"
"2006","440100","广州市","23.2000","71.0000","2175.7000","1328.7000"
"2006","450100","南宁市","22.0000","76.0000","1159.4000","1478.8000"
"2006","460100","海口市","25.4000","78.0000","1547.7000","1848.8000"
"2006","500000","重庆市","19.2000","75.0000","839.6000","1097.1000"
"2006","510100","成都市","16.9000","77.0000","704.4000","1092.6000"
"2006","520100","贵阳市","14.8000","79.0000","1016.9000","1052.3000"
"2006","530100","昆明市","16.4000","69.0000","993.6000","2270.4000"
"2006","540100","拉萨市","9.7000","35.0000","339.3000","3137.2000"
"2006","610100","西安市","15.2000","67.0000","434.0000","1991.4000"
"2006","620100","兰州市","8.5000","56.0000","208.9000","2508.9000"
"2006","630100","西宁市","6.4000","56.0000","352.3000","2417.1000"
"2006","640100","银川市","10.9000","51.0000","195.8000","2665.8000"
"2006","650100","乌鲁木齐市","8.6000","54.0000","235.9000","2841.8000"
"2007","110000","北京市","14.0000","54.0000","483.9000","2351.1000"
"2007","120000","天津市","13.6083","60.7500","389.7000","2165.4000"
"2007","130100","石家庄市","14.9083","58.7500","430.4000","2167.7000"
"2007","140100","太原市","11.4167","55.1667","535.4000","2174.6000"
"2007","150100","呼和浩特市","8.9667","46.9167","261.2000","2647.8000"
"2007","210100","沈阳市","9.0333","67.6667","672.3000","2360.9000"
"2007","220100","长春市","7.6750","57.5833","534.2000","2533.6000"
"2007","230100","哈尔滨市","6.6500","58.0833","444.1000","2359.2000"
"2007","310000","上海市","18.1500","68.8333","1290.4000","1616.9000"
"2007","320100","南京市","17.3333","70.2500","1070.9000","1680.3000"
"2007","330100","杭州市","18.4417","71.3333","1378.5000","1472.9000"
"2007","340100","合肥市","17.3167","78.3333","929.7000","1814.6000"
"2007","350100","福州市","21.0417","68.3333","1109.6000","1543.8000"
"2007","360100","南昌市","19.1833","67.6667","1118.5000","2102.0000"
"2007","370100","济南市","15.0333","61.2500","797.1000","1819.8000"
"2007","410100","郑州市","15.9417","59.1667","596.4000","1747.2000"
"2007","420100","武汉市","18.5417","66.7500","1023.2000","1934.2000"
"2007","430100","长沙市","18.7750","69.5833","936.4000","1742.2000"
"2007","440100","广州市","23.2000","70.7500","1370.3000","1616.0000"
"2007","450100","南宁市","21.7250","75.5000","1008.1000","1614.0000"
"2007","460100","海口市","24.1000","80.0000","1419.3000","1669.1000"
"2007","500000","重庆市","19.0167","81.0833","1439.2000","856.2000"
"2007","510100","成都市","16.8083","76.6667","624.5000","935.6000"
"2007","520100","贵阳市","14.9083","75.0833","884.9000","1014.8000"
"2007","530100","昆明市","15.6250","71.7500","932.7000","2038.6000"
"2007","540100","拉萨市","9.7500","33.8333","477.3000","3181.0000"
"2007","610100","西安市","15.5583","57.6667","698.5000","1893.6000"
"2007","620100","兰州市","11.1250","53.2500","407.9000","2214.1000"
"2007","630100","西宁市","6.1083","57.0833","523.1000","2364.7000"
"2007","640100","银川市","10.3750","52.3333","214.7000","2529.8000"
"2007","650100","乌鲁木齐市","8.5000","56.0000","419.5000","2853.4000"
"2008","110000","北京市","13.4000","52.0000","626.3000","2391.4000"
"2008","120000","天津市","13.3000","56.0000","552.1000","2415.4000"
"2008","130100","石家庄市","14.6000","56.0000","707.7000","2337.5000"
"2008","140100","太原市","10.9000","53.0000","355.3000","2462.6000"
"2008","150100","呼和浩特市","7.4000","50.0000","571.0000","2510.9000"
"2008","210100","沈阳市","8.6000","64.0000","721.7000","2570.7000"
"2008","220100","长春市","7.2000","59.0000","716.8000","2380.9000"
"2008","230100","哈尔滨市","6.6000","60.0000","439.0000","2337.8000"
"2008","310000","上海市","17.2000","70.0000","1086.5000","1635.7000"
"2008","320100","南京市","16.1000","72.0000","975.0000","1869.1000"
"2008","330100","杭州市","17.5000","70.0000","1273.9000","1641.2000"
"2008","340100","合肥市","16.4000","75.0000","910.2000","1801.2000"
"2008","350100","福州市","20.4000","69.0000","1484.8000","1593.8000"
"2008","360100","南昌市","18.5000","69.0000","1356.1000","2118.2000"
"2008","370100","济南市","14.6000","57.0000","705.1000","2004.2000"
"2008","410100","郑州市","15.6000","58.0000","658.2000","1850.6000"
"2008","420100","武汉市","17.6000","71.0000","1266.8000","1774.1000"
"2008","430100","长沙市","18.3000","73.0000","1452.9000","1763.0000"
"2008","440100","广州市","22.4000","71.0000","2284.0000","1482.2000"
"2008","450100","南宁市","20.8000","77.0000","1625.0000","1439.0000"
"2008","460100","海口市","23.4000","79.0000","2391.2000","1706.5000"
"2008","500000","重庆市","18.5000","82.0000","962.7000","703.8000"
"2008","510100","成都市","16.3000","75.0000","1028.2000","928.4000"
"2008","520100","贵阳市","14.1000","77.0000","1370.9000","865.2000"
"2008","530100","昆明市","15.4000","70.0000","982.2000","1921.0000"
"2008","540100","拉萨市","8.9000","38.0000","533.8000","2927.0000"
"2008","610100","西安市","14.9000","58.0000","525.2000","1803.7000"
"2008","620100","兰州市","10.6000","52.0000","305.4000","2355.1000"
"2008","630100","西宁市","5.7000","56.0000","378.6000","2538.6000"
"2008","640100","银川市","9.9000","49.0000","194.6000","2824.2000"
"2008","650100","乌鲁木齐市","8.7000","52.0000","171.8000","3093.3000"
"2009","110000","北京市","13.3000","51.0000","480.6000","2511.8000"
"2009","120000","天津市","12.9000","58.0000","566.2000","2356.5000"
"2009","130100","石家庄市","14.4000","57.0000","698.9000","2275.3000"
"2009","140100","太原市","11.1000","54.0000","625.1000","2448.6000"
"2009","150100","呼和浩特市","8.0000","44.0000","265.0000","2574.1000"
"2009","210100","沈阳市","7.7000","67.0000","657.7000","2660.1000"
"2009","220100","长春市","6.1000","60.0000","481.0000","2417.3000"
"2009","230100","哈尔滨市","5.0000","65.0000","534.1000","2208.9000"
"2009","310000","上海市","17.4000","70.0000","1289.4000","1680.9000"
"2009","320100","南京市","16.4000","72.0000","1363.5000","1863.2000"
"2009","330100","杭州市","17.8000","71.0000","1453.9000","1709.9000"
"2009","340100","合肥市","16.7000","73.0000","951.9000","1799.3000"
"2009","350100","福州市","20.7000","70.0000","1374.7000","1605.6000"
"2009","360100","南昌市","18.8000","70.0000","1277.8000","1970.5000"
"2009","370100","济南市","14.8000","54.0000","701.8000","2153.2000"
"2009","410100","郑州市","15.5000","61.0000","762.5000","1866.8000"
"2009","420100","武汉市","17.9000","71.0000","1158.0000","1790.9000"
"2009","430100","长沙市","18.5000","72.0000","1216.6000","1807.6000"
"2009","440100","广州市","23.0000","70.0000","1472.6000","1671.8000"
"2009","450100","南宁市","22.2000","75.0000","963.1000","1753.8000"
"2009","460100","海口市","24.3000","81.0000","2628.2000","1861.1000"
"2009","500000","重庆市","19.0000","80.0000","1198.9000","943.9000"
"2009","510100","成都市","16.8000","74.0000","724.2000","840.2000"
"2009","520100","贵阳市","14.9000","74.0000","849.5000","934.6000"
"2009","530100","昆明市","16.6000","66.0000","565.8000","2211.1000"
"2009","540100","拉萨市","10.3000","31.0000","344.0000","3245.2000"
"2009","610100","西安市","15.1000","70.0000","660.3000","1729.0000"
"2009","620100","兰州市","8.0000","53.0000","185.9000","2376.9000"
"2009","630100","西宁市","6.2000","59.0000","459.1000","2460.7000"
"2009","640100","银川市","10.5000","48.0000","180.0000","2830.6000"
"2009","650100","乌鲁木齐市","8.0000","56.0000","353.1000","2835.0000"
"2010","110000","北京市","12.5583","51.0000","522.5000","2382.9000"
"2010","120000","天津市","12.1583","59.0833","355.4000","2089.2000"
"2010","130100","石家庄市","13.9917","55.0000","432.9000","2377.7000"
"2010","140100","太原市","11.2667","51.6667","376.6000","2413.4000"
"2010","150100","呼和浩特市","7.5750","45.8333","469.5000","2516.5000"
"2010","210100","沈阳市","7.2417","70.6667","1036.6000","2275.2000"
"2010","220100","长春市","5.1500","65.5833","878.3000","2295.0000"
"2010","230100","哈尔滨市","4.5083","70.4167","591.3000","2152.1000"
"2010","310000","上海市","17.2000","68.6667","1128.9000","1662.0000"
"2010","320100","南京市","16.2167","71.4167","1298.4000","1899.3000"
"2010","330100","杭州市","17.3917","71.5833","1728.1000","1689.3000"
"2010","340100","合肥市","16.4333","72.2500","1316.8000","1861.0000"
"2010","350100","福州市","20.3583","73.7500","1604.5000","1485.6000"
"2010","360100","南昌市","18.4917","72.7500","2211.1000","1783.9000"
"2010","370100","济南市","14.3083","54.0833","820.9000","2014.3000"
"2010","410100","郑州市","15.5917","55.5000","600.3000","1727.1000"
"2010","420100","武汉市","16.5750","76.6667","1337.9000","1544.0000"
"2010","430100","长沙市","18.2167","74.3333","1626.4000","1708.9000"
"2010","440100","广州市","22.5333","72.7500","2353.6000","1484.0000"
"2010","450100","南宁市","21.8167","77.2500","1376.9000","1601.5000"
"2010","460100","海口市","24.5833","80.6667","2445.1000","1823.3000"
"2010","500000","重庆市","18.6333","77.5833","1044.7000","910.6000"
"2010","510100","成都市","16.0417","79.1667","936.8000","789.0000"
"2010","520100","贵阳市","14.6417","76.7500","1010.0000","1021.5000"
"2010","530100","昆明市","16.6583","65.8333","869.1000","2136.8000"
"2010","540100","拉萨市","9.9750","32.6667","359.8000","3134.2000"
"2010","610100","西安市","14.5500","61.8333","527.3000","1948.6000"
"2010","620100","兰州市","7.8917","55.8333","192.0000","2651.2000"
"2010","630100","西宁市","6.3583","54.0833","405.0000","2782.1000"
"2010","640100","银川市","10.2667","51.1667","206.3000","2759.3000"
"2010","650100","乌鲁木齐市","7.3917","56.0000","282.4000","2815.7000"
"2011","110000","北京市","13.4000","49.0000","720.6000","2485.7000"
"2011","120000","天津市","12.9000","54.0000","485.8000","2245.2000"
"2011","130100","石家庄市","14.2000","55.0000","674.2000","2201.8000"
"2011","140100","太原市","10.8000","53.0000","496.6000","2372.8000"
"2011","150100","呼和浩特市","7.9000","42.0000","177.1000","2629.4000"
"2011","210100","沈阳市","7.7000","68.0000","479.7000","2619.0000"
"2011","220100","长春市","5.9000","61.0000","468.4000","2699.6000"
"2011","230100","哈尔滨市","5.2000","67.0000","452.0000","2282.6000"
"2011","310000","上海市","16.9000","69.0000","1009.1000","1663.7000"
"2011","320100","南京市","16.1000","68.0000","1077.0000","1944.3000"
"2011","330100","杭州市","17.2000","69.0000","1359.9000","1496.1000"
"2011","340100","合肥市","16.3000","70.0000","1000.5000","1821.9000"
"2011","350100","福州市","20.2000","70.0000","1244.9000","1394.8000"
"2011","360100","南昌市","18.4000","66.0000","1108.6000","1901.6000"
"2011","370100","济南市","14.1000","54.0000","667.1000","2084.0000"
"2011","410100","郑州市","15.1000","56.0000","706.5000","1603.0000"
"2011","420100","武汉市","16.3000","77.0000","987.2000","1741.4000"
"2011","430100","长沙市","17.9000","72.0000","932.8000","1702.8000"
"2011","440100","广州市","21.4000","74.0000","1632.3000","1878.4000"
"2011","450100","南宁市","20.7000","75.0000","1252.9000","1663.3000"
"2011","460100","海口市","23.3000","81.0000","2002.1000","1486.2000"
"2011","500000","重庆市","18.8000","70.0000","837.8000","1150.0000"
"2011","510100","成都市","15.9000","74.0000","1003.2000","926.3000"
"2011","520100","贵阳市","14.0000","78.0000","735.2000","804.0000"
"2011","530100","昆明市","15.5000","71.0000","659.0000","2052.8000"
"2011","540100","拉萨市","9.4000","34.0000","425.4000","3147.1000"
"2011","610100","西安市","14.1000","65.0000","717.8000","2040.3000"
"2011","620100","兰州市","7.7000","57.0000","181.0000","2550.0000"
"2011","630100","西宁市","5.7000","56.0000","390.4000","2547.0000"
"2011","640100","银川市","9.9000","53.0000","166.2000","2558.0000"
"2011","650100","乌鲁木齐市","7.3000","56.0000","344.5000","2767.5000"
"2012","110000","北京市","12.8500","51.0000","733.2000","2450.2000"
"2012","120000","天津市","12.5333","57.0000","755.3000","2174.4000"
"2012","130100","石家庄市","13.9583","54.6667","649.4000","2288.2000"
"2012","140100","太原市","10.6500","51.1667","427.8000","2618.6000"
"2012","150100","呼和浩特市","7.1500","46.8333","551.4000","2677.8000"
"2012","210100","沈阳市","7.4250","68.5000","786.0000","2577.2000"
"2012","220100","长春市","5.2333","63.0000","718.3000","2438.3000"
"2012","230100","哈尔滨市","4.6167","67.1667","740.8000","1773.8000"
"2012","310000","上海市","16.8667","69.5000","1103.7000","1676.7000"
"2012","320100","南京市","15.9833","68.0833","917.2000","1939.1000"
"2012","330100","杭州市","17.1083","70.7500","1728.8000","1520.5000"
"2012","340100","合肥市","16.4917","73.0833","936.4000","1912.8000"
"2012","350100","福州市","20.1750","75.1667","1913.4000","1291.3000"
"2012","360100","南昌市","18.0250","77.0833","2059.8000","1622.0000"
"2012","370100","济南市","14.3417","55.1667","569.1000","2146.0000"
"2012","410100","郑州市","15.4583","53.1667","498.7000","1883.7000"
"2012","420100","武汉市","16.3667","81.4167","1415.5000","1553.9000"
"2012","430100","长沙市","17.5917","76.4167","1730.0000","1493.6000"
"2012","440100","广州市","21.6667","81.5833","1813.9000","1471.2000"
"2012","450100","南宁市","21.4167","79.7500","1086.8000","1295.7000"
"2012","460100","海口市","24.5833","81.9167","2094.3000","1766.4000"
"2012","500000","重庆市","18.3000","71.7500","1104.4000","812.0000"
"2012","510100","成都市","15.8583","78.0833","610.9000","780.6000"
"2012","520100","贵阳市","13.6500","84.5833","1226.4000","681.6000"
"2012","530100","昆明市","16.3333","66.8333","802.1000","2554.2000"
"2012","540100","拉萨市","9.6083","33.5000","365.2000","3162.9000"
"2012","610100","西安市","14.1667","61.7500","385.3000","1922.0000"
"2012","620100","兰州市","7.5417","57.4167","231.2000","2600.2000"
"2012","630100","西宁市","5.2167","59.0000","446.1000","2655.2000"
"2012","640100","银川市","9.8083","48.0000","292.7000","2728.3000"
"2012","650100","乌鲁木齐市","7.3917","53.0833","286.9000","2864.6000"
"2013","110000","北京市","12.8000","55.0000","579.1000","2371.1000"
"2013","120000","天津市","12.8000","59.0000","411.5000","2255.2000"
"2013","130100","石家庄市","13.8000","60.0000","508.3000","1716.8000"
"2013","140100","太原市","11.2000","56.0000","487.3000","2627.1000"
"2013","150100","呼和浩特市","7.3000","50.0000","564.6000","2629.8000"
"2013","210100","沈阳市","7.9000","68.0000","788.1000","2389.6000"
"2013","220100","长春市","5.6000","64.0000","736.5000","2396.4000"
"2013","230100","哈尔滨市","4.3000","68.0000","633.5000","2023.5000"
"2013","310000","上海市","17.6000","68.0000","1173.4000","1864.7000"
"2013","320100","南京市","16.8000","68.0000","898.4000","2196.9000"
"2013","330100","杭州市","18.0000","68.0000","1520.9000","1665.5000"
"2013","340100","合肥市","17.0000","76.0000","893.2000","1971.4000"
"2013","350100","福州市","20.4000","72.0000","1137.5000","1578.4000"
"2013","360100","南昌市","19.0000","73.0000","1431.8000","2034.1000"
"2013","370100","济南市","14.7000","57.0000","736.0000","2408.0000"
"2013","410100","郑州市","16.1000","53.0000","353.2000","1925.6000"
"2013","420100","武汉市","17.1000","77.0000","1434.2000","2092.5000"
"2013","430100","长沙市","19.2000","67.0000","1254.9000","2049.7000"
"2013","440100","广州市","21.5000","81.0000","2095.4000","1582.9000"
"2013","450100","南宁市","21.6000","80.0000","1569.3000","1619.8000"
"2013","460100","海口市","24.3000","82.0000","2067.0000","1725.7000"
"2013","500000","重庆市","19.8000","71.0000","1026.9000","1213.7000"
"2013","510100","成都市","16.9000","77.0000","1343.3000","1128.8000"
"2013","520100","贵阳市","15.1000","79.0000","888.3000","1230.7000"
"2013","530100","昆明市","16.0000","68.0000","804.7000","2512.5000"
"2013","540100","拉萨市","8.9000","38.0000","565.2000","3046.8000"
"2013","610100","西安市","15.8000","58.0000","423.9000","2190.5000"
"2013","620100","兰州市","8.3000","53.0000","255.5000","2600.9000"
"2013","630100","西宁市","6.1000","55.0000","413.6000","2660.6000"
"2013","640100","银川市","11.2000","43.0000","148.8000","2693.5000"
"2013","650100","乌鲁木齐市","8.7000","58.0000","300.9000","3068.6000"
"2014","110000","北京市","14.1000","52.0000","461.5000","2344.1000"
"2014","120000","天津市","14.0000","59.0000","441.4000","2265.6000"
"2014","130100","石家庄市","14.9000","55.0000","294.8000","1585.4000"
"2014","140100","太原市","10.9000","58.0000","428.7000","2513.5000"
"2014","150100","呼和浩特市","7.7000","46.0000","394.8000","2517.2000"
"2014","210100","沈阳市","9.2000","59.0000","362.9000","2690.0000"
"2014","220100","长春市","7.1000","57.0000","446.0000","2674.5000"
"2014","230100","哈尔滨市","5.1000","63.0000","415.8000","2055.9000"
"2014","310000","上海市","17.0000","73.0000","1295.3000","1612.6000"
"2014","320100","南京市","16.4000","74.0000","1091.1000","1863.8000"
"2014","330100","杭州市","17.5000","73.0000","1359.9000","1407.2000"
"2014","340100","合肥市","16.5000","76.0000","1180.2000","1539.4000"
"2014","350100","福州市","20.8000","72.0000","1628.0000","1591.7000"
"2014","360100","南昌市","18.8000","74.0000","1890.5000","1810.5000"
"2014","370100","济南市","15.4000","55.0000","521.4000","2168.0000"
"2014","410100","郑州市","16.3000","58.0000","551.6000","1894.2000"
"2014","420100","武汉市","16.7000","79.0000","1208.6000","1596.3000"
"2014","430100","长沙市","18.6000","69.0000","1386.8000","1634.4000"
"2014","440100","广州市","21.7000","79.0000","2234.0000","1613.6000"
"2014","450100","南宁市","21.6000","82.0000","1234.7000","1416.4000"
"2014","460100","海口市","24.7000","83.0000","1861.3000","2112.0000"
"2014","500000","重庆市","18.6000","79.0000","1452.1000","598.4000"
"2014","510100","成都市","16.0000","82.0000","975.0000","875.8000"
"2014","520100","贵阳市","14.7000","83.0000","1562.0000","956.0000"
"2014","530100","昆明市","16.4000","66.0000","1078.3000","2636.4000"
"2014","540100","拉萨市","9.4000","36.0000","637.8000","3053.5000"
"2014","610100","西安市","15.2000","61.0000","660.2000","1941.8000"
"2014","620100","兰州市","7.7000","59.0000","355.6000","2492.8000"
"2014","630100","西宁市","5.7000","59.0000","446.5000","2571.3000"
"2014","640100","银川市","10.7000","50.0000","169.2000","2738.8000"
"2014","650100","乌鲁木齐市","7.4000","54.0000","297.0000","2986.9000"
"2015","110000","北京市","13.7000","54.9167","458.6000","2420.3000"
"2015","120000","天津市","13.6500","58.7500","574.2000","2221.1000"
"2015","130100","石家庄市","14.5750","56.4167","534.5000","2004.1000"
"2015","140100","太原市","11.3250","57.5833","403.6000","2710.3000"
"2015","150100","呼和浩特市","7.6583","46.9167","361.9000","2666.3000"
"2015","210100","沈阳市","9.0083","61.8333","573.2000","2412.8000"
"2015","220100","长春市","7.1750","60.1667","530.5000","2695.7000"
"2015","230100","哈尔滨市","5.6167","64.1667","420.1000","2090.7000"
"2015","310000","上海市","17.0083","73.7500","1648.8000","1495.6000"
"2015","320100","南京市","16.4083","73.3333","1765.6000","1848.2000"
"2015","330100","杭州市","17.4833","75.0000","2131.9000","1315.8000"
"2015","340100","合肥市","16.7000","75.5833","1258.2000","1533.5000"
"2015","350100","福州市","20.6833","75.5833","1778.2000","1319.0000"
"2015","360100","南昌市","18.6583","75.4167","2204.7000","1651.4000"
"2015","370100","济南市","15.0250","57.5833","713.8000","2260.2000"
"2015","410100","郑州市","15.8667","61.5833","689.1000","1729.5000"
"2015","420100","武汉市","16.8250","81.3333","1432.8000","1624.7000"
"2015","430100","长沙市","17.4167","82.5000","1538.3000","1263.4000"
"2015","440100","广州市","22.2500","78.0833","2471.9000","1594.3000"
"2015","450100","南宁市","22.2250","83.1667","1222.3000","1431.1000"
"2015","460100","海口市","25.3333","81.3333","1673.2000","2406.7000"
"2015","500000","重庆市","19.6000","75.2500","1448.7000","1129.8000"
"2015","510100","成都市","16.7833","81.2500","880.2000","1038.4000"
"2015","520100","贵阳市","15.2083","83.7500","1430.8000","942.3000"
"2015","530100","昆明市","16.2250","69.8333","1190.7000","2388.9000"
"2015","540100","拉萨市","9.4667","34.3333","340.0000","3112.4000"
"2015","610100","西安市","15.2083","61.9167","551.6000","1795.9000"
"2015","620100","兰州市","8.3250","56.6667","191.0000","2511.5000"
"2015","630100","西宁市","6.3917","55.2500","306.2000","2590.1000"
"2015","640100","银川市","10.7250","50.0000","227.1000","2841.9000"
"2015","650100","乌鲁木齐市","8.7833","57.7500","408.9000","2798.8000"
"2016","110000","北京市","13.8000","52.0000","669.1000","2502.1000"
"2016","120000","天津市","13.8000","58.0000","608.6000","2327.4000"
"2016","130100","石家庄市","14.6000","58.0000","712.6000","1917.1000"
"2016","140100","太原市","11.2000","59.0000","528.4000","2730.4000"
"2016","150100","呼和浩特市","7.1000","49.0000","531.3000","2838.4000"
"2016","210100","沈阳市","8.8000","63.0000","968.0000","2422.1000"
"2016","220100","长春市","6.6000","63.0000","890.8000","2711.2000"
"2016","230100","哈尔滨市","5.0000","69.0000","537.8000","2180.8000"
"2016","310000","上海市","17.6000","75.0000","1596.1000","1668.6000"
"2016","320100","南京市","16.8000","73.0000","1807.7000","1856.1000"
"2016","330100","杭州市","18.2000","75.0000","1797.3000","1522.4000"
"2016","340100","合肥市","17.0000","76.0000","1502.0000","1653.6000"
"2016","350100","福州市","21.0000","77.0000","2263.4000","1287.2000"
"2016","360100","南昌市","19.0000","75.0000","1869.0000","1799.3000"
"2016","370100","济南市","15.4000","57.0000","1008.2000","2213.7000"
"2016","410100","郑州市","16.4000","63.0000","833.0000","1915.8000"
"2016","420100","武汉市","17.3000","80.0000","1827.1000","1614.6000"
"2016","430100","长沙市","17.5000","83.0000","1704.8000","1502.5000"
"2016","440100","广州市","21.9000","82.0000","2939.7000","1451.8000"
"2016","450100","南宁市","22.3000","80.0000","1546.4000","1582.9000"
"2016","460100","海口市","24.6000","82.0000","1913.7000","2084.3000"
"2016","500000","重庆市","19.5000","76.0000","1348.0000","1228.4000"
"2016","510100","成都市","16.8000","82.0000","983.9000","1088.5000"
"2016","520100","贵阳市","15.3000","80.0000","1045.8000","1160.2000"
"2016","530100","昆明市","15.8000","73.0000","1150.2000","2128.4000"
"2016","540100","拉萨市","9.5000","37.0000","551.6000","3020.1000"
"2016","610100","西安市","15.8000","59.0000","456.0000","2140.3000"
"2016","620100","兰州市","8.2000","56.0000","310.0000","2734.5000"
"2016","630100","西宁市","6.6000","57.0000","444.1000","2690.4000"
"2016","640100","银川市","10.7000","50.0000","264.9000","2845.7000"
"2016","650100","乌鲁木齐市","8.4000","60.0000","387.1000","2719.8000"
"2017","110000","北京市","14.1500","50.0000","576.2000","2600.1000"
"2017","120000","天津市","14.2250","54.8333","512.9000","2452.8000"
"2017","130100","石家庄市","14.9833","53.5833","558.5000","2242.9000"
"2017","140100","太原市","11.4500","57.2500","521.2000","2622.0000"
"2017","150100","呼和浩特市","7.7417","44.0000","325.3000","2746.4000"
"2017","210100","沈阳市","9.3333","58.7500","463.8000","2556.3000"
"2017","210200","大连市","12.4417","57.5833","521.7000","2684.0000"
"2017","220100","长春市","6.9750","59.5833","694.3000","2801.6000"
"2017","230100","哈尔滨市","5.1333","63.6667","480.8000","2277.2000"
"2017","310000","上海市","17.7417","70.5833","1388.8000","1809.2000"
"2017","320100","南京市","17.0333","71.9167","1255.1000","2037.4000"
"2017","330100","杭州市","18.2500","71.0833","1442.0000","1818.4000"
"2017","340100","合肥市","17.0917","74.5833","951.9000","1675.8000"
"2017","350100","福州市","21.1500","72.6667","1478.0000","1632.4000"
"2017","360100","南昌市","19.1667","72.6667","1698.8000","1853.5000"
"2017","370100","济南市","15.6500","54.3333","615.5000","2376.6000"
"2017","370200","青岛市","14.1417","67.0833","729.1000","2314.0000"
"2017","410100","郑州市","16.7500","60.3333","598.8000","2115.6000"
"2017","420100","武汉市","17.2833","80.7500","1107.3000","1662.0000"
"2017","430100","长沙市","17.6750","77.2500","1684.2000","1498.9000"
"2017","440100","广州市","22.0833","80.2500","2067.4000","1671.5000"
"2017","450100","南宁市","21.9167","79.8333","1548.7000","1632.2000"
"2017","450300","桂林市","20.2833","72.0000","2183.0000","1347.6000"
"2017","460100","海口市","24.6333","82.1667","2009.4000","1994.0000"
"2017","500000","重庆市","19.3750","75.0833","1245.5000","1154.4000"
"2017","510100","成都市","16.5833","81.2500","966.9000","1156.7000"
"2017","520100","贵阳市","15.1500","80.0833","1165.9000","1100.7000"
"2017","530100","昆明市","15.7000","72.8333","1186.4000","2349.0000"
"2017","540100","拉萨市","9.7750","35.7500","550.6000","3070.3000"
"2017","610100","西安市","15.6083","59.3333","649.1000","1966.1000"
"2017","620100","兰州市","7.9917","57.3333","303.0000","2439.2000"
"2017","630100","西宁市","6.2917","57.2500","464.0000","2555.9000"
"2017","640100","银川市","10.9750","47.4167","211.3000","2894.5000"
"2017","650100","乌鲁木齐市","8.2500","58.5833","309.7000","2667.9000"
"2018","110000","北京市","13.5583","48.5833","546.6000","2475.4000"
"2018","120000","天津市","13.7500","56.2500","626.5000","2435.0000"
"2018","130100","石家庄市","14.6000","52.8333","351.7000","2044.8000"
"2018","140100","太原市","11.3667","54.3333","364.6000","2562.9000"
"2018","150100","呼和浩特市","7.3250","45.0000","580.8000","2588.2000"
"2018","210100","沈阳市","8.8000","58.5833","482.2000","2495.4000"
"2018","210200","大连市","11.6917","61.2500","566.0000","2565.3000"
"2018","220100","长春市","6.8250","59.4167","607.3000","2455.6000"
"2018","230100","哈尔滨市","5.0833","64.0833","651.3000","2205.2000"
"2018","310000","上海市","17.7250","73.9167","1408.8000","1835.8000"
"2018","320100","南京市","16.9667","73.1667","1267.0000","2027.4000"
"2018","330100","杭州市","18.1167","73.6667","1810.2000","1744.2000"
"2018","340100","合肥市","17.0083","75.5000","1495.6000","1800.7000"
"2018","350100","福州市","20.8750","72.7500","1399.6000","1487.9000"
"2018","360100","南昌市","19.1500","72.8333","1550.5000","1861.7000"
"2018","370100","济南市","15.3667","54.5833","880.0000","2352.3000"
"2018","370200","青岛市","13.5000","69.1667","686.2000","2075.2000"
"2018","410100","郑州市","16.5083","58.0833","609.5000","2006.0000"
"2018","420100","武汉市","17.3250","77.8333","1110.6000","1797.2000"
"2018","430100","长沙市","17.6917","77.5833","1241.5000","1716.2000"
"2018","440100","广州市","22.1250","81.6667","1759.0000","1537.6000"
"2018","450100","南宁市","21.8000","79.3333","1274.2000","1653.4000"
"2018","450300","桂林市","20.2583","71.5000","1802.7000","1355.0000"
"2018","460100","海口市","24.3917","82.2500","2135.3000","2040.9000"
"2018","500000","重庆市","19.2583","74.8333","1185.7000","1178.7000"
"2018","510100","成都市","16.4667","81.9167","1250.4000","1202.7000"
"2018","520100","贵阳市","14.8333","79.9167","1257.1000","1059.7000"
"2018","530100","昆明市","15.7000","71.4167","1085.2000","2266.8000"
"2018","540100","拉萨市","9.2583","38.0000","534.4000","3054.5000"
"2018","610100","西安市","15.5250","59.0833","459.2000","2055.8000"
"2018","620100","兰州市","7.9000","59.7500","426.8000","2433.8000"
"2018","630100","西宁市","6.3250","58.7500","518.9000","2380.2000"
"2018","640100","银川市","10.5583","46.2500","280.2000","2795.8000"
"2018","650100","乌鲁木齐市","7.4333","55.0833","325.4000","2749.8000"
"2019","500000","重庆市","19.2000","76.0000","1406.4000","964.5000"
"2019","650100","乌鲁木齐市","8.3000","56.0000","226.9000","2665.5000"
"2019","640100","银川市","10.8000","48.0000","145.5000","2660.7000"
"2019","630100","西宁市","6.4000","57.0000","536.5000","2332.3000"
"2019","620100","兰州市","8.0000","60.0000","276.5000","2353.3000"
"2019","610100","西安市","15.3000","61.0000","574.5000","1751.8000"
"2019","540100","拉萨市","9.6000","37.0000","491.0000","2955.1000"
"2019","530100","昆明市","16.7000","66.0000","840.2000","2393.2900"
"2019","520100","贵阳市","15.0000","82.0000","1254.1000","1215.3000"
"2019","510100","成都市","16.4000","84.0000","1107.8000","858.5000"
"2019","110000","北京市","13.8000","48.0000","403.3000","2542.3000"
"2019","460100","海口市","25.8000","80.0000","1798.7000","2017.6000"
"2019","450300","桂林市","20.2000","74.0000","2533.6000","1357.6000"
"2019","450100","南宁市","22.1000","80.0000","1222.6000","1563.3000"
"2019","440100","广州市","22.7000","82.0000","2459.3000","1658.5000"
"2019","430100","长沙市","17.4000","79.0000","1218.3000","1484.0000"
"2019","420100","武汉市","17.3000","78.0000","1053.3000","1621.7000"
"2019","410100","郑州市","16.5000","56.0000","633.4000","1820.0000"
"2019","370200","青岛市","14.1000","67.0000","479.5000","2227.6000"
"2019","370100","济南市","15.7000","52.0000","703.4000","2385.8000"
"2019","360100","南昌市","19.1000","73.0000","1613.4000","1630.1000"
"2019","350100","福州市","20.8000","74.0000","1346.2000","1573.3000"
"2019","340100","合肥市","16.3000","78.0000","581.6000","2048.5000"
"2019","330100","杭州市","18.0000","74.0000","1650.3000","1657.9000"
"2019","320100","南京市","17.1000","73.0000","721.8000","1799.0000"
"2019","310000","上海市","17.4000","75.0000","1404.4000","1617.0000"
"2019","230100","哈尔滨市","5.9000","62.0000","623.5000","2480.3000"
"2019","220100","长春市","7.6000","57.0000","710.2000","3010.6000"
"2019","210200","大连市","12.5000","58.0000","543.0000","2569.8000"
"2019","210100","沈阳市","9.5000","59.0000","874.7000","2426.6000"
"2019","150100","呼和浩特市","7.3000","48.0000","412.2000","2729.5000"
"2019","140100","太原市","11.6000","52.0000","312.6000","2484.3000"
"2019","130100","石家庄市","14.9000","54.0000","470.6000","2225.4000"
"2019","120000","天津市","14.2000","54.0000","490.0000","2596.7000"
"2020","110000","北京市","13.8000","52.0000","528.0000","2441.4000"
"2020","120000","天津市","13.8000","59.0000","704.5000","2566.1000"
"2020","130100","石家庄市","14.7000","58.0000","658.1000","2338.7000"
"2020","140100","太原市","11.2000","59.0000","547.0000","3103.2000"
"2020","150100","呼和浩特市","7.0000","49.0000","364.2000","2817.8000"
"2020","210100","沈阳市","9.2000","63.0000","752.4000","2705.5000"
"2020","210200","大连市","12.0000","63.0000","852.6000","2400.2000"
"2020","220100","长春市","7.1000","66.0000","662.0000","2538.0000"
"2020","230100","哈尔滨市","5.4000","70.0000","783.3000","3421.4000"
"2020","310000","上海市","17.8000","75.0000","1555.0000","1829.9000"
"2020","320100","南京市","17.1000","77.0000","1218.0000","1703.3000"
"2020","330100","杭州市","18.3000","73.0000","1665.4000","1607.8000"
"2020","340100","合肥市","16.2000","82.0000","1497.6000","1818.0000"
"2020","350100","福州市","21.5000","73.0000","1210.5000","1662.4000"
"2020","360100","南昌市","19.1000","75.0000","2140.7000","1396.5000"
"2020","370100","济南市","15.0000","57.0000","661.8000","2970.2000"
"2020","370200","青岛市","13.9000","70.0000","1095.9000","2606.4000"
"2020","410100","郑州市","16.5000","62.0000","679.4000","1676.9000"
"2020","420100","武汉市","17.1000","81.0000","2012.3000","1653.8000"
"2020","430100","长沙市","17.5000","79.0000","1521.0000","1292.5000"
"2020","440100","广州市","22.7000","79.0000","1890.3000","1641.7000"
"2020","450100","南宁市","22.1000","79.0000","1073.0000","1492.6000"
"2020","450300","桂林市","20.2000","73.0000","2341.7000","1106.4000"
"2020","460100","海口市","25.3000","80.0000","1218.9000","1742.2000"
"2020","500000","重庆市","19.2000","76.0000","1182.9000","1007.8000"
"2020","510100","成都市","16.6000","80.0000","1211.8000","927.4000"
"2020","520100","贵阳市","14.9000","82.0000","1380.5000","1286.5000"
"2020","530100","昆明市","16.5000","69.0000","1057.4000","3281.3000"
"2020","540100","拉萨市","9.7000","37.0000","428.1000","3544.7000"
"2020","610100","西安市","15.2000","64.0000","622.4000","1675.6000"
"2020","620100","兰州市","8.1000","54.0000","223.7000","2405.0000"
"2020","630100","西宁市","6.1000","56.0000","427.8000","2346.1000"
"2020","640100","银川市","10.7000","47.0000","186.5000","2610.8000"
"2020","650100","乌鲁木齐市","8.7000","51.0000","194.3000","2719.4000"
"2021","110000","北京市","13.6333","56.3667","686.5000","2285.0000"
"2021","120000","天津市","13.6417","60.9500","913.9000","2475.1000"
"2021","130100","石家庄市","15.2917","57.8583","1063.0000","2889.7000"
"2021","140100","太原市","11.7250","58.3500","593.3000","2214.1000"
"2021","150100","呼和浩特市","7.6667","49.0750","390.7000","2734.3000"
"2021","210100","沈阳市","9.2025","65.3625","791.6000","2131.1000"
"2021","210200","大连市","12.2833","65.1000","799.5000","2242.0000"
"2021","220100","长春市","7.2333","66.3583","858.6000","2187.4000"
"2021","230100","哈尔滨市","5.5392","69.9067","613.8000","2330.6000"
"2021","310000","上海市","18.0750","76.9833","1386.3000","2051.1000"
"2021","320100","南京市","17.5750","72.1917","1259.8000","1946.0000"
"2021","330100","杭州市","18.7583","71.0667","1936.8000","1842.9000"
"2021","340100","合肥市","16.6733","76.7042","1167.8000","2022.3000"
"2021","350100","福州市","21.7583","74.4833","1486.6000","1756.3500"
"2021","360100","南昌市","19.6667","72.4167","1894.3000","1626.2000"
"2021","370100","济南市","15.5442","55.7167","1043.4000","2406.9000"
"2021","370200","青岛市","14.3167","70.5083","847.0000","2210.7000"
"2021","410100","郑州市","16.9250","60.9250","1570.5000","1797.1000"
"2021","420100","武汉市","17.8667","78.1250","1205.8000","1572.9000"
"2021","430100","长沙市","18.2250","77.0667","1255.5000","1578.1000"
"2021","440100","广州市","22.9250","76.1000","1523.1000","1955.0000"
"2021","450100","南宁市","22.5917","76.0917","958.9000","1654.7000"
"2021","450300","桂林市","20.8917","71.2917","2136.7000","1476.8000"
"2021","460100","海口市","25.0917","81.4500","1909.2000","1942.6000"
"2021","500000","重庆市","19.4500","75.9083","1216.2000","1054.5000"
"2021","510100","成都市","16.7333","80.7583","910.3000","1383.8000"
"2021","520100","贵阳市","15.3833","79.9917","1404.7000","1482.2000"
"2021","530100","昆明市","16.9067","65.8750","1020.7000","3235.7000"
"2021","540100","拉萨市","10.3333","36.3417","438.6000","3067.9000"
"2021","610100","西安市","15.4625","62.4667","1006.6000","1908.9000"
"2021","620100","兰州市","8.3000","50.7250","163.2000","2482.5000"
"2021","630100","西宁市","6.6125","52.7000","454.3000","2426.7000"
"2021","640100","银川市","11.3167","47.8583","146.4000","2717.5000"
"2021","650100","乌鲁木齐市","8.4083","52.3667","258.6000","2634.0000"
