RegionCode,
"340803"
"340822"
"340882"
"340826"
"340825"
"340881"
"340827"
"340811"
"340802"
"340828"
"340303"
"340323"
"340321"
"340311"
"340302"
"340322"
"340304"
"341623"
"341622"
"341602"
"341621"
"341721"
"341702"
"341723"
"341722"
"341125"
"341126"
"341122"
"341102"
"341182"
"341103"
"341124"
"341181"
"341225"
"341282"
"341221"
"341222"
"341203"
"341204"
"341226"
"341202"
"340111"
"340181"
"340122"
"340123"
"340124"
"340103"
"340104"
"340102"
"340121"
"340602"
"340604"
"340621"
"340603"
"340405"
"340402"
"340421"
"340406"
"340422"
"340403"
"340404"
"341003"
"341004"
"341024"
"341021"
"341002"
"341022"
"341023"
"341522"
"341525"
"341502"
"341524"
"341523"
"341504"
"341503"
"340506"
"340521"
"340522"
"340523"
"340503"
"340504"
"341321"
"341323"
"341324"
"341322"
"341302"
"340722"
"340711"
"340705"
"340706"
"340211"
"340202"
"340207"
"340223"
"340210"
"340281"
"340209"
"341882"
"341824"
"341823"
"341825"
"341821"
"341881"
"341802"
"820004"
"820005"
"820001"
"820002"
"820006"
"820007"
"820008"
"820003"
"110114"
"110105"
"110115"
"110101"
"110111"
"110106"
"110108"
"110116"
"110109"
"110118"
"110117"
"110107"
"110113"
"110112"
"110102"
"110119"
"350104"
"350181"
"350102"
"350111"
"350122"
"350123"
"350105"
"350121"
"350124"
"350128"
"350103"
"350125"
"350112"
"350825"
"350823"
"350824"
"350802"
"350803"
"350881"
"350821"
"350723"
"350783"
"350703"
"350722"
"350781"
"350721"
"350724"
"350782"
"350702"
"350725"
"350981"
"350982"
"350922"
"350902"
"350923"
"350924"
"350921"
"350926"
"350925"
"350302"
"350303"
"350304"
"350322"
"350305"
"350524"
"350526"
"350503"
"350521"
"350527"
"350582"
"350502"
"350504"
"350583"
"350505"
"350581"
"350525"
"350425"
"350430"
"350428"
"350421"
"350424"
"350423"
"350403"
"350427"
"350429"
"350481"
"350426"
"350205"
"350206"
"350211"
"350203"
"350212"
"350213"
"350626"
"350629"
"350681"
"350603"
"350627"
"350628"
"350602"
"350622"
"350623"
"350625"
"350624"
"620402"
"620422"
"620423"
"620421"
"620403"
"621102"
"621124"
"621122"
"621126"
"621121"
"621123"
"621125"
"623024"
"623001"
"623021"
"623026"
"623025"
"623027"
"623023"
"623022"
"620200"
"620302"
"620321"
"620924"
"620982"
"620922"
"620921"
"620923"
"620902"
"620981"
"620105"
"620102"
"620122"
"620111"
"620103"
"620104"
"620121"
"620123"
"622926"
"622924"
"622925"
"622927"
"622922"
"622901"
"622921"
"622923"
"621221"
"621223"
"621227"
"621224"
"621226"
"621228"
"621222"
"621202"
"621225"
"620823"
"620881"
"620821"
"620826"
"620802"
"620822"
"620825"
"621024"
"621023"
"621022"
"621026"
"621021"
"621002"
"621027"
"621025"
"620523"
"620503"
"620522"
"620502"
"620521"
"620524"
"620525"
"620622"
"620602"
"620621"
"620623"
"620702"
"620724"
"620723"
"620722"
"620725"
"620721"
"445103"
"445122"
"445102"
"441900"
"440604"
"440608"
"440605"
"440607"
"440606"
"440111"
"440117"
"440113"
"440105"
"440114"
"440112"
"440103"
"440115"
"440106"
"440104"
"440118"
"441625"
"441624"
"441623"
"441622"
"441602"
"441621"
"441322"
"441302"
"441323"
"441303"
"441324"
"440785"
"440784"
"440704"
"440783"
"440703"
"440781"
"440705"
"445224"
"445203"
"445222"
"445281"
"445202"
"440904"
"440981"
"440982"
"440902"
"440983"
"441422"
"441423"
"441427"
"441402"
"441403"
"441426"
"441424"
"441481"
"441821"
"441826"
"441825"
"441882"
"441802"
"441803"
"441823"
"441881"
"440514"
"440513"
"440515"
"440512"
"440511"
"440507"
"440523"
"441502"
"441521"
"441581"
"441523"
"440281"
"440282"
"440205"
"440224"
"440232"
"440222"
"440229"
"440203"
"440233"
"440204"
"440306"
"440304"
"440311"
"440307"
"440309"
"440303"
"440305"
"440310"
"440308"
"441702"
"441781"
"441704"
"441721"
"445381"
"445321"
"445322"
"445303"
"445302"
"440802"
"440882"
"440881"
"440811"
"440804"
"440823"
"440883"
"440803"
"440825"
"441226"
"441203"
"441202"
"441225"
"441204"
"441223"
"441224"
"441284"
"442000"
"440403"
"440404"
"440402"
"451024"
"451081"
"451028"
"451027"
"451031"
"451026"
"451082"
"451022"
"451029"
"451003"
"451030"
"451002"
"450502"
"450521"
"450512"
"450503"
"451424"
"451421"
"451402"
"451423"
"451422"
"451481"
"451425"
"450681"
"450603"
"450602"
"450621"
"450802"
"450803"
"450881"
"450821"
"450804"
"450303"
"450332"
"450327"
"450381"
"450312"
"450323"
"450328"
"450330"
"450305"
"450324"
"450304"
"450325"
"450302"
"450311"
"450321"
"450326"
"450329"
"451227"
"451229"
"451224"
"451228"
"451223"
"451226"
"451202"
"451225"
"451221"
"451222"
"451203"
"451102"
"451123"
"451103"
"451121"
"451122"
"451381"
"451324"
"451323"
"451322"
"451321"
"451302"
"450202"
"450205"
"450222"
"450206"
"450204"
"450223"
"450224"
"450225"
"450226"
"450203"
"450126"
"450127"
"450105"
"450108"
"450123"
"450124"
"450103"
"450125"
"450110"
"450107"
"450102"
"450109"
"450721"
"450722"
"450703"
"450702"
"450421"
"450481"
"450406"
"450423"
"450422"
"450403"
"450405"
"450981"
"450923"
"450903"
"450922"
"450921"
"450924"
"450902"
"520424"
"520403"
"520422"
"520402"
"520423"
"520425"
"520521"
"520527"
"520523"
"520525"
"520502"
"520522"
"520526"
"520524"
"520113"
"520115"
"520111"
"520121"
"520102"
"520181"
"520112"
"520122"
"520123"
"520103"
"520203"
"520281"
"520221"
"520201"
"522626"
"522633"
"522636"
"522622"
"522629"
"522628"
"522601"
"522634"
"522631"
"522635"
"522632"
"522624"
"522623"
"522630"
"522627"
"522625"
"522701"
"522726"
"522702"
"522723"
"522731"
"522722"
"522730"
"522728"
"522727"
"522732"
"522725"
"522729"
"522328"
"522327"
"522323"
"522324"
"522326"
"522302"
"522301"
"522325"
"520602"
"520626"
"520621"
"520623"
"520624"
"520628"
"520603"
"520627"
"520625"
"520622"
"520304"
"520381"
"520325"
"520327"
"520302"
"520303"
"520328"
"520382"
"520323"
"520322"
"520326"
"520330"
"520329"
"520324"
"469025"
"469029"
"469026"
"469023"
"460400"
"469021"
"469007"
"460106"
"460108"
"460107"
"460105"
"469027"
"469024"
"469028"
"469002"
"469030"
"460302"
"460301"
"460202"
"460203"
"460204"
"460205"
"469022"
"469006"
"469005"
"469001"
"130683"
"130632"
"130637"
"130626"
"130682"
"130624"
"130684"
"130628"
"130602"
"130623"
"130630"
"130635"
"130606"
"130607"
"130608"
"130634"
"130629"
"130636"
"130627"
"130631"
"130638"
"130609"
"130633"
"130681"
"130921"
"130923"
"130924"
"130984"
"130983"
"130930"
"130927"
"130981"
"130922"
"130982"
"130926"
"130928"
"130929"
"130902"
"130925"
"130903"
"130821"
"130826"
"130827"
"130825"
"130824"
"130881"
"130803"
"130802"
"130828"
"130822"
"130804"
"130424"
"130427"
"130403"
"130425"
"130407"
"130406"
"130404"
"130433"
"130432"
"130402"
"130431"
"130423"
"130430"
"130435"
"130426"
"130434"
"130481"
"130408"
"131125"
"131128"
"131126"
"131103"
"131127"
"131124"
"131182"
"131102"
"131123"
"131122"
"131121"
"131002"
"131081"
"131028"
"131025"
"131022"
"131003"
"131082"
"131026"
"131024"
"131023"
"130304"
"130322"
"130306"
"130302"
"130324"
"130321"
"130303"
"130127"
"130109"
"130183"
"130107"
"130121"
"130126"
"130110"
"130111"
"130131"
"130104"
"130128"
"130130"
"130181"
"130105"
"130184"
"130125"
"130108"
"130132"
"130129"
"130102"
"130133"
"130123"
"130209"
"130207"
"130208"
"130204"
"130205"
"130225"
"130203"
"130202"
"130224"
"130284"
"130283"
"130227"
"130229"
"130281"
"130524"
"130531"
"130529"
"130522"
"130535"
"130525"
"130581"
"130506"
"130523"
"130528"
"130532"
"130534"
"130505"
"130582"
"130533"
"130502"
"130530"
"130503"
"130732"
"130709"
"130724"
"130728"
"130730"
"130723"
"130702"
"130703"
"130725"
"130708"
"130726"
"130706"
"130705"
"130727"
"130722"
"130731"
"410522"
"410503"
"410526"
"410581"
"410506"
"410527"
"410523"
"410502"
"410505"
"410602"
"410621"
"410611"
"410622"
"410603"
"419001"
"410822"
"410802"
"410804"
"410883"
"410882"
"410811"
"410825"
"410823"
"410821"
"410803"
"410204"
"410225"
"410202"
"410221"
"410203"
"410222"
"410223"
"410212"
"410205"
"410304"
"410306"
"410305"
"410302"
"410324"
"410311"
"410328"
"410326"
"410325"
"410303"
"410323"
"410312"
"410329"
"410327"
"411122"
"411121"
"411103"
"411102"
"411104"
"411381"
"411322"
"411321"
"411325"
"411327"
"411328"
"411330"
"411302"
"411303"
"411323"
"411326"
"411329"
"411324"
"410421"
"410425"
"410423"
"410482"
"410404"
"410403"
"410481"
"410402"
"410422"
"410411"
"410926"
"410902"
"410923"
"410928"
"410922"
"410927"
"411202"
"411282"
"411224"
"411221"
"411203"
"411281"
"411402"
"411421"
"411423"
"411422"
"411403"
"411426"
"411481"
"411425"
"411424"
"410727"
"410704"
"410702"
"410782"
"410724"
"410711"
"410703"
"410781"
"410721"
"410726"
"410725"
"410783"
"411525"
"411522"
"411527"
"411526"
"411521"
"411503"
"411524"
"411502"
"411528"
"411523"
"411003"
"411002"
"411025"
"411024"
"411081"
"411082"
"410185"
"410103"
"410181"
"410104"
"410108"
"410105"
"410106"
"410183"
"410184"
"410182"
"410122"
"410102"
"411602"
"411625"
"411621"
"411603"
"411628"
"411623"
"411624"
"411627"
"411622"
"411681"
"411726"
"411723"
"411725"
"411727"
"411722"
"411728"
"411721"
"411729"
"411702"
"411724"
"230606"
"230624"
"230605"
"230623"
"230603"
"230604"
"230602"
"230622"
"230621"
"232721"
"232718"
"232701"
"232722"
"230112"
"230126"
"230125"
"230102"
"230104"
"230124"
"230111"
"230127"
"230103"
"230108"
"230183"
"230113"
"230109"
"230128"
"230184"
"230110"
"230129"
"230123"
"230406"
"230403"
"230421"
"230404"
"230422"
"230402"
"230405"
"230407"
"231102"
"231181"
"231183"
"231124"
"231182"
"231123"
"230306"
"230304"
"230303"
"230381"
"230321"
"230302"
"230305"
"230307"
"230382"
"230805"
"230883"
"230882"
"230826"
"230822"
"230811"
"230804"
"230828"
"230881"
"230803"
"231004"
"231002"
"231086"
"231083"
"231025"
"231085"
"231084"
"231081"
"231005"
"231003"
"230921"
"230904"
"230903"
"230902"
"230205"
"230231"
"230206"
"230227"
"230225"
"230203"
"230230"
"230229"
"230221"
"230202"
"230208"
"230281"
"230207"
"230224"
"230204"
"230223"
"230523"
"230506"
"230521"
"230502"
"230503"
"230524"
"230505"
"230522"
"231281"
"231202"
"231283"
"231222"
"231225"
"231223"
"231224"
"231226"
"231221"
"231282"
"230725"
"230724"
"230722"
"230751"
"230726"
"230723"
"230781"
"230718"
"230717"
"230719"
"420704"
"420703"
"420702"
"422823"
"422801"
"422828"
"422822"
"422827"
"422802"
"422826"
"422825"
"421122"
"421127"
"421102"
"421123"
"421181"
"421126"
"421121"
"421182"
"421125"
"421124"
"420281"
"420202"
"420205"
"420203"
"420204"
"420222"
"420802"
"420804"
"420882"
"420822"
"420881"
"421022"
"421083"
"421023"
"421024"
"421003"
"421002"
"421081"
"421087"
"429005"
"429021"
"420381"
"420325"
"420302"
"420322"
"420304"
"420303"
"420323"
"420324"
"421303"
"421381"
"421321"
"429006"
"420114"
"420112"
"420113"
"420105"
"420111"
"420116"
"420102"
"420103"
"420115"
"420104"
"420107"
"420106"
"420117"
"429004"
"421281"
"421223"
"421221"
"421222"
"421224"
"421202"
"420626"
"420606"
"420625"
"420682"
"420624"
"420602"
"420607"
"420684"
"420683"
"420982"
"420922"
"420984"
"420921"
"420902"
"420981"
"420923"
"420582"
"420504"
"420529"
"420503"
"420502"
"420505"
"420526"
"420506"
"420581"
"420525"
"420528"
"420583"
"420527"
"430721"
"430703"
"430722"
"430781"
"430723"
"430724"
"430726"
"430725"
"430702"
"431028"
"431002"
"431027"
"431021"
"431024"
"431025"
"431026"
"431003"
"431022"
"431023"
"431081"
"430482"
"430424"
"430422"
"430423"
"430421"
"430481"
"430412"
"430426"
"430407"
"430406"
"430408"
"430405"
"431223"
"431202"
"431281"
"431225"
"431229"
"431226"
"431230"
"431227"
"431224"
"431222"
"431228"
"431221"
"431381"
"431382"
"431302"
"431321"
"431322"
"430511"
"430529"
"430503"
"430525"
"430524"
"430582"
"430523"
"430502"
"430527"
"430581"
"430528"
"430522"
"430382"
"430321"
"430381"
"430302"
"430304"
"433125"
"433123"
"433126"
"433124"
"433101"
"433130"
"433122"
"433127"
"430923"
"430903"
"430921"
"430922"
"430981"
"430902"
"431124"
"431122"
"431129"
"431125"
"431127"
"431103"
"431102"
"431126"
"431121"
"431123"
"431128"
"430623"
"430611"
"430682"
"430681"
"430626"
"430624"
"430602"
"430621"
"430603"
"430821"
"430822"
"430811"
"430802"
"430102"
"430105"
"430181"
"430182"
"430103"
"430112"
"430111"
"430104"
"430121"
"430224"
"430202"
"430281"
"430203"
"430212"
"430204"
"430211"
"430225"
"430223"
"220882"
"220802"
"220881"
"220822"
"220821"
"220621"
"220602"
"220605"
"220622"
"220681"
"220623"
"220202"
"220204"
"220211"
"220282"
"220281"
"220203"
"220284"
"220283"
"220221"
"220421"
"220422"
"220402"
"220403"
"220322"
"220382"
"220303"
"220323"
"220781"
"220702"
"220721"
"220723"
"220722"
"220502"
"220503"
"220523"
"220582"
"220524"
"220581"
"220521"
"222426"
"222403"
"222406"
"222404"
"222405"
"222402"
"222424"
"222401"
"220104"
"220183"
"220105"
"220184"
"220113"
"220103"
"220106"
"220102"
"220122"
"220112"
"220182"
"320413"
"320481"
"320402"
"320412"
"320411"
"320404"
"320813"
"320803"
"320804"
"320831"
"320826"
"320812"
"320830"
"320722"
"320707"
"320724"
"320723"
"320706"
"320703"
"320118"
"320106"
"320105"
"320115"
"320117"
"320116"
"320111"
"320113"
"320104"
"320102"
"320114"
"320602"
"320685"
"320684"
"320681"
"320623"
"320682"
"320612"
"320581"
"320508"
"320505"
"320583"
"320571"
"320585"
"320509"
"320506"
"320507"
"320582"
"321322"
"321324"
"321323"
"321302"
"321311"
"321203"
"321202"
"321204"
"321282"
"321283"
"321281"
"320211"
"320206"
"320281"
"320213"
"320205"
"320214"
"320282"
"320321"
"320302"
"320305"
"320322"
"320382"
"320311"
"320324"
"320312"
"320381"
"320303"
"320922"
"320904"
"320981"
"320923"
"320925"
"320924"
"320902"
"320921"
"320903"
"321023"
"321084"
"321002"
"321003"
"321012"
"321081"
"321112"
"321181"
"321102"
"321183"
"321111"
"321182"
"361024"
"361003"
"361030"
"361027"
"361025"
"361022"
"361002"
"361021"
"361023"
"361026"
"361028"
"360726"
"360725"
"360723"
"360728"
"360704"
"360733"
"360783"
"360703"
"360730"
"360729"
"360781"
"360724"
"360735"
"360722"
"360732"
"360734"
"360731"
"360702"
"360829"
"360821"
"360822"
"360802"
"360881"
"360803"
"360827"
"360826"
"360828"
"360823"
"360824"
"360825"
"360830"
"360202"
"360222"
"360281"
"360203"
"360404"
"360426"
"360428"
"360482"
"360429"
"360402"
"360483"
"360430"
"360481"
"360423"
"360424"
"360403"
"360425"
"360123"
"360102"
"360113"
"360124"
"360121"
"360111"
"360104"
"360103"
"360112"
"360302"
"360321"
"360323"
"360322"
"360313"
"361181"
"361103"
"361104"
"361125"
"361128"
"361124"
"361129"
"361130"
"361102"
"361126"
"361127"
"361123"
"360521"
"360502"
"360981"
"360921"
"360983"
"360925"
"360923"
"360926"
"360922"
"360924"
"360902"
"360982"
"360681"
"360603"
"360602"
"210381"
"210304"
"210311"
"210321"
"210302"
"210303"
"210323"
"210521"
"210522"
"210504"
"210505"
"210502"
"210503"
"211381"
"211321"
"211322"
"211324"
"211382"
"211303"
"211302"
"210211"
"210213"
"210212"
"210214"
"210204"
"210281"
"210203"
"210224"
"210202"
"210283"
"210681"
"210682"
"210624"
"210602"
"210604"
"210603"
"210403"
"210421"
"210423"
"210411"
"210404"
"210422"
"210402"
"210921"
"210902"
"210905"
"210904"
"210911"
"210903"
"210922"
"211422"
"211402"
"211403"
"211404"
"211421"
"211481"
"210782"
"210702"
"210726"
"210781"
"210703"
"210711"
"210727"
"211002"
"211081"
"211005"
"211004"
"211021"
"211011"
"211003"
"211104"
"211122"
"211102"
"211103"
"210104"
"210124"
"210102"
"210105"
"210112"
"210123"
"210115"
"210113"
"210103"
"210111"
"210106"
"210181"
"210114"
"211224"
"211281"
"211282"
"211204"
"211221"
"211223"
"211202"
"210804"
"210882"
"210881"
"210811"
"210803"
"210802"
"152922"
"152921"
"152923"
"150822"
"150826"
"150802"
"150825"
"150823"
"150824"
"150821"
"150206"
"150223"
"150202"
"150222"
"150207"
"150203"
"150204"
"150205"
"150221"
"150421"
"150430"
"150423"
"150422"
"150402"
"150428"
"150425"
"150424"
"150429"
"150404"
"150426"
"150403"
"150621"
"150602"
"150624"
"150623"
"150625"
"150603"
"150626"
"150627"
"150622"
"150123"
"150103"
"150124"
"150105"
"150121"
"150122"
"150125"
"150102"
"150104"
"150721"
"150725"
"150784"
"150723"
"150724"
"150785"
"150702"
"150781"
"150722"
"150727"
"150726"
"150782"
"150703"
"150783"
"150581"
"150523"
"150502"
"150522"
"150521"
"150524"
"150525"
"150526"
"150302"
"150303"
"150304"
"150928"
"150926"
"150927"
"150981"
"150922"
"150902"
"150925"
"150923"
"150929"
"150924"
"150921"
"152522"
"152525"
"152531"
"152501"
"152524"
"152523"
"152527"
"152526"
"152502"
"152528"
"152530"
"152529"
"152202"
"152221"
"152222"
"152224"
"152201"
"152223"
"640424"
"640423"
"640425"
"640422"
"640402"
"640202"
"640205"
"640221"
"640303"
"640302"
"640381"
"640324"
"640323"
"640122"
"640106"
"640181"
"640105"
"640104"
"640121"
"640522"
"640502"
"640521"
"632622"
"632624"
"632623"
"632625"
"632626"
"632621"
"632224"
"632223"
"632221"
"632222"
"630223"
"630224"
"630202"
"630222"
"630203"
"630225"
"632521"
"632523"
"632525"
"632522"
"632524"
"632802"
"632822"
"632801"
"632825"
"632803"
"632823"
"632821"
"632324"
"632322"
"632301"
"632323"
"630105"
"630102"
"630104"
"630103"
"630121"
"630123"
"630106"
"632723"
"632725"
"632726"
"632701"
"632722"
"632724"
"371602"
"371625"
"371621"
"371623"
"371622"
"371603"
"371681"
"371402"
"371481"
"371424"
"371403"
"371422"
"371426"
"371425"
"371423"
"371428"
"371427"
"371482"
"370502"
"370523"
"370503"
"370505"
"370522"
"371721"
"371723"
"371722"
"371703"
"371728"
"371724"
"371726"
"371702"
"371725"
"370117"
"370104"
"370115"
"370116"
"370112"
"370102"
"370124"
"370126"
"370103"
"370105"
"370114"
"370113"
"370829"
"370828"
"370832"
"370881"
"370811"
"370831"
"370826"
"370830"
"370812"
"370827"
"370883"
"371503"
"371524"
"371502"
"371526"
"371525"
"371581"
"371522"
"371521"
"371325"
"371312"
"371327"
"371324"
"371302"
"371329"
"371311"
"371328"
"371326"
"371322"
"371321"
"371323"
"370214"
"370211"
"370215"
"370281"
"370285"
"370212"
"370213"
"370283"
"370203"
"370202"
"371102"
"371122"
"371103"
"371121"
"370911"
"370923"
"370983"
"370921"
"370902"
"370982"
"371002"
"371082"
"371083"
"371003"
"370784"
"370725"
"370786"
"370704"
"370785"
"370703"
"370705"
"370724"
"370781"
"370783"
"370702"
"370782"
"370611"
"370687"
"370613"
"370682"
"370683"
"370681"
"370612"
"370614"
"370686"
"370685"
"370602"
"370406"
"370402"
"370405"
"370481"
"370403"
"370404"
"370304"
"370322"
"370321"
"370305"
"370323"
"370303"
"370306"
"370302"
"140223"
"140225"
"140224"
"140213"
"140222"
"140212"
"140221"
"140214"
"140215"
"140226"
"140502"
"140581"
"140524"
"140521"
"140522"
"140525"
"140723"
"140781"
"140729"
"140728"
"140727"
"140725"
"140703"
"140724"
"140702"
"140721"
"140722"
"141026"
"141030"
"141034"
"141027"
"141025"
"141024"
"141081"
"141082"
"141028"
"141033"
"141021"
"141031"
"141029"
"141023"
"141002"
"141022"
"141032"
"141128"
"141182"
"141122"
"141130"
"141127"
"141102"
"141124"
"141125"
"141126"
"141121"
"141181"
"141123"
"141129"
"140681"
"140603"
"140621"
"140602"
"140622"
"140623"
"140181"
"140108"
"140110"
"140123"
"140121"
"140109"
"140105"
"140107"
"140122"
"140106"
"140931"
"140923"
"140921"
"140924"
"140930"
"140926"
"140929"
"140925"
"140932"
"140927"
"140922"
"140928"
"140902"
"140981"
"140302"
"140311"
"140303"
"140321"
"140322"
"140882"
"140824"
"140826"
"140821"
"140829"
"140830"
"140822"
"140823"
"140828"
"140825"
"140802"
"140881"
"140827"
"140427"
"140426"
"140406"
"140403"
"140425"
"140430"
"140431"
"140404"
"140405"
"140429"
"140423"
"140428"
"610929"
"610902"
"610921"
"610925"
"610923"
"610926"
"610922"
"610928"
"610927"
"610924"
"610304"
"610330"
"610322"
"610324"
"610303"
"610329"
"610327"
"610326"
"610323"
"610328"
"610331"
"610302"
"610722"
"610730"
"610702"
"610729"
"610727"
"610725"
"610703"
"610726"
"610724"
"610723"
"610728"
"611022"
"611021"
"611024"
"611023"
"611002"
"611026"
"611025"
"610202"
"610204"
"610222"
"610203"
"610527"
"610525"
"610523"
"610528"
"610581"
"610524"
"610582"
"610503"
"610502"
"610526"
"610522"
"610111"
"610103"
"610117"
"610118"
"610122"
"610104"
"610115"
"610112"
"610102"
"610114"
"610113"
"610116"
"610124"
"610482"
"610430"
"610423"
"610425"
"610424"
"610402"
"610422"
"610404"
"610431"
"610481"
"610429"
"610403"
"610426"
"610428"
"610603"
"610602"
"610628"
"610627"
"610632"
"610631"
"610629"
"610626"
"610622"
"610621"
"610630"
"610625"
"610681"
"610825"
"610822"
"610803"
"610828"
"610824"
"610827"
"610830"
"610881"
"610826"
"610829"
"610802"
"610831"
"310113"
"310151"
"310120"
"310109"
"310101"
"310114"
"310116"
"310106"
"310112"
"310115"
"310107"
"310118"
"310117"
"310104"
"310110"
"310105"
"513231"
"513228"
"513233"
"513226"
"513225"
"513222"
"513201"
"513223"
"513230"
"513232"
"513224"
"513221"
"513227"
"511902"
"511903"
"511922"
"511923"
"511921"
"510108"
"510184"
"510129"
"510181"
"510185"
"510106"
"510121"
"510104"
"510112"
"510182"
"510117"
"510131"
"510113"
"510105"
"510183"
"510116"
"510115"
"510107"
"510114"
"510118"
"511703"
"511724"
"511723"
"511725"
"511702"
"511781"
"511722"
"510681"
"510603"
"510604"
"510683"
"510682"
"510623"
"513335"
"513331"
"513323"
"513326"
"513337"
"513338"
"513330"
"513328"
"513324"
"513301"
"513334"
"513327"
"513322"
"513333"
"513332"
"513336"
"513329"
"513325"
"511602"
"511681"
"511623"
"511603"
"511622"
"511621"
"510824"
"510812"
"510823"
"510802"
"510822"
"510821"
"510811"
"511132"
"511181"
"511126"
"511123"
"511113"
"511124"
"511133"
"511129"
"511111"
"511102"
"511112"
"513429"
"513424"
"513435"
"513426"
"513425"
"513430"
"513437"
"513436"
"513433"
"513422"
"513427"
"513428"
"513401"
"513432"
"513423"
"513434"
"513431"
"510525"
"510522"
"510502"
"510504"
"510521"
"510503"
"510524"
"511424"
"511402"
"511423"
"511403"
"511425"
"511421"
"510705"
"510726"
"510703"
"510781"
"510727"
"510722"
"510723"
"510704"
"510725"
"511303"
"511304"
"511381"
"511321"
"511323"
"511302"
"511325"
"511324"
"511322"
"511011"
"511083"
"511002"
"511024"
"511025"
"510402"
"510421"
"510411"
"510403"
"510422"
"510904"
"510903"
"510923"
"510921"
"510981"
"511827"
"511823"
"511826"
"511803"
"511824"
"511825"
"511822"
"511802"
"511502"
"511525"
"511526"
"511523"
"511503"
"511529"
"511528"
"511504"
"511527"
"511524"
"512021"
"512022"
"512002"
"510304"
"510322"
"510303"
"510321"
"510311"
"510302"
"710000"
"120115"
"120113"
"120116"
"120110"
"120101"
"120105"
"120102"
"120103"
"120106"
"120119"
"120112"
"120118"
"120104"
"120117"
"120114"
"120111"
"542527"
"542523"
"542526"
"542525"
"542521"
"542524"
"542522"
"540326"
"540330"
"540325"
"540324"
"540322"
"540321"
"540302"
"540323"
"540329"
"540328"
"540327"
"540102"
"540104"
"540122"
"540103"
"540121"
"540127"
"540123"
"540124"
"540402"
"540424"
"540425"
"540421"
"540426"
"540422"
"540423"
"540624"
"540628"
"540627"
"540622"
"540621"
"540629"
"540623"
"540602"
"540625"
"540630"
"540626"
"540226"
"540228"
"540231"
"540223"
"540237"
"540234"
"540222"
"540230"
"540225"
"540221"
"540235"
"540229"
"540236"
"540224"
"540202"
"540227"
"540233"
"540232"
"540526"
"540530"
"540522"
"540528"
"540531"
"540529"
"540527"
"540502"
"540524"
"540525"
"540523"
"540521"
"810013"
"810014"
"999077"
"810009"
"810008"
"810007"
"810017"
"810018"
"810004"
"810010"
"810016"
"810006"
"810011"
"810002"
"810015"
"810005"
"810012"
"810001"
"652901"
"652928"
"652926"
"652929"
"652902"
"652924"
"652922"
"652927"
"652925"
"659002"
"654301"
"654321"
"654323"
"654322"
"654324"
"654326"
"654325"
"652829"
"652827"
"652828"
"652801"
"652822"
"652825"
"652824"
"652823"
"652826"
"659005"
"652702"
"652701"
"652722"
"652723"
"652301"
"652302"
"652323"
"652327"
"652324"
"652328"
"652325"
"650521"
"650522"
"650502"
"653225"
"653201"
"653221"
"653224"
"653227"
"653222"
"653223"
"653226"
"659010"
"653130"
"653129"
"653101"
"653127"
"653125"
"653121"
"653122"
"653131"
"653126"
"653123"
"653128"
"653124"
"659008"
"650204"
"650202"
"650203"
"650205"
"653023"
"653022"
"653001"
"653024"
"659009"
"659001"
"659007"
"654221"
"654226"
"654223"
"654201"
"654224"
"654202"
"654225"
"659006"
"659003"
"650402"
"650421"
"650422"
"650107"
"650109"
"650103"
"650105"
"650102"
"650106"
"650121"
"650104"
"659004"
"654022"
"654024"
"654023"
"654004"
"654003"
"654028"
"654027"
"654025"
"654002"
"654021"
"654026"
"530524"
"530523"
"530502"
"530521"
"530581"
"532301"
"532326"
"532331"
"532323"
"532324"
"532322"
"532329"
"532325"
"532327"
"532328"
"532924"
"532901"
"532930"
"532932"
"532931"
"532925"
"532926"
"532927"
"532923"
"532922"
"532928"
"532929"
"533122"
"533124"
"533103"
"533102"
"533123"
"533422"
"533423"
"533401"
"532501"
"532532"
"532529"
"532524"
"532530"
"532502"
"532527"
"532531"
"532503"
"532504"
"532523"
"532525"
"532528"
"530181"
"530114"
"530113"
"530124"
"530111"
"530115"
"530128"
"530103"
"530126"
"530127"
"530102"
"530112"
"530129"
"530125"
"530702"
"530723"
"530724"
"530722"
"530721"
"530927"
"530921"
"530926"
"530902"
"530925"
"530923"
"530922"
"530924"
"533323"
"533324"
"533325"
"533301"
"530826"
"530823"
"530824"
"530828"
"530827"
"530822"
"530821"
"530802"
"530829"
"530825"
"530325"
"530326"
"530322"
"530324"
"530304"
"530302"
"530323"
"530381"
"530303"
"532628"
"532627"
"532624"
"532625"
"532626"
"532601"
"532623"
"532622"
"532801"
"532822"
"532823"
"530481"
"530426"
"530402"
"530424"
"530403"
"530423"
"530427"
"530425"
"530428"
"530624"
"530621"
"530622"
"530681"
"530626"
"530629"
"530623"
"530628"
"530625"
"530602"
"530627"
"330523"
"330521"
"330503"
"330502"
"330522"
"330481"
"330424"
"330421"
"330402"
"330482"
"330483"
"330411"
"330783"
"330703"
"330781"
"330727"
"330726"
"330723"
"330702"
"330782"
"330784"
"331122"
"331127"
"331102"
"331181"
"331121"
"331126"
"331124"
"331123"
"331125"
"330206"
"330282"
"330213"
"330203"
"330205"
"330226"
"330225"
"330212"
"330281"
"330211"
"330822"
"330881"
"330824"
"330802"
"330825"
"330803"
"330603"
"330604"
"330683"
"330624"
"330602"
"330681"
"331003"
"331002"
"331082"
"331004"
"331022"
"331023"
"331081"
"331024"
"331083"
"330327"
"330305"
"330382"
"330383"
"330303"
"330302"
"330304"
"330326"
"330381"
"330329"
"330328"
"330324"
"330921"
"330902"
"330903"
"330922"
"500113"
"500109"
"500120"
"500229"
"500104"
"500111"
"500231"
"500230"
"500236"
"500102"
"500117"
"500105"
"500116"
"500107"
"500154"
"500155"
"500108"
"500119"
"500243"
"500110"
"500114"
"500153"
"500106"
"500240"
"500151"
"500152"
"500101"
"500237"
"500238"
"500156"
"500241"
"500118"
"500242"
"500112"
"500103"
"500235"
"500115"
"500233"
"220302"
"659011"
"330108"
"330127"
"330111"
"330105"
"330182"
"330114"
"330112"
"330102"
"330122"
"330106"
"330109"
"330110"
"330113"
