UpdateTimes,Sgnyea,Prvcnm_id,Prvcnm,Tpt0101,Tpt0103,Tpt0104
1,1992,210000,辽宁省,3758,41548,
1,1992,230000,黑龙江省,5307,47882,
1,1992,440000,广东省,1426,55883,
1,1992,460000,海南省,214,12937,
1,1992,120000,天津市,3758,4088,
1,1992,140000,山西省,2331,31554,
1,1992,142,中国,58100,1056700,
1,1992,310000,上海市,235,3625,
1,1992,340000,安徽省,1672,30571,
1,1992,360000,江西省,1644,33986,
1,1992,370000,山东省,2048,43134,
1,1992,410000,河南省,3486,45049,
1,1992,110000,北京市,872.5,10827,
1,1992,530000,云南省,1651,60045,
1,1992,540000,西藏自治区,,21944,
1,1992,620000,甘肃省,1884,34822,
1,1992,430000,湖南省,2302,58110,
1,1992,610000,陕西省,2121,38318,
1,1992,640000,宁夏回族自治区,421,8200,
1,1992,130000,河北省,3609,48334,
1,1992,450000,广西壮族自治区,2294,37291,
1,1992,520000,贵州省,1408,31889,
1,1992,650000,新疆维吾尔自治区,1578,26024,
1,1992,220000,吉林省,3473,27192,
1,1992,330000,浙江省,867,31294,
1,1992,420000,湖北省,1705,47892,
1,1992,320000,江苏省,744,25325,
1,1992,630000,青海省,1100,16854,
1,1992,150000,内蒙古自治区,5770,43704,
1,1992,350000,福建省,1015,41882,
1,1993,120000,天津市,3789,4117,
1,1993,310000,上海市,247,3677,
1,1993,430000,湖南省,2273,58421,
1,1993,440000,广东省,1564,67554,
1,1993,460000,海南省,214,12937,
1,1993,130000,河北省,3806,49195,
1,1993,420000,湖北省,1941,48008,
1,1993,650000,新疆维吾尔自治区,2038,27961,
1,1993,360000,江西省,1644,34207,
1,1993,110000,北京市,874.6,11242,
1,1993,330000,浙江省,921,32838,
1,1993,210000,辽宁省,3758,41638,
1,1993,220000,吉林省,3473,28374,
1,1993,230000,黑龙江省,5262,48023,
1,1993,350000,福建省,1015,43558,
1,1993,610000,陕西省,2121,38536,
1,1993,640000,宁夏回族自治区,446,8301,
1,1993,142,中国,58600,1083500,
1,1993,320000,江苏省,747,25505,
1,1993,450000,广西壮族自治区,2294,38495,
1,1993,410000,河南省,3456,46487,
1,1993,540000,西藏自治区,,21944,
1,1993,620000,甘肃省,1884,34875,
1,1993,630000,青海省,1097,16963,
1,1993,340000,安徽省,1672,30723,
1,1993,370000,山东省,2048,46033,
1,1993,140000,山西省,2331,32210,
1,1993,520000,贵州省,1408,32092,
1,1993,150000,内蒙古自治区,5800,43789,
1,1993,530000,云南省,1644,63086,
1,1994,330000,浙江省,921,33438,
1,1994,530000,云南省,1642,65578,
1,1994,620000,甘肃省,1883.6,34984,
1,1994,350000,福建省,1024,44608,
1,1994,440000,广东省,1725,75716,
1,1994,140000,山西省,2331,32693,
1,1994,150000,内蒙古自治区,5733,44202,
1,1994,650000,新疆维吾尔自治区,2038,28611,
1,1994,220000,吉林省,3487,29581,
1,1994,460000,海南省,214,13014,
1,1994,520000,贵州省,1408,32398,
1,1994,320000,江苏省,747,25891,
1,1994,410000,河南省,3350,47704,
1,1994,110000,北京市,874.6,11532,
1,1994,430000,湖南省,2273,58803,
1,1994,540000,西藏自治区,,21842,
1,1994,420000,湖北省,1978,48349,
1,1994,640000,宁夏回族自治区,453,8324,
1,1994,120000,天津市,4033,4156,
1,1994,130000,河北省,3844,50496,
1,1994,142,中国,59000,1117800,
1,1994,230000,黑龙江省,5262,48356,
1,1994,310000,上海市,246,3721,
1,1994,340000,安徽省,1930,30876,
1,1994,370000,山东省,2048,50225,
1,1994,450000,广西壮族自治区,2336,39550,
1,1994,610000,陕西省,2121,39059,
1,1994,630000,青海省,1097,17089,
1,1994,210000,辽宁省,3758,42763,
1,1994,360000,江西省,1644,34556,
1,1995,142,中国,62389,1157000,1043390
1,1995,520000,贵州省,1423,32487,32487
1,1995,220000,吉林省,3480,31321,26391
1,1995,110000,北京市,1020,11811,11682
1,1995,120000,天津市,503,4243,3833
1,1995,310000,上海市,256,3787,3787
1,1995,130000,河北省,3228,51630,45881
1,1995,140000,山西省,2435,33644,28112
1,1995,410000,河南省,2136,49707,42840
1,1995,510000,四川省,2881,100724,94490
1,1995,640000,宁夏回族自治区,714,8554,8110
1,1995,230000,黑龙江省,4943,48819,45449
1,1995,340000,安徽省,1754,35178,33893
1,1995,430000,湖南省,2292,59125,58191
1,1995,440000,广东省,684,84567,77883
1,1995,610000,陕西省,1957,39620,28960
1,1995,320000,江苏省,747,25970,25385
1,1995,330000,浙江省,938,34121,34121
1,1995,360000,江西省,1581,34915,34891
1,1995,420000,湖北省,1693,48728,41135
1,1995,530000,云南省,1592,68236,64483
1,1995,620000,甘肃省,2322,35194,28345
1,1995,650000,新疆维吾尔自治区,1343,30298,27982
1,1995,150000,内蒙古自治区,5073,44753,36053
1,1995,460000,海南省,1670,14808,8023
1,1995,630000,青海省,1095,17223,14887
1,1995,350000,福建省,1024,46574,42437
1,1995,370000,山东省,2048,54243,53024
1,1995,450000,广西壮族自治区,219,40904,39838
1,1995,540000,西藏自治区,,22391,8234
1,1995,210000,辽宁省,3568,43434,42563
1,1996,340000,安徽省,1821,36182,33285
1,1996,370000,山东省,2351,57271,56882
1,1996,540000,西藏自治区,,22391,10461
1,1996,430000,湖南省,2293,59554,31159
1,1996,130000,河北省,3603,54146,51081
1,1996,142,中国,64900,1185800,948068
1,1996,210000,辽宁省,3568,43753,42754
1,1996,620000,甘肃省,2322,35338,24777
1,1996,120000,天津市,526,4264,4181
1,1996,220000,吉林省,3480,32098,30379
1,1996,310000,上海市,256,3881,3870
1,1996,450000,广西壮族自治区,1725,42696,27375
1,1996,110000,北京市,1067,12084,11616
1,1996,230000,黑龙江省,4943,48987,47794
1,1996,610000,陕西省,1939,40200,32884
1,1996,650000,新疆维吾尔自治区,1343,31609,28733
1,1996,150000,内蒙古自治区,5073,45744,37467
1,1996,520000,贵州省,1423,32700,12948
1,1996,440000,广东省,777,89631,76275
1,1996,320000,江苏省,751,26659,24752
1,1996,350000,福建省,1025,47196,37192
1,1996,360000,江西省,2116,34963,21986
1,1996,330000,浙江省,938,34924,29637
1,1996,640000,宁夏回族自治区,714,8738,8106
1,1996,140000,山西省,2485,35911,32572
1,1996,410000,河南省,2338,50907,47999
1,1996,420000,湖北省,2016,49757,33477
1,1996,460000,海南省,219,14897,10756
1,1996,510000,四川省,2881,101646,61678
1,1996,530000,云南省,1592,70279,62936
1,1996,630000,青海省,1095,17383,13056
1,1997,130000,河北省,3616,56009,53111
1,1997,142,中国,66000,1226400,997496
1,1997,330000,浙江省,942,36127,30888
1,1997,500000,重庆市,554,27045,16886
1,1997,340000,安徽省,1836,37481,34806
1,1997,370000,山东省,2351,59260,58912
1,1997,440000,广东省,782,91862,79430
1,1997,540000,西藏自治区,,22455,10525
1,1997,360000,江西省,2125,35234,22557
1,1997,430000,湖南省,2293,59761,31674
1,1997,520000,贵州省,1640,33211,13636
1,1997,620000,甘肃省,2322,35594,25112
1,1997,150000,内蒙古自治区,5078,49992,42351
1,1997,220000,吉林省,3480,33075,31388
1,1997,460000,海南省,219,15246,11105
1,1997,510000,四川省,2327,76066,48309
1,1997,230000,黑龙江省,4948,49631,48956
1,1997,320000,江苏省,751,27102,25300
1,1997,650000,新疆维吾尔自治区,1341,32053,29353
1,1997,210000,辽宁省,3569,44041,43148
1,1997,530000,云南省,1897,73821,66561
1,1997,640000,宁夏回族自治区,712,9048,8426
1,1997,140000,山西省,2504,44043,41110
1,1997,310000,上海市,244,3961,3952
1,1997,410000,河南省,2355,55015,52231
1,1997,420000,湖北省,2017,50779,35489
1,1997,450000,广西壮族自治区,1973,45378,30283
1,1997,630000,青海省,1095,17640,13485
1,1997,110000,北京市,1069,12306,11842
1,1997,120000,天津市,526,4287,4204
1,1997,610000,陕西省,1938,41202,34276
1,1997,350000,福建省,1068,47680,38190
1,1998,410000,河南省,2355,57172,54556
1,1998,510000,四川省,2289,81646,56377
1,1998,110000,北京市,1069,12498,12038
1,1998,150000,内蒙古自治区,5077,58430,52867
1,1998,220000,吉林省,3474,33812,32133
1,1998,620000,甘肃省,2322,35865,25518
1,1998,610000,陕西省,1941,42202,35316
1,1998,640000,宁夏回族自治区,712,9487,8876
1,1998,130000,河北省,3624,57263,54601
1,1998,140000,山西省,2504,48560,45744
1,1998,142,中国,66400,1278500,1069243
1,1998,370000,山东省,2351,64145,63929
1,1998,450000,广西壮族自治区,2014,51073,43319
1,1998,500000,重庆市,591,27210,17516
1,1998,520000,贵州省,1648,33604,14137
1,1998,330000,浙江省,942,38533,34260
1,1998,540000,西藏自治区,,22455,10525
1,1998,210000,辽宁省,3558,44483,43716
1,1998,230000,黑龙江省,4948,49766,49098
1,1998,310000,上海市,248,4104,4095
1,1998,430000,湖南省,2299,60071,32241
1,1998,440000,广东省,774,92713,82786
1,1998,460000,海南省,219,16920,12779
1,1998,340000,安徽省,1836,39264,36851
1,1998,420000,湖北省,2028,52989,38537
1,1998,650000,新疆维吾尔自治区,1341,32762,30304
1,1998,320000,江苏省,757,27331,25610
1,1998,630000,青海省,1092,17936,14024
1,1998,530000,云南省,1855,76957,69783
1,1998,350000,福建省,1068,48021,38866
1,1998,120000,天津市,527,4335,4252
1,1998,360000,江西省,2125,36867,24589
1,1999,210000,辽宁省,3557.7,45020,44398
1,1999,640000,宁夏回族自治区,711.7,10015,9460
1,1999,630000,青海省,1091.8,18268,14549
1,1999,230000,黑龙江省,5013.2,49928,49262
1,1999,440000,广东省,773.5,95610,86123
1,1999,610000,陕西省,1940.7,43212,36396
1,1999,350000,福建省,873.9,50202,41381
1,1999,360000,江西省,2161.4,36918,25328
1,1999,620000,甘肃省,2322.8,36212,26089
1,1999,130000,河北省,3619.4,58162,55648
1,1999,142,中国,67400,1351691,1156736
1,1999,530000,云南省,1872.5,102405,95354
1,1999,650000,新疆维吾尔自治区,1848.5,33484,31149
1,1999,140000,山西省,2511.3,52807,50109
1,1999,150000,内蒙古自治区,5011.5,63824,59731
1,1999,220000,吉林省,3476.4,34516,32931
1,1999,310000,上海市,259.5,4231,4227
1,1999,330000,浙江省,795.1,40266,36136
1,1999,500000,重庆市,591.4,28086,20521
1,1999,520000,贵州省,1653.5,33973,15470
1,1999,370000,山东省,2364.2,67847,67694
1,1999,510000,四川省,2289.6,89318,66878
1,1999,110000,北京市,1141.1,12825,12370
1,1999,120000,天津市,529.6,8844,8761
1,1999,410000,河南省,2353.1,60330,57813
1,1999,420000,湖北省,2030.7,55389,44120
1,1999,450000,广西壮族自治区,2012.8,51378,43671
1,1999,460000,海南省,219,17124,13030
1,1999,340000,安徽省,1833,40857,38701
1,1999,320000,江苏省,757,27749,26088
1,1999,430000,湖南省,2306.5,60416,32766
1,1999,540000,西藏自治区,,22475,10582
1,2000,320000,江苏省,757.1,28198,26564
1,2000,630000,青海省,1091.9,18679,15178
1,2000,130000,河北省,3631.9,59152,56776
1,2000,150000,内蒙古自治区,5011.1,67346,63622
1,2000,340000,安徽省,1842.9,44493,42579
1,2000,370000,山东省,2401.6,70686,70579
1,2000,410000,河南省,2353.1,64453,62192
1,2000,520000,贵州省,1641.7,34643,17034
1,2000,110000,北京市,1140.9,13597,13143
1,2000,330000,浙江省,793.7,41605,37707
1,2000,620000,甘肃省,2318,39344,29393
1,2000,142,中国,68700,1679848,1216013
1,2000,210000,辽宁省,3556.4,45547,44969
1,2000,220000,吉林省,3474.4,35216,33698
1,2000,350000,福建省,873.9,51073,42512
1,2000,430000,湖南省,2312.7,60848,33380
1,2000,230000,黑龙江省,5013.2,50284,49622
1,2000,310000,上海市,256.5,4325,4325
1,2000,450000,广西壮族自治区,2012.3,52910,45430
1,2000,360000,江西省,2152.6,37138,26448
1,2000,500000,重庆市,598,29252,21743
1,2000,440000,广东省,693.8,102604,93693
1,2000,510000,四川省,2333.3,90875,69723
1,2000,530000,云南省,1872.5,109560,102550
1,2000,540000,西藏自治区,,22503,10647
1,2000,120000,天津市,531.2,8946,8869
1,2000,460000,海南省,219,17401,13405
1,2000,640000,宁夏回族自治区,716.1,10171,9649
1,2000,140000,山西省,2510.8,55408,52767
1,2000,420000,湖北省,2030.8,57850,48062
1,2000,610000,陕西省,2204.6,44006,37459
1,2000,650000,新疆维吾尔自治区,2309.9,34585,32295
1,2001,210000,辽宁省,3782.8,46603,46309
1,2001,430000,湖南省,2757.9,66593,36800
1,2001,460000,海南省,219,20667,11483
1,2001,610000,陕西省,2873.8,45273,39300
1,2001,310000,上海市,256.5,6078,5585
1,2001,320000,江苏省,897.7,58866,48587
1,2001,650000,新疆维吾尔自治区,2774.4,80947,61506
1,2001,500000,重庆市,632.6,30654,21405
1,2001,520000,贵州省,1643.7,34617,24625
1,2001,330000,浙江省,1220.8,44005,41072
1,2001,510000,四川省,2505.2,108724,72063
1,2001,530000,云南省,1946.3,163953,106396
1,2001,120000,天津市,697.2,9647,9067
1,2001,220000,吉林省,3561.6,39747,36964
1,2001,350000,福建省,1284.8,53547,40666
1,2001,640000,宁夏回族自治区,786.6,10899,10723
1,2001,130000,河北省,4570.9,62615,53257
1,2001,140000,山西省,3050.2,56993,54529
1,2001,230000,黑龙江省,5503.2,62979,57762
1,2001,340000,安徽省,2220.4,65807,59797
1,2001,360000,江西省,2415.3,60314,35093
1,2001,410000,河南省,3593.9,69041,63437
1,2001,110000,北京市,1160.6,13891,13445
1,2001,150000,内蒙古自治区,6038.2,70408,60234
1,2001,540000,西藏自治区,,35537,7196
1,2001,620000,甘肃省,2664.8,39844,30283
1,2001,630000,青海省,1297,23328,17424
1,2001,370000,山东省,2855.4,71128,70963
1,2001,440000,广东省,1923.2,104798,93833
1,2001,142,中国,70058,1698000,1336044
1,2001,420000,湖北省,2212.5,85757,66048
1,2001,450000,广西壮族自治区,2710.7,54752,40192
1,2002,130000,河北省,4585.7,63079,53995
1,2002,142,中国,71898,1765200,1382926
1,2002,310000,上海市,256.5,6286,6024
1,2002,500000,重庆市,718.2,31060,21936
1,2002,520000,贵州省,1892.8,44220,30504
1,2002,320000,江苏省,1340.4,60141,49959
1,2002,510000,四川省,2944,111898,73943
1,2002,360000,江西省,2368.6,60696,36070
1,2002,430000,湖南省,2758,84808,38433
1,2002,440000,广东省,2108.2,108538,97711
1,2002,620000,甘肃省,2317.4,40223,30806
1,2002,220000,吉林省,3561.8,41095,38408
1,2002,610000,陕西省,2885.1,46564,40800
1,2002,340000,安徽省,2219.7,67547,61406
1,2002,370000,山东省,2855.4,74029,73884
1,2002,420000,湖北省,2388.9,86098,67290
1,2002,450000,广西壮族自治区,2745.2,56297,42155
1,2002,650000,新疆维吾尔自治区,2774.5,82929,62820
1,2002,330000,浙江省,1300.1,45646,42759
1,2002,210000,辽宁省,3799.8,48051,47769
1,2002,230000,黑龙江省,5502.8,63046,57882
1,2002,460000,海南省,213.9,20876,11775
1,2002,640000,宁夏回族自治区,786.6,11245,11081
1,2002,120000,天津市,681.6,9696,9126
1,2002,140000,山西省,3050.5,59611,57250
1,2002,410000,河南省,3593.9,71741,66524
1,2002,630000,青海省,1091.9,24003,18484
1,2002,110000,北京市,1138.1,14359,13940
1,2002,150000,内蒙古自治区,6192.6,72673,63000
1,2002,350000,福建省,1453.9,54155,41220
1,2002,530000,云南省,2371.4,164852,107615
1,2002,540000,西藏自治区,,39760,8357
1,2003,640000,宁夏回族自治区,791.4,11916,11770
1,2003,330000,浙江省,1249.9,46193,43436
1,2003,450000,广西壮族自治区,2738,58451,45284
1,2003,230000,黑龙江省,5483.7,65123,59599
1,2003,540000,西藏自治区,,41302,9107
1,2003,610000,陕西省,2892.3,50019,44422
1,2003,320000,江苏省,1393.6,65565,56300
1,2003,360000,江西省,2298.2,61233,37791
1,2003,130000,河北省,4744,65391,55682
1,2003,140000,山西省,3137.5,63122,60838
1,2003,142,中国,73000,1809800,1438738
1,2003,420000,湖北省,2388.5,87813,69914
1,2003,530000,云南省,2340.3,166133,109300
1,2003,150000,内蒙古自治区,6202.6,74135,65157
1,2003,310000,上海市,256.5,6484,6322
1,2003,500000,重庆市,718.2,31407,22562
1,2003,620000,甘肃省,2312.5,40293,30947
1,2003,110000,北京市,1136.1,14453,14139
1,2003,370000,山东省,3150.5,76266,76170
1,2003,440000,广东省,2112.5,110253,99733
1,2003,350000,福建省,1453.9,54876,42222
1,2003,120000,天津市,666.3,10168,9901
1,2003,220000,吉林省,3561.8,43779,41362
1,2003,410000,河南省,3654.2,73831,68739
1,2003,460000,海南省,221.7,20877,11894
1,2003,510000,四川省,2961.8,112543,75290
1,2003,520000,贵州省,1900.1,45304,32352
1,2003,630000,青海省,1091.8,24377,21568
1,2003,340000,安徽省,2219.7,69560,63374
1,2003,210000,辽宁省,4173.9,50095,49845
1,2003,430000,湖南省,2977.2,85233,39689
1,2003,650000,新疆维吾尔自治区,2773.3,83633,64029
1,2004,110000,北京市,1124.6,14630,14404
1,2004,310000,上海市,263.5,7805,7780
1,2004,350000,福建省,1453.9,56208,44594
1,2004,150000,内蒙古自治区,6337.3,75976,67421
1,2004,330000,浙江省,1249.9,46935,44316
1,2004,460000,海南省,385.6,20873,11948
1,2004,520000,贵州省,1890.6,46128,33850
1,2004,620000,甘肃省,2295.5,40751,31613
1,2004,430000,湖南省,2835.9,87875,44411
1,2004,142,中国,74408,1870700,1515826
1,2004,140000,山西省,3143.5,65813,63690
1,2004,420000,湖北省,2486.7,89673,72757
1,2004,530000,云南省,2328.1,167050,110876
1,2004,120000,天津市,661.6,10514,10420
1,2004,640000,宁夏回族自治区,791.9,12456,12325
1,2004,230000,黑龙江省,5564.9,66821,61303
1,2004,340000,安徽省,2353.1,71783,65800
1,2004,370000,山东省,3262.5,77766,77757
1,2004,440000,广东省,2181.4,111452,101707
1,2004,450000,广西壮族自治区,2737.6,59704,47304
1,2004,610000,陕西省,3151.2,52720,47324
1,2004,130000,河北省,4671.5,70200,61735
1,2004,210000,辽宁省,4174.2,52415,52196
1,2004,320000,江苏省,1606.4,78262,70141
1,2004,360000,江西省,2274.4,61860,40554
1,2004,410000,河南省,4090.3,75719,70901
1,2004,650000,新疆维吾尔自治区,2763.3,86824,68104
1,2004,220000,吉林省,3561.8,46796,44693
1,2004,500000,重庆市,718.2,32344,24046
1,2004,510000,四川省,2958,113043,76402
1,2004,540000,西藏自治区,,42203,10131
1,2004,630000,青海省,1090.3,28059,25322
1,2005,320000,江苏省,1615.6,82739,74958
1,2005,360000,江西省,2423.9,62300,43523
1,2005,420000,湖北省,2525.4,91131,76075
1,2005,530000,云南省,2328.1,167638,111920
1,2005,630000,青海省,1091.8,29720,26982
1,2005,650000,新疆维吾尔自治区,2761,89531,71599
1,2005,220000,吉林省,3561.8,50308,48487
1,2005,440000,广东省,2225.2,115337,106476
1,2005,150000,内蒙古自治区,6246.2,79029,70880
1,2005,142,中国,75437.6,3345187,1591791
1,2005,340000,安徽省,2353.2,72807,67083
1,2005,520000,贵州省,1985.7,46893,35447
1,2005,620000,甘肃省,2300,41330,32792
1,2005,330000,浙江省,1292.3,48600,46167
1,2005,510000,四川省,2960.4,114694,79337
1,2005,110000,北京市,1125.4,14696,14481
1,2005,430000,湖南省,2902,88200,45801
1,2005,130000,河北省,4652,75894,67229
1,2005,210000,辽宁省,4171.2,53521,53325
1,2005,230000,黑龙江省,5654.9,67077,61691
1,2005,370000,山东省,3319.3,80131,80131
1,2005,140000,山西省,3153.9,69563,67785
1,2005,410000,河南省,4098.7,79506,75003
1,2005,500000,重庆市,1269.2,38215,30835
1,2005,460000,海南省,221.7,21162,12671
1,2005,640000,宁夏回族自治区,791.9,13078,13001
1,2005,120000,天津市,664.6,10836,10791
1,2005,310000,上海市,269.1,8110,8110
1,2005,350000,福建省,1613.1,58286,47987
1,2005,450000,广西壮族自治区,2728.8,62003,51046
1,2005,540000,西藏自治区,,43716,10905
1,2005,610000,陕西省,3131.2,54492,49274
1,2006,230000,黑龙江省,5654.3,139335,83546
1,2006,340000,安徽省,2387,147611,122584
1,2006,370000,山东省,3329.2,204910,199075
1,2006,440000,广东省,2167.9,178387,147702
1,2006,430000,湖南省,2905.6,171848,62419
1,2006,140000,山西省,3110.4,112930,96485
1,2006,500000,重庆市,1261.9,100299,41885
1,2006,220000,吉林省,3555.4,84444,68569
1,2006,630000,青海省,1652.4,47726,24638
1,2006,460000,海南省,224.1,17577,8346
1,2006,210000,辽宁省,4196.3,97786,75850
1,2006,350000,福建省,1612.8,86560,57934
1,2006,142,中国,77083.8,3456999,2282872
1,2006,420000,湖北省,2527,181791,135828
1,2006,520000,贵州省,2013.6,113278,49305
1,2006,450000,广西壮族自治区,2735.2,90318,52101
1,2006,510000,四川省,2986,164688,84882
1,2006,530000,云南省,2309.8,198496,99834
1,2006,640000,宁夏回族自治区,789.5,19903,18102
1,2006,110000,北京市,1121.5,20503,20223
1,2006,120000,天津市,744.7,11316,11306
1,2006,540000,西藏自治区,550,44813,15906
1,2006,610000,陕西省,3184.9,113303,60796
1,2006,320000,江苏省,1616.1,126972,108642
1,2006,360000,江西省,2423.7,128236,66664
1,2006,650000,新疆维吾尔自治区,2760.8,143736,69923
1,2006,130000,河北省,4818.2,143778,127354
1,2006,620000,甘肃省,2435.4,95642,42866
1,2006,150000,内蒙古自治区,6382.6,128762,83830
1,2006,310000,上海市,310.3,10392,10392
1,2006,330000,浙江省,1278.5,95310,85851
1,2006,410000,河南省,4038.7,236351,150028
1,2007,320000,江苏省,1618.767,133732,117698
1,2007,410000,河南省,4041.7,238676,164909
1,2007,420000,湖北省,2564.96,183780,147152
1,2007,150000,内蒙古自治区,6694.231,138610,90823
1,2007,530000,云南省,2308.358,200333,104771
1,2007,640000,宁夏回族自治区,789.385,20562,18934
1,2007,230000,黑龙江省,5755.2,140909,93850
1,2007,450000,广西壮族自治区,2734.171,94202,62861
1,2007,610000,陕西省,3185.1,121297,90829
1,2007,210000,辽宁省,4200.806,98101,76512
1,2007,340000,安徽省,2386.964,148372,128241
1,2007,360000,江西省,2566.357,130515,72374
1,2007,510000,四川省,2999.413,189395,115674
1,2007,630000,青海省,1652.4,52626,30636
1,2007,110000,北京市,1119.89,20754,20535
1,2007,330000,浙江省,1319.283,99812,92027
1,2007,440000,广东省,2174.821,182005,151692
1,2007,620000,甘肃省,2435.245,100612,50662
1,2007,310000,上海市,331.2,11163,11163
1,2007,430000,湖南省,2899.125,175415,91453
1,2007,460000,海南省,388.4,17789,9296
1,2007,130000,河北省,4837.83,147265,133123
1,2007,370000,山东省,3302.154,212237,207719
1,2007,500000,重庆市,1290.648,104705,49958
1,2007,650000,新疆维吾尔自治区,2760.505,145219,74534
1,2007,140000,山西省,3114.512,119869,107102
1,2007,220000,吉林省,3622.4,85445,71031
1,2007,540000,西藏自治区,550,48611,19510
1,2007,350000,福建省,1616.3,86926,63275
1,2007,120000,天津市,694.228,11531,11521
1,2007,142,中国,77965.903,3583715,2535383
1,2007,520000,贵州省,2011.55,123247,55517
1,2008,210000,辽宁省,4194.679,101144,80421
1,2008,310000,上海市,316.1,11497,11497
1,2008,430000,湖南省,2894.778,184568,118717
1,2008,530000,云南省,2308.762,203753,124526
1,2008,650000,新疆维吾尔自治区,2760.505,146652,81319
1,2008,140000,山西省,3323.752,124773,114215
1,2008,370000,山东省,3633.298,220688,217101
1,2008,460000,海南省,387.292,18563,11264
1,2008,520000,贵州省,1962.248,125365,64044
1,2008,320000,江苏省,1656.982,140930,129326
1,2008,360000,江西省,2650.493,133815,77343
1,2008,500000,重庆市,1290.519,108632,58978
1,2008,510000,四川省,3006.104,224482,140764
1,2008,540000,西藏自治区,2517.1,51314,22728
1,2008,440000,广东省,2164.755,183155,154878
1,2008,130000,河北省,4853.452,149503,137459
1,2008,142,中国,79687.282,3730164,2778521
1,2008,220000,吉林省,3828.564,87099,74531
1,2008,330000,浙江省,1319.327,103652,97349
1,2008,350000,福建省,1618.421,88607,66461
1,2008,620000,甘肃省,2435.399,105638,58381
1,2008,640000,宁夏回族自治区,811.385,21008,19403
1,2008,230000,黑龙江省,5755.2,150845,104102
1,2008,340000,安徽省,2871.02,148827,134669
1,2008,630000,青海省,1676.4,56642,32649
1,2008,120000,天津市,764.296,12060,12060
1,2008,150000,内蒙古自治区,6840.34,147288,109646
1,2008,450000,广西壮族自治区,2731.36,99273,73052
1,2008,420000,湖北省,2710.966,188366,153665
1,2008,610000,陕西省,1195.3,131038,107618
1,2008,410000,河南省,4041.936,240645,170223
1,2008,110000,北京市,1166.549,20340,20135
1,2009,150000,内蒙古自治区,8074.209,150756,122231
1,2009,640000,宁夏回族自治区,890,21805,20297
1,2009,370000,山东省,3685.695,226693,223992
1,2009,460000,海南省,387.292,20041,14459
1,2009,500000,重庆市,1317.678,110950,70425
1,2009,520000,贵州省,1982.651,142561,68046
1,2009,610000,陕西省,3319.5,144109,128487
1,2009,320000,江苏省,1655.566,143803,134192
1,2009,630000,青海省,1676.9,60136,39726
1,2009,210000,辽宁省,4229.3,101117,83153
1,2009,360000,江西省,2712.357,137011,92237
1,2009,430000,湖南省,3693.031,191405,148180
1,2009,440000,广东省,2478.595,184960,160180
1,2009,330000,浙江省,1678.244,106952,102153
1,2009,620000,甘肃省,2435.387,114000,76631
1,2009,650000,新疆维吾尔自治区,3673.4,150683,91618
1,2009,130000,河北省,4880.286,152135,142777
1,2009,220000,吉林省,3913.52,88430,77643
1,2009,230000,黑龙江省,5756.1,151470,114511
1,2009,310000,上海市,317.7,11671,11671
1,2009,340000,安徽省,2849.88,149184,139424
1,2009,450000,广西壮族自治区,3125.982,100491,77154
1,2009,510000,四川省,3257.881,249168,183108
1,2009,140000,山西省,3536.318,127330,121310
1,2009,420000,湖北省,2980.242,197196,168834
1,2009,530000,云南省,2474.772,206028,138150
1,2009,120000,天津市,781.49,14316,14316
1,2009,142,中国,85517.886,3860823,3056265
1,2009,410000,河南省,3949.232,242314,177235
1,2009,540000,西藏自治区,525.5,53845,26063
1,2009,110000,北京市,1169.459,20755,20551
1,2009,350000,福建省,2109.719,89504,67512
1,2010,110000,北京市,1169.406,21114,20920
1,2010,120000,天津市,781.456,14832,14832
1,2010,130000,河北省,4916.406,154344,146053
1,2010,150000,内蒙古自治区,8947.108,157994,144395
1,2010,450000,广西壮族自治区,3204.995,101782,81239
1,2010,460000,海南省,693.748,21236,21012
1,2010,140000,山西省,3752.352,131644,127664
1,2010,370000,山东省,3833.426,229859,227719
1,2010,420000,湖北省,3360.265,206211,187812
1,2010,650000,新疆维吾尔自治区,4228.835,152843,98560
1,2010,500000,重庆市,1396.247,116949,77175
1,2010,330000,浙江省,1774.637,110177,105851
1,2010,540000,西藏自治区,531.547,60810,36229
1,2010,620000,甘肃省,2441.355,118879,85733
1,2010,640000,宁夏回族自治区,1248.386,22518,21198
1,2010,310000,上海市,422.407,11974,11974
1,2010,350000,福建省,2111.419,91015,70655
1,2010,430000,湖南省,3695.107,227998,184045
1,2010,230000,黑龙江省,5785,151945,118917
1,2010,340000,安徽省,2849.854,149382,142341
1,2010,320000,江苏省,1921.219,150307,141706
1,2010,440000,广东省,2726.947,190144,170144
1,2010,210000,辽宁省,4278.622,101545,84757
1,2010,220000,吉林省,4024.436,90437,81002
1,2010,142,中国,91178.479,4008229,3304709
1,2010,610000,陕西省,4079,147461,134498
1,2010,360000,江西省,2834.536,140597,101455
1,2010,410000,河南省,4281.971,245089,182560
1,2010,520000,贵州省,2001.921,151644,72557
1,2010,630000,青海省,1863.292,62185,47604
1,2010,510000,四川省,3549.166,266082,205983
1,2010,530000,云南省,2473.413,209231,158120
1,2011,440000,广东省,2832.148,190724,172382
1,2011,140000,山西省,3773.652,134808,131002
1,2011,340000,安徽省,3120.774,149535,143403
1,2011,142,中国,93249.643,4106387,3453590
1,2011,500000,重庆市,1373.367,118562,83614
1,2011,520000,贵州省,2070.016,157820,79643
1,2011,540000,西藏自治区,531.547,63108,38911
1,2011,120000,天津市,866.862,15163,15163
1,2011,220000,吉林省,3988.137,91754,83790
1,2011,310000,上海市,461.27,12084,12084
1,2011,370000,山东省,4200.298,233190,231428
1,2011,450000,广西壮族自治区,3194.211,104889,87296
1,2011,460000,海南省,693.748,22916,22104
1,2011,610000,陕西省,4083.407,151986,139453
1,2011,320000,江苏省,2349.576,152247,144113
1,2011,650000,新疆维吾尔自治区,4319.746,155150,104336
1,2011,360000,江西省,2834.546,146632,114463
1,2011,150000,内蒙古自治区,9161.856,160995,147946
1,2011,510000,四川省,3516.427,283268,220947
1,2011,620000,甘肃省,2441.543,123696,91692
1,2011,630000,青海省,1857.621,64280,49971
1,2011,640000,宁夏回族自治区,1266.475,24506,23875
1,2011,110000,北京市,1228.442,21347,21155
1,2011,210000,辽宁省,4302.275,104026,87650
1,2011,350000,福建省,2110.306,92322,73669
1,2011,430000,湖南省,3696.254,232190,198903
1,2011,130000,河北省,5170.482,156965,149057
1,2011,230000,黑龙江省,5945.3,155592,124132
1,2011,420000,湖北省,3354.868,212747,196452
1,2011,330000,浙江省,1779.06,111776,107880
1,2011,410000,河南省,4261.071,247587,191234
1,2011,530000,云南省,2491.258,214524,165843
1,2012,410000,河南省,4890.376,249649,194406
1,2012,630000,青海省,1857.621,65988,52061
1,2012,150000,内蒙古自治区,9474.301,163763,151046
1,2012,430000,湖南省,3828.425,234040,203627
1,2012,620000,甘肃省,2487.079,131201,101372
1,2012,210000,辽宁省,5006.366,105562,90033
1,2012,230000,黑龙江省,6021.834,159063,129260
1,2012,460000,海南省,693.748,24265,23540
1,2012,610000,陕西省,4093.493,161411,146290
1,2012,640000,宁夏回族自治区,1289.469,26522,26009
1,2012,120000,天津市,867.736,15391,15391
1,2012,130000,河北省,5630.251,163045,155439
1,2012,340000,安徽省,3259.803,165157,159427
1,2012,450000,广西壮族自治区,3194.472,107906,91583
1,2012,500000,重庆市,1451.679,120728,86810
1,2012,320000,江苏省,2354.622,154118,146100
1,2012,110000,北京市,1276.259,21492,21299
1,2012,330000,浙江省,1779.06,113550,110024
1,2012,510000,四川省,3533.496,293499,234293
1,2012,540000,西藏自治区,531.547,65198,41776
1,2012,140000,山西省,3774.471,137771,134242
1,2012,142,中国,97625.484,4237508,3609600
1,2012,420000,湖北省,3814.361,218151,203145
1,2012,360000,江西省,2834.546,150595,120332
1,2012,350000,福建省,2255.115,94661,76503
1,2012,530000,云南省,2619.411,219052,171960
1,2012,220000,吉林省,4398.398,93208,85414
1,2012,370000,山东省,4288.053,244586,243037
1,2012,440000,广东省,2846.055,194943,177204
1,2012,310000,上海市,465.87,12541,12541
1,2012,520000,贵州省,2057.836,164542,86577
1,2012,650000,新疆维吾尔自治区,4749.731,165909,118861
1,2013,110000,北京市,1276.657,21673,21485
1,2013,120000,天津市,963.432,15718,15718
1,2013,130000,河北省,6255.526,174492,167711
1,2013,140000,山西省,3786.449,139434,136039
1,2013,142,中国,103144.637,4356218.435,3755567
1,2013,150000,内蒙古自治区,10203.309,167515,155030
1,2013,210000,辽宁省,5104.376,110973,95982
1,2013,220000,吉林省,4397.174,94191,86632
1,2013,230000,黑龙江省,6021.834,160206,131776
1,2013,310000,上海市,465.01,12633,12633
1,2013,320000,江苏省,2599.67,156094,148263
1,2013,330000,浙江省,2044.454,115426,111997
1,2013,340000,安徽省,3513.088,173763,168084
1,2013,350000,福建省,2747.765,99535,80909
1,2013,360000,江西省,3084.256,152067,122675
1,2013,370000,山东省,4288.053,252786,251425
1,2013,410000,河南省,4890.406,249831,196790
1,2013,420000,湖北省,3929.532,226912,212893
1,2013,430000,湖南省,4026.606,235392,206622
1,2013,440000,广东省,3471.722,202915,186357
1,2013,450000,广西壮族自治区,4013.376,111384,96343
1,2013,460000,海南省,693.748,24852,24154
1,2013,500000,重庆市,1680.059,122846,90358
1,2013,510000,四川省,3539.396,301816,246571
1,2013,520000,贵州省,2093.065,172564,95419
1,2013,530000,云南省,2618.811,222940,178371
1,2013,540000,西藏自治区,531.547,70591,48678
1,2013,610000,陕西省,4421.109,165249,148991
1,2013,620000,甘肃省,2595.884,133597,106812
1,2013,630000,青海省,1857.621,70117,57069
1,2013,640000,宁夏回族自治区,1289.469,28554,28338
1,2013,650000,新疆维吾尔自治区,4741.281,170155,125442
1,2014,110000,北京市,1284.753,21849,21816
1,2014,120000,天津市,970.927,16110,16110
1,2014,130000,河北省,6252.766,179200,172891
1,2014,140000,山西省,4979.516,140436,137094
1,2014,142,中国,111821.116,4463913,3900834
1,2014,150000,内蒙古自治区,10226.006,172167,160123
1,2014,210000,辽宁省,5129.573,115430,100854
1,2014,220000,吉林省,4520.487,96041,88667
1,2014,230000,黑龙江省,6019.334,162464,135033
1,2014,310000,上海市,465.01,12945,12945
1,2014,320000,江苏省,2677.951,157521,149845
1,2014,330000,浙江省,2347.161,116367,113730
1,2014,340000,安徽省,3548.443,174373,169639
1,2014,350000,福建省,2759.13,101190,82907
1,2014,360000,江西省,3702.269,155515,128262
1,2014,370000,山东省,5028.916,259515,258442
1,2014,410000,河南省,5199.756,249857,197624
1,2014,420000,湖北省,4059.31,236933,224184
1,2014,430000,湖南省,4550.472,236250,211279
1,2014,440000,广东省,4026.983,212094,197131
1,2014,450000,广西壮族自治区,4741.533,114900,100647
1,2014,460000,海南省,693.734,26002,25386
1,2014,500000,重庆市,1781.24,127392,98680
1,2014,510000,四川省,3976.005,309742,257027
1,2014,520000,贵州省,2373.101,179079,107573
1,2014,530000,云南省,2915.914,230398,189481
1,2014,540000,西藏自治区,786.345,75470,54443
1,2014,610000,陕西省,4524.117,167145,151189
1,2014,620000,甘肃省,3403.435,138084,114080
1,2014,630000,青海省,2124.603,72703,60806
1,2014,640000,宁夏回族自治区,1289.469,31276,31057
1,2014,650000,新疆维吾尔自治区,5462.828,175468,131889
1,2015,110000,北京市,1284.753,21885,21885
1,2015,120000,天津市,1043.743,16550,16550
1,2015,130000,河北省,6958.106,184553,178597
1,2015,140000,山西省,5085.776,140960,137844
1,2015,142,中国,120970.4,4577295.832,4046290
1,2015,150000,内蒙古自治区,12094.185,175374,163767
1,2015,210000,辽宁省,5773.387,120365,106514
1,2015,220000,吉林省,5052.66,97326,90087
1,2015,230000,黑龙江省,6233.763,163233,136325
1,2015,310000,上海市,465.089,13195,13195
1,2015,320000,江苏省,2723.837,158805,151459
1,2015,330000,浙江省,2563.651,118015,115568
1,2015,340000,安徽省,4168.814,186940,182877
1,2015,350000,福建省,3200.811,104585,87494
1,2015,360000,江西省,4009.737,156625,129948
1,2015,370000,山东省,5434.454,263447,262445
1,2015,410000,河南省,5296.173,250584,200470
1,2015,420000,湖北省,4062.285,252980,240936
1,2015,430000,湖南省,4539.567,236886,213512
1,2015,440000,广东省,4035.211,216023,201456
1,2015,450000,广西壮族自治区,5117.192,117993,105019
1,2015,460000,海南省,1033.42,26860,26302
1,2015,500000,重庆市,1922.785,140551,112889
1,2015,510000,四川省,4442.186,315582,266064
1,2015,520000,贵州省,2810.115,186407,120613
1,2015,530000,云南省,2929.363,236007,197071
1,2015,540000,西藏自治区,786.345,78348,58416
1,2015,610000,陕西省,4549.168,170069,153845
1,2015,620000,甘肃省,3847.229,140052,120447
1,2015,630000,青海省,2349.503,75593,64640
1,2015,640000,宁夏回族自治区,1289.469,33240,33045
1,2015,650000,新疆维吾尔自治区,5867.64,178263,137012
1,2016,110000,北京市,1264.3,22026,22026
1,2016,120000,天津市,1060.9,16764,16764
1,2016,130000,河北省,6956,188431,182626
1,2016,140000,山西省,5293.4,142066,139110
1,2016,142,中国,123991.9,4696263,4226543
1,2016,150000,内蒙古自治区,12338.8,196061,188340
1,2016,210000,辽宁省,5558.9,120613,107959
1,2016,220000,吉林省,5052.7,102484,97158
1,2016,230000,黑龙江省,6233.8,164502,138512
1,2016,310000,上海市,465.1,13292,13292
1,2016,320000,江苏省,2767.4,157304,154405
1,2016,330000,浙江省,2576.9,119053,116869
1,2016,340000,安徽省,4242.6,197588,194136
1,2016,350000,福建省,3201,106757,89829
1,2016,360000,江西省,4010.5,161909,134025
1,2016,370000,山东省,5452.3,265720,264752
1,2016,410000,河南省,5570.8,267441,230288
1,2016,420000,湖北省,4138.2,260179,249819
1,2016,430000,湖南省,4719.8,238273,215904
1,2016,440000,广东省,4157.9,218085,204614
1,2016,450000,广西壮族自治区,5192.1,120547,108947
1,2016,460000,海南省,1033.4,28217,27732
1,2016,500000,重庆市,2102.1,142921,115955
1,2016,510000,四川省,4622.7,324138,279200
1,2016,520000,贵州省,3269.5,191626,132264
1,2016,530000,云南省,3651.5,238052,200898
1,2016,540000,西藏自治区,786.3,82096,71356
1,2016,610000,陕西省,4632.6,172471,156844
1,2016,620000,甘肃省,4102.1,143039,125085
1,2016,630000,青海省,2349.2,78585,69956
1,2016,640000,宁夏回族自治区,1320.1,33940,33767
1,2016,650000,新疆维吾尔自治区,5869,182085,144113
1,2017,110000,北京市,1264.253,22225.97,22225.97
1,2017,120000,天津市,1148.862,16532.146,16532.146
1,2017,130000,河北省,7162.016,191693.209,186265.8
1,2017,140000,山西省,5316.823,142855.143,140201.227
1,2017,142,中国,126969.9,4773468.833,4338559.717
1,2017,150000,内蒙古自治区,12674.69,199422.89,192222.155
1,2017,210000,辽宁省,5914.66,122705.448,111358.094
1,2017,220000,吉林省,5044.126,103895.729,98908.095
1,2017,230000,黑龙江省,6232.246,165989.167,140697.794
1,2017,310000,上海市,465.095,13321.991,13321.991
1,2017,320000,江苏省,2816.437,158475.013,155803.306
1,2017,330000,浙江省,2623.97,120101.401,118848.441
1,2017,340000,安徽省,4274.612,203285.308,201080.809
1,2017,350000,福建省,3191.413,108011.607,91296.834
1,2017,360000,江西省,4280.462,162285.124,134862.685
1,2017,370000,山东省,5726.402,270590.238,269698.045
1,2017,410000,河南省,5414.671,267805.416,232813.329
1,2017,420000,湖北省,4215.544,269484.032,259591.471
1,2017,430000,湖南省,4744.519,239723.816,217250.781
1,2017,440000,广东省,4200.704,219580.023,206460.837
1,2017,450000,广西壮族自治区,5191.387,123259.406,112619.166
1,2017,460000,海南省,1033.42,30684.297,30232.191
1,2017,500000,重庆市,2166.047,147881.342,120915.031
1,2017,510000,四川省,4831.732,329950.47,294808.621
1,2017,520000,贵州省,3284.548,194379.014,148838.742
1,2017,530000,云南省,3681.668,242546.303,208525.597
1,2017,540000,西藏自治区,785.085,89343.288,77911.189
1,2017,610000,陕西省,4972.139,174395.006,159025.694
1,2017,620000,甘肃省,4663.824,142252.036,124787.509
1,2017,630000,青海省,2349.491,80895.128,68469.8
1,2017,640000,宁夏回族自治区,1352.104,34561.152,34432.058
1,2017,650000,新疆维吾尔自治区,5946.905,185337.72,148554.309
1,2018,110000,北京市,1264.253,22255.827,22255.827
1,2018,120000,天津市,1153.429,16256.737,16256.737
1,2018,130000,河北省,7361.81,193252.276,188475.363
1,2018,140000,山西省,5440.884,143326.15,141011.973
1,2018,142,中国,131651.296,4846531.684,4465864.244
1,2018,150000,内蒙古自治区,12765.788,202641.446,195636.133
1,2018,210000,辽宁省,6524.85,122973.599,115698.681
1,2018,220000,吉林省,5042.989,105398.933,100599.468
1,2018,230000,黑龙江省,6894.453,167115.665,142959.412
1,2018,310000,上海市,466.073,13106.395,13106.395
1,2018,320000,江苏省,3061.767,158728.658,156296.865
1,2018,330000,浙江省,2813.465,120661.751,120339.034
1,2018,340000,安徽省,4324.212,208826.249,207941.546
1,2018,350000,福建省,3513.744,108901.276,92463.727
1,2018,360000,江西省,4278.445,161940.96,135442.396
1,2018,370000,山东省,6335.887,275641.597,274948.381
1,2018,410000,河南省,5409.665,268589.34,242775.293
1,2018,420000,湖北省,4340.552,275039.308,265911.52
1,2018,430000,湖南省,5070.1,240059.799,223666.703
1,2018,440000,广东省,4524.168,217699.107,209131.141
1,2018,450000,广西壮族自治区,5202.244,125449.478,115701.917
1,2018,460000,海南省,1033.42,35022.677,34730.703
1,2018,500000,重庆市,2326.443,157483.407,133942.672
1,2018,510000,四川省,4950.215,331592.258,304830.305
1,2018,520000,贵州省,3564.702,196907.589,156559.199
1,2018,530000,云南省,3847.891,252928.626,220554.345
1,2018,540000,西藏自治区,785.085,97784.965,85472.877
1,2018,610000,陕西省,5001.526,177127.813,161027.928
1,2018,620000,甘肃省,4671.741,143227.598,128070.513
1,2018,630000,青海省,2349.055,82137.077,70156.947
1,2018,640000,宁夏回族自治区,1373.054,35405.236,35354.664
1,2018,650000,新疆维吾尔自治区,5959.386,189049.887,154545.579
1,2019,142,中国,139926.388,5012495.792,4698724.598
1,2019,110000,北京市,1366.964,22365.936,22365.936
1,2019,120000,天津市,1185.272,16131.882,16131.882
1,2019,130000,河北省,7791.29,196983.161,193000.801
1,2019,140000,山西省,5890.406,144282.501,142660.243
1,2019,150000,内蒙古自治区,13016.406,206089.388,199362.066
1,2019,210000,辽宁省,6512.13,124767.298,117942.639
1,2019,220000,吉林省,5042.989,106659.942,101966.518
1,2019,230000,黑龙江省,6780.953,168710.076,144966.303
1,2019,310000,上海市,466.537,13044.643,13044.643
1,2019,320000,江苏省,3586.796,159937.047,157953.91
1,2019,330000,浙江省,2842.157,121812.898,121710.383
1,2019,340000,安徽省,4843.933,218294.578,217791.341
1,2019,350000,福建省,3513.764,109785.157,93752.95
1,2019,360000,江西省,4904.975,209131.109,195458.096
1,2019,370000,山东省,6633.007,280324.542,279930.742
1,2019,410000,河南省,6466.941,269832.219,248154.759
1,2019,420000,湖北省,5164.849,289029.196,281422.195
1,2019,430000,湖南省,5578.814,240566.153,226590.221
1,2019,440000,广东省,4719.68,220290.402,214922.538
1,2019,450000,广西壮族自治区,5206.426,127818.525,118792.911
1,2019,460000,海南省,1033.42,38106.819,37877.927
1,2019,500000,重庆市,2359.07,174283.74,155185.693
1,2019,510000,四川省,5241.865,337094.898,318092.006
1,2019,520000,贵州省,3753.189,204723.103,170882.95
1,2019,530000,云南省,4053,262408.664,231740.858
1,2019,540000,西藏自治区,785.085,103951.438,91762.297
1,2019,610000,陕西省,5419.209,180069.637,166132.429
1,2019,620000,甘肃省,4829.665,151442.763,146376.641
1,2019,630000,青海省,2449.282,83760.59,71955.014
1,2019,640000,宁夏回族自治区,1552.937,36575.711,36535.107
1,2019,650000,新疆维吾尔自治区,6935.377,194221.776,164262.599
1,2020,142,中国,146330.439,5198120.273,4944488.745
1,2020,110000,北京市,1403.689,22264.044,22264.044
1,2020,120000,天津市,1185.664,16411.022,16411.022
1,2020,130000,河北省,7941.173,204737.479,204549.436
1,2020,140000,山西省,6250.949,144322.877,143225.931
1,2020,150000,内蒙古自治区,14190.281,210216.772,205313.493
1,2020,210000,辽宁省,6626.826,130899.478,124547.818
1,2020,220000,吉林省,5042.989,107848.061,103670.237
1,2020,230000,黑龙江省,6780.953,168118.678,144868.277
1,2020,310000,上海市,490.85,12916.607,12916.607
1,2020,320000,江苏省,4173.861,158101.375,158101.375
1,2020,330000,浙江省,3159.485,123079.97,123079.97
1,2020,340000,安徽省,5287.109,236482.747,236424.012
1,2020,350000,福建省,3778.602,110118.205,95315.896
1,2020,360000,江西省,4916.558,210641.496,205121.588
1,2020,370000,山东省,6924.496,286814.436,286590.042
1,2020,410000,河南省,6519.44,270270.788,254004.209
1,2020,420000,湖北省,5184.833,289612.435,282704.966
1,2020,430000,湖南省,5645.779,241137.629,229191.759
1,2020,440000,广东省,4870.649,221872.569,221650.55
1,2020,450000,广西壮族自治区,5206.426,131642.454,124234.895
1,2020,460000,海南省,1033.42,40163.295,39971.656
1,2020,500000,重庆市,2355.811,180796.35,164865.223
1,2020,510000,四川省,5311.875,394371.062,379260.392
1,2020,520000,贵州省,3873.116,206693.117,183244.838
1,2020,530000,云南省,4220.382,292479.297,272272.897
1,2020,540000,西藏自治区,785.085,118238.195,98677.45
1,2020,610000,陕西省,5589.224,180660.424,167476.141
1,2020,620000,甘肃省,5112.753,155957.004,151595.785
1,2020,630000,青海省,2974.787,85131.062,73639.135
1,2020,640000,宁夏回族自治区,1662.673,36900.937,36873.618
1,2020,650000,新疆维吾尔自治区,7830.701,209220.408,182425.483
1,2021,142,中国,150739.348,5280708.078,5061898.834
1,2021,110000,北京市,1501.726,22319.933,22319.933
1,2021,120000,天津市,1190.567,15307.173,15302.145
1,2021,130000,河北省,8121.598,207170.147,207112.222
1,2021,140000,山西省,6251.946,144616.656,143666.524
1,2021,150000,内蒙古自治区,14209.488,212603.313,208631.787
1,2021,210000,辽宁省,6733.562,131587.799,127172.62
1,2021,220000,吉林省,5151.744,108691.379,104782.59
1,2021,230000,黑龙江省,7152.855,168354.437,145455.148
1,2021,310000,上海市,490.85,13082.497,13082.497
1,2021,320000,江苏省,4398.146,158035.55,158035.55
1,2021,330000,浙江省,3345.187,123885.35,123885.35
1,2021,340000,安徽省,5409.729,237410.862,237387.541
1,2021,350000,福建省,3987.585,111030.658,97876.043
1,2021,360000,江西省,5196.67,211101.17,205654.796
1,2021,370000,山东省,7198.266,288143.167,288122.562
1,2021,410000,河南省,6519.44,271569.701,264606.204
1,2021,420000,湖北省,5226.934,296921.758,292720.553
1,2021,430000,湖南省,5908.734,241939.902,231018.718
1,2021,440000,广东省,5278.36,222986.754,222778.752
1,2021,450000,广西壮族自治区,5216.101,160637.229,153292.291
1,2021,460000,海南省,1033.42,41045.537,40890.837
1,2021,500000,重庆市,2359.014,184106.194,171558.662
1,2021,510000,四川省,5600.925,398898.934,384891.343
1,2021,520000,贵州省,3873.116,207189.595,188797.102
1,2021,530000,云南省,4744.367,300889.578,281613.75
1,2021,540000,西藏自治区,1187.796,120131.612,100819.811
1,2021,610000,陕西省,5630.211,183414.449,173044.803
1,2021,620000,甘肃省,5338.494,156582.54,152434.493
1,2021,630000,青海省,2974.787,86151.872,74668.805
1,2021,640000,宁夏回族自治区,1677.846,37576.667,37567.848
1,2021,650000,新疆维吾尔自治区,7829.884,217325.665,192707.554
