Sgnyea,Prvcnm_id,Prvcnm,Gdp0101,Gdp0102,Gdp0103,Gdp0106,Gdp0113,Gdp0114,Gdp0115,Gdp0116
1992,310000,上海市,1114.32,34.16,677.39,402.77,3.0655,60.7895,36.1449,8650
1992,120000,天津市,411.24,30.26,233.41,147.37,7.3582,56.0767,36.565,4481
1992,110000,北京市,709.1,48.67,345.91,314.52,6.8636,48.7816,44.3534,6458
1992,142,中国,27194.5309,5800.2838,11725.0125,9669.2346,21.3289,43.1153,35.5558,2334.3546
1992,330000,浙江省,1365.06,262.67,653.43,459.6,19.0936,47.498,33.4084,3212
1992,620000,甘肃省,317.79,74.2,128.66,114.93,23.3488,40.4859,36.1654,1384
1992,210000,辽宁省,1472.95,194.6,741.9,536.5,13.212,50.37,36.4247,3693
1992,630000,青海省,87.52,19.9,36.31,31.31,22.7377,41.4877,35.7747,1912
1992,440000,广东省,2293.54,465.83,1100.32,881.39,19.0326,44.9562,36.0113,3699
1992,320000,江苏省,2136.02,393.82,1119.26,622.94,18.4371,52.3993,29.1636,3106
1992,370000,山东省,2196.53,534.62,999.11,662.8,24.3393,45.4858,30.1749,2556
1992,430000,湖南省,997.7,323.91,341.73,321.34,32.8183,34.6238,32.5579,1595
1992,540000,西藏自治区,33.29,16.59,4.46,12.24,49.8348,13.3974,36.7678,1468
1992,450000,广西壮族自治区,646.6,233.03,187.48,226.09,36.0393,28.9947,34.966,1490
1992,500000,重庆市,461.32,117.28,164.58,138.32,25.4227,42.1399,32.4374,1427
1992,610000,陕西省,540.52,116.71,232.07,182.85,21.9532,43.6525,34.3942,1571
1992,340000,安徽省,801.16,230.5,333,237.7,28.7693,41.5627,29.668,1390
1992,510000,四川省,1624.51,372.04,441.57,363.66,31.6019,37.508,30.8901,1477
1992,420000,湖北省,1088.39,303,444.61,340.78,27.8393,40.8502,31.3105,1962
1992,220000,吉林省,558.06,130.82,257.01,170.23,23.4419,46.0542,30.5039,2246
1992,360000,江西省,572.55,200.81,199.4,172.34,35.0729,34.8267,30.1004,1472
1992,520000,贵州省,339.91,121.18,122.08,96.65,35.6506,35.9154,28.434,1034
1992,650000,新疆维吾尔自治区,402.31,114.5,147.64,140.17,28.4606,36.6981,34.8413,2477
1992,230000,黑龙江省,864.04,167,493.1,299.6,17.4013,51.3806,31.2181,2672
1992,350000,福建省,787.71,194.87,291.6,298.21,24.8343,37.1616,38.004,2557
1992,410000,河南省,1279.75,353.92,545.21,380.62,27.6554,42.6029,29.7417,1452
1992,530000,云南省,618.69,186.8,219.03,212.86,30.1928,35.4022,34.405,1622
1992,150000,内蒙古自治区,421.68,126.86,152.56,142.26,30.0844,36.1791,33.7365,1906
1992,460000,海南省,181.71,53.59,38.27,93.06,28.9801,20.6954,50.3245,2719
1992,640000,宁夏回族自治区,83.14,18.31,34.05,30.78,22.0231,40.955,37.0219,1718
1992,140000,山西省,570,82.94,270.28,197.9,15.0494,49.042,35.9087,1862
1992,130000,河北省,1278.5,257.08,573.15,448.27,20.1079,44.8299,35.0622,2040
1993,310000,上海市,1511.61,37.82,902.38,579.03,2.5278,59.561,37.9112,10729
1993,110000,北京市,863.54,53.14,419.56,413.51,6.2047,48.0337,45.7616,8006
1993,120000,天津市,536.1,35.4,308.4,195.14,6.6014,56.4223,36.9763,5800
1993,500000,重庆市,608.53,141.99,229.53,181.53,23.3333,44.7258,31.9409,1870
1993,142,中国,35673.2304,6887.5977,16472.6619,12312.9708,19.3075,46.1765,34.516,3027.1571
1993,330000,浙江省,1909.49,315.97,983.96,625.99,16.4063,51.0907,32.5036,4469
1993,430000,湖南省,1278.28,383.68,470.05,390.98,30.8249,37.7638,31.4113,1997
1993,420000,湖北省,1424.38,346.39,537.6,441.84,26.1263,40.5482,33.3255,2361
1993,140000,山西省,704.7,97.27,335.03,248.11,14.2958,49.2394,36.4648,2271
1993,340000,安徽省,1069.84,286,444.97,306.17,27.5758,42.9036,29.5206,1785
1993,460000,海南省,258.08,76.82,66.08,117.5,29.4996,25.3754,45.1212,3755
1993,130000,河北省,1690.84,301.68,847.92,541.24,17.842,50.1479,32.0101,2682
1993,320000,江苏省,2998.16,490.59,1598.05,909.52,16.363,53.301,30.3359,4321
1993,510000,四川省,2096.48,449.38,580.38,456.32,30.2393,39.0544,30.7063,1854
1993,540000,西藏自治区,37.28,18.3,5.49,13.63,48.9043,14.6713,36.4244,1624
1993,620000,甘肃省,372.24,87.43,159.96,124.85,23.4875,42.9723,33.5402,1600
1993,630000,青海省,109.62,22.21,48.13,39.34,20.2498,43.8822,35.868,2364
1993,350000,福建省,1133.49,254.36,455.79,404.05,22.8289,40.9074,36.2637,3556
1993,530000,云南省,779.21,191.45,325.57,266.25,24.4424,41.5655,33.9921,2030
1993,440000,广东省,3225.3,558.7,1704.88,1205.7,16.1042,49.1422,34.7536,5085
1993,650000,新疆维吾尔自治区,505.63,126.85,205.07,163.33,25.6133,41.4074,32.9793,2964
1993,210000,辽宁省,2010.82,260.8,1039.3,710.8,12.97,51.6859,35.3491,5015
1993,610000,陕西省,671.37,148.24,297.49,232.47,21.8579,43.8646,34.2775,1981
1993,220000,吉林省,717.95,156.05,351.03,211.5,21.7164,48.8505,29.433,2826
1993,520000,贵州省,416.07,133.41,155.03,129.25,31.94,37.116,30.944,1234
1993,150000,内蒙古自治区,532.71,149.96,203.46,184.39,27.8835,37.8312,34.2853,2423
1993,640000,宁夏回族自治区,103.82,20.84,45.61,38.04,19.9445,43.6501,36.4054,2148
1993,410000,河南省,1662.76,410.45,764.2,485.53,24.7232,46.0312,29.2456,1865
1993,450000,广西壮族自治区,893.58,245.6,321.1,305,28.1748,36.8361,34.9891,1982
1993,360000,江西省,723.06,225.58,282.46,215,31.1988,39.0656,29.7356,1835
1993,230000,黑龙江省,1203.22,198.41,649.7,350.24,16.5569,54.2162,29.2269,3306
1993,370000,山东省,2779.49,596.63,1355.71,818.03,21.5361,48.9361,29.5278,3212
1994,120000,天津市,833.6,46.53,404.08,274.53,23.5,45.2,31.3,7751
1994,142,中国,48637.4503,9471.7946,22452.5359,16713.1198,19.4743,46.1631,34.3627,4080.8879
1994,410000,河南省,2224.43,546.68,1071.74,606.01,24.6604,47.766,27.5736,2467
1994,640000,宁夏回族自治区,133.97,29.93,55.78,48.26,21.9727,41.1052,36.9221,2740
1994,230000,黑龙江省,1618.63,316.32,852.97,449.34,19.0168,52.9877,27.9955,4390
1994,350000,福建省,1685.34,372.58,739.52,573.24,22.069,43.8442,34.0868,5193
1994,360000,江西省,948.16,314.35,338.23,295.58,33.1537,35.6722,31.1741,2376
1994,450000,广西壮族自治区,1241.83,357.74,485.57,398.52,27.5359,39.2067,33.2574,2675
1994,320000,江苏省,4057.39,671.94,2186.77,1198.68,16.8576,53.896,29.2464,5801
1994,500000,重庆市,725.14,,,,6.4167,55.7244,37.8589,2541
1994,460000,海南省,330.95,107.55,83.66,139.74,31.9658,25.0979,42.9363,4702
1994,110000,北京市,1084.03,74.77,499.84,509.42,6.8974,46.1094,46.9932,10240
1994,440000,广东省,4240.56,694.65,2139.89,1406.02,14.9869,48.782,36.2311,6530
1994,610000,陕西省,816.58,181.78,336.46,298.34,20.4772,43.4311,36.0917,2424
1994,420000,湖北省,1878.65,501.44,812.56,564.65,29.4805,38.6632,31.8557,2991
1994,330000,浙江省,2666.86,443.87,1388.06,834.93,16.3111,51.9886,31.7007,6201
1994,530000,云南省,973.97,237.51,429.66,306.8,24.0145,43.5748,32.4107,2515
1994,150000,内蒙古自治区,681.92,208.53,261.79,211.6,30.0017,36.6184,33.3799,3094
1994,310000,上海市,1971.92,48.59,1143.24,780.09,2.4641,57.976,39.5599,13807
1994,520000,贵州省,521.17,183.52,195.76,141.89,34.9998,37.143,27.8572,1527
1994,210000,辽宁省,2461.78,318.95,1259.05,883.78,12.958,51.1455,35.9006,6103
1994,140000,山西省,853.77,123.85,440.81,289.11,14.9808,47.9726,37.0467,2729
1994,220000,吉林省,936.78,259.4,398.83,278.55,27.6625,42.3267,30.0108,3657
1994,620000,甘肃省,451.66,103.81,199.32,148.53,22.8985,43.7975,33.3039,1921
1994,130000,河北省,2187.49,451.91,1053.12,682.46,20.6588,48.1428,31.1983,3439
1994,430000,湖南省,1694.42,532.89,618.07,543.46,32.296,35.7402,31.9639,2630
1994,370000,山东省,3872.18,775.03,1900.46,1196.69,20.1594,49.1983,30.6422,4441
1994,630000,青海省,138.24,31.71,58.35,48.18,23.4104,41.7486,34.841,2942
1994,340000,安徽省,1488.47,336.72,744.16,407.59,25.6947,41.0412,33.2642,2257
1994,540000,西藏自治区,45.84,21.1,7.92,16.82,45.9665,17.1342,36.8993,1964
1994,650000,新疆维吾尔自治区,673.68,187.69,265.38,220.61,28.3383,37.6117,34.05,3888
1994,510000,四川省,2777.88,788.39,1166.22,823.27,29.8475,39.1109,31.0416,2481
1995,110000,北京市,1394.89,72.16,645.81,789.72,4.7861,42.8344,52.3795,12690
1995,500000,重庆市,1016.25,264.19,412.28,339.78,25.9966,40.5688,33.4347,3395
1995,120000,天津市,920.11,60.8,518.55,352.62,6.5238,55.6402,37.836,9769
1995,310000,上海市,2462.57,59.82,1419.41,1020.2,2.3933,56.7893,40.8173,17022
1995,142,中国,61339.8913,12020.4838,28676.7319,20642.6756,19.5965,46.7505,33.6529,5091.06
1995,330000,浙江省,3524.79,549.96,1854.52,1153.07,15.459,52.1291,32.4119,8149
1995,460000,海南省,364.17,128.9,78.48,155.87,35.4852,21.605,42.9098,5063
1995,440000,广东省,5381.72,864.49,2900.22,2168.34,14.5708,48.8824,36.5468,8129
1995,340000,安徽省,2003.58,584.12,660.09,566.45,32.2601,36.4558,31.2842,3070
1995,210000,辽宁省,2793.37,392.2,1390,1011.2,14.0402,49.7601,36.1996,6880
1995,370000,山东省,5002.34,1010.13,2355.78,1587.44,20.3929,47.5593,32.0478,5701
1995,320000,江苏省,5155.25,866.24,2715.26,1573.75,16.8031,52.6698,30.5271,7319
1995,230000,黑龙江省,2014.53,371.2,1048.6,571.6,18.6402,52.6564,28.7034,5402
1995,510000,四川省,3534,662.46,980.91,799.84,27.1143,40.1484,32.7373,3043
1995,140000,山西省,1092.48,168.69,494.45,412.89,15.6771,45.9513,38.3716,3515
1995,650000,新疆维吾尔自治区,825.11,240.71,283.97,290.17,29.5404,34.8494,35.6102,4701
1995,540000,西藏自治区,55.98,23.48,13.24,19.39,41.8464,23.5965,34.5571,2358
1995,420000,湖北省,2391.42,619.77,780.18,709.43,29.3816,36.9862,33.6322,3671
1995,620000,甘肃省,553.35,110.65,256.83,190.28,19.8383,46.0467,34.115,2316
1995,530000,云南省,1206.68,302.69,534.78,384.68,24.767,43.7573,31.4757,3083
1995,520000,贵州省,630.07,227.13,232.52,176.56,35.7005,36.5477,27.7518,1826
1995,430000,湖南省,2195.7,685.3,770.67,676.16,32.1416,36.1455,31.7129,3359
1995,360000,江西省,1205.11,374.64,403.74,391.35,32.0279,34.5157,33.4564,2896
1995,640000,宁夏回族自治区,169.75,35.41,74.67,65.1,20.2123,42.6223,37.1597,3448
1995,450000,广西壮族自治区,1497.56,449.64,535.86,512.06,30.0248,35.7822,34.193,3304
1995,350000,福建省,2160.52,464.82,882.34,747.74,22.1882,42.1185,35.6934,6526
1995,220000,吉林省,1129.2,303.99,475.22,358.02,26.7307,41.7875,31.4818,4402
1995,150000,内蒙古自治区,832.88,260.18,308.78,288.1,30.3573,36.0278,33.6149,3772
1995,130000,河北省,2849.52,631.34,1322.77,895.41,22.156,46.4208,31.4232,4444
1995,410000,河南省,3002.74,762.99,1394.98,830.4,25.532,46.6803,27.7877,3297
1995,610000,陕西省,1000.03,217.27,441.67,377.91,20.9548,42.5973,36.4479,2965
1995,630000,青海省,165.31,39.62,64.58,63.6,23.6114,38.4863,37.9023,3513
1996,310000,上海市,2902.2,71.58,1582.5,1248.12,2.3235,53.9879,43.6885,19779
1996,110000,北京市,1615.73,83.46,683.14,849.13,4.1002,39.9424,55.9574,14254
1996,500000,重庆市,1179.09,287.56,474.31,425.6,24.2162,39.9429,35.8409,4130
1996,142,中国,71813.6296,13878.3326,33827.2667,24108.0303,19.3255,47.1042,33.5703,5898.2078
1996,360000,江西省,1517.26,440,588.82,488.44,31.2114,34.141,34.6475,3452
1996,220000,吉林省,1337.16,376.01,543.17,417.98,27.919,39.8763,32.2047,5178
1996,150000,内蒙古自治区,984.78,312.82,387.29,284.67,30.576,35.6538,33.7702,4457
1996,510000,四川省,2985.15,1175,1773.41,1266.59,26.8145,40.256,32.9295,3550
1996,120000,天津市,1102.4,70.53,584.43,447.44,6.0316,54.2904,39.6781,11734
1996,330000,浙江省,4146.06,609.18,2200.19,1336.69,14.204,53.2924,32.5038,9552
1996,370000,山东省,5960.42,1200.17,2810.72,1949.53,20.3979,47.3179,32.2842,6746
1996,130000,河北省,3452.97,700.94,1664.61,1087.42,20.2996,48.2081,31.4923,5345
1996,230000,黑龙江省,2402.58,465.82,1280.95,655.81,18.7387,53.5963,27.665,6382
1996,340000,安徽省,2339.25,665.44,1097.37,576.44,31.9324,35.4498,32.6179,3524
1996,540000,西藏自治区,64.76,27.15,11.39,26.22,41.859,17.4207,40.7202,2688
1996,440000,广东省,6519.14,941.73,3269.35,2308.06,13.6832,48.391,37.9258,9139
1996,410000,河南省,3661.18,959.87,1718.98,1004.56,25.797,46.1558,28.0472,3978
1996,630000,青海省,183.57,39.46,71.52,72.59,21.9417,38.0084,40.0445,3799
1996,460000,海南省,389.53,143.54,81.32,164.67,36.222,20.9197,42.8582,5346
1996,320000,江苏省,6004.21,965.29,3074.12,1964.8,16.4748,51.1994,32.3258,8471
1996,210000,辽宁省,3157.69,474.09,1537.68,1145.92,15.0141,48.6968,36.2891,7730
1996,620000,甘肃省,714.18,187.81,314.96,211.41,26.0366,43.1794,30.7839,2946
1996,520000,贵州省,713.7,260.56,257.82,201.45,35.1959,35.2734,29.5307,2048
1996,450000,广西壮族自治区,1697.9,580.47,710.13,579.02,31.3046,34.5939,34.1021,3706
1996,430000,湖南省,2647.16,793.98,1008.43,844.75,31.2575,36.221,32.5216,3963
1996,610000,陕西省,1175.38,262.74,475.01,437.63,20.6096,42.2975,37.0929,3446
1996,650000,新疆维吾尔自治区,912.15,249.31,336.89,325.95,27.6725,34.8196,37.5079,5102
1996,140000,山西省,1308.01,198.29,670.41,436.8,15.3454,46.4519,38.2026,4177
1996,420000,湖北省,2970.2,716.34,1344.36,909.5,28.6562,36.9506,34.3932,4311
1996,640000,宁夏回族自治区,193.62,43.24,79.74,70.64,21.3307,39.6944,38.9798,3926
1996,530000,云南省,1491.62,364.27,672.82,454.53,23.7519,44.0841,32.164,3779
1996,350000,福建省,2583.83,560.47,1089.57,956.88,21.6315,41.326,37.0426,7646
1997,120000,天津市,1235.28,74.55,643.88,521.97,6,51.9,42.1,13796
1997,500000,重庆市,1350.1,304.51,563.4,482.19,22.6,41.7,35.7,4452
1997,142,中国,79715.0445,14265.2278,37545.0255,27904.7912,17.8953,47.099,35.0057,6480.5028
1997,350000,福建省,3000.36,576.63,1293.5,1130.23,19.2,43.1,37.7,9258
1997,340000,安徽省,2669.95,732.37,1260.9,676.68,27.4,47.2,25.4,4390
1997,110000,北京市,1810.09,84.85,738.56,986.68,4.7,40.8,54.5,16735
1997,440000,广东省,7315.51,986.82,3647.82,2680.87,13.5,49.9,36.6,10428
1997,410000,河南省,4079.26,1008.55,1920.05,1150.66,24.7,47.1,28.2,4430
1997,370000,山东省,6650.02,1195,3185.05,2269.97,18,47.9,34.1,7590
1997,610000,陕西省,1300.03,271.52,555.86,498.66,20.5,41.9,37.6,3707
1997,640000,宁夏回族自治区,210.92,44.82,87.65,78.45,21.2,41.6,37.2,4025
1997,210000,辽宁省,3582.46,485.38,1743.87,1260.81,13.9,50,36.1,8525
1997,520000,贵州省,792.98,271.83,293.47,227.68,34.3,37,28.7,2215
1997,460000,海南省,409.86,151.28,82.68,175.9,36.9,20.2,42.9,5698
1997,360000,江西省,1715.18,475.18,658.25,581.75,27.7,38.4,33.9,4155
1997,540000,西藏自治区,76.98,29.18,16.95,30.85,37.9,22,40.1,3194
1997,530000,云南省,1644.23,391.48,750.01,502.74,23.8,45.6,30.6,4042
1997,450000,广西壮族自治区,1817.25,631.62,759.54,624.04,31.3,37.7,31,4356
1997,630000,青海省,202.05,40.65,78.8,82.6,20.1,39,40.9,4066
1997,620000,甘肃省,781.34,189.79,343.4,248.15,24.3,43.9,31.8,3137
1997,230000,黑龙江省,2708.46,484.81,1449.25,774.4,17.9,53.5,28.6,7243
1997,140000,山西省,1480.13,191.84,789.45,498.84,13,53.3,33.7,4736
1997,420000,湖北省,3450.24,767.92,1606.98,1075.34,22.2,46.6,31.2,5899
1997,130000,河北省,3953.78,761.76,1934.38,1257.64,19.3,48.9,31.8,6079
1997,430000,湖南省,2993,855.75,1166.97,970.28,28.6,39,32.4,4643
1997,650000,新疆维吾尔自治区,1050.14,279.73,413.29,357.12,26.6,39.4,34,5904
1997,510000,四川省,3320.11,919.28,1385.38,1015.45,27.7,41.7,30.6,4029
1997,150000,内蒙古自治区,1099.77,322.52,445.5,326.5,29.5,40.7,29.8,4691
1997,330000,浙江省,4638.24,637.48,2509.56,1491.2,13.7,54.1,32.2,10515
1997,310000,上海市,3360.21,75.8,1754.39,1530.02,2.3,52.2,45.5,25750
1997,220000,吉林省,1446.91,368.16,575.43,503.32,25.4,39.8,34.8,5504
1997,320000,江苏省,6680.34,1008.41,3411.86,2260.07,15.1,51.1,33.8,9344
1998,310000,上海市,3688.2,78.5,1847.2,1762.5,2.1,50.1,47.8,24513
1998,110000,北京市,2011.31,86.56,786.85,1137.9,4.3,39.1,56.6,19118
1998,120000,天津市,1336.38,74.03,660,602.35,5.5,49.4,45.1,14243
1998,142,中国,85195.5071,14618.7267,39017.5284,31559.252,17.159,45.7976,37.0433,6859.9006
1998,530000,云南省,1793.9,408.43,828.37,557.1,22.8,46.2,31.1,4446
1998,320000,江苏省,7199.95,1016.27,3640.1,2543.58,14.1,50.6,35.3,10049
1998,650000,新疆维吾尔自治区,1116.67,291.05,430.73,394.89,26.1,38.6,35.4,6174
1998,640000,宁夏回族自治区,227.46,48.69,94.01,84.76,21.4,41.3,37.3,4607
1998,430000,湖南省,3118.09,828.31,1294.17,1088.92,25.8,40.3,33.9,4667
1998,360000,江西省,1851.98,450.44,740.33,661.21,24.3,40,35.7,4124
1998,460000,海南省,438.92,164,90.63,184.29,37.4,20.6,42,5912
1998,450000,广西壮族自治区,1903.04,574.25,678.19,650.6,30.2,35.6,34.2,4346
1998,350000,福建省,3286.56,610.04,1444.73,1275.41,18.3,43.4,38.3,9603
1998,620000,甘肃省,869.75,202.21,382,285.54,23.2,43.9,32.8,3541
1998,140000,山西省,1486.08,207.26,856.13,537.72,12.9,53.5,33.6,5104
1998,440000,广东省,7919.12,1004.92,3991.97,2922.23,12.7,50.4,36.9,10819
1998,420000,湖北省,3704.21,748.22,1752.91,1203.08,20.2,47.3,32.5,5287
1998,630000,青海省,220.16,41.63,88.42,90.11,18.9,40.2,40.9,4426
1998,340000,安徽省,2805.45,739.7,1253.53,812.22,26.4,44.7,29,4235
1998,500000,重庆市,1429.26,298.67,585.38,545.21,20.9,41,38.1,5016
1998,210000,辽宁省,3881.73,531.46,1855.22,1495.05,13.7,47.8,38.5,9415
1998,540000,西藏自治区,91.18,31.31,20.24,39.63,34.3,22.2,43.5,3666
1998,370000,山东省,7162.2,1215.81,3457.03,2489.36,17,48.3,34.8,7968
1998,510000,四川省,3580.26,941.24,1527.07,1111.95,26.3,42.7,31.1,4294
1998,520000,贵州省,841.88,264.89,326.03,250.96,31.5,38.7,29.8,2364
1998,410000,河南省,4356.6,1071.39,2012.74,1272.47,24.6,46.2,29.2,4643
1998,330000,浙江省,4987.5,631.31,2709.08,1647.11,12.7,54.3,33,11394
1998,150000,内蒙古自治区,1192.29,341.62,479.53,371.14,28.7,40.2,31.1,5406
1998,230000,黑龙江省,2798.89,463.05,1506.76,863.03,16.3,53.2,30.5,7375
1998,130000,河北省,4256.01,790.6,2084.33,1381.08,18.6,49,32.5,6501
1998,610000,陕西省,1381.53,283.49,567.66,530.38,20.5,41.1,38.4,4070
1998,220000,吉林省,1557.78,429.5,597.29,530.99,27.6,38.3,34.1,5983
1999,500000,重庆市,1479.71,284.28,604.39,591.04,19.2119,40.8452,39.943,4826.1747
1999,110000,北京市,2174.46,87.48,840.23,1246.75,4.0231,38.7,57.3361,19846.3013
1999,310000,上海市,4034.96,80,1953.98,2000.98,1.9827,48.4263,49.5911,30804.7486
1999,120000,天津市,1450.06,71.01,711.93,667.12,4.897,49.0966,46.0064,15976.334
1999,142,中国,90564.3758,14548.9754,41079.8772,34935.5232,16.0648,45.3599,38.5753,7229.3323
1999,440000,广东省,8464.31,1021.3,4264.32,3178.69,12.066,50.38,37.554,11728.2943
1999,150000,内蒙古自治区,1268.2,342.91,515.46,409.83,27.0391,40.645,32.3159,5350.1519
1999,370000,山东省,7662.1,1221,3705.44,2735.66,15.9356,48.3606,35.7038,8673.47
1999,420000,湖北省,3857.99,653.99,1887.93,1316.07,16.9516,48.9356,34.1128,6513.9701
1999,460000,海南省,471.23,176.42,94.95,199.86,37.4382,20.1494,42.4124,6382.9816
1999,410000,河南省,4576.1,1123.14,2070.88,1382.08,24.5436,45.2543,30.2021,4893.7012
1999,360000,江西省,1853.65,464.4,758.15,740.431,23.6579,38.6224,37.7197,4661.3451
1999,220000,吉林省,1660.91,423.48,671.74,574.34,25.3648,40.2346,34.4007,6340.8317
1999,140000,山西省,1506.78,159.96,760.72,586.1,10.616,50.4865,38.8975,4726.5302
1999,350000,福建省,3550.24,628.86,1507.29,1414.09,17.7132,42.456,39.8308,10796.8773
1999,510000,四川省,3711.61,941.02,1556.68,1213.91,25.3534,41.9408,32.7058,4451.9037
1999,210000,辽宁省,4171.69,520.8,2001.48,1649.41,12.4841,47.9777,39.5382,10086.2911
1999,620000,甘肃省,931.98,191.21,423.79,316.98,20.5165,45.472,34.0115,3667.7686
1999,450000,广西壮族自治区,1953.27,554.48,695.83,702.96,28.3873,35.6239,35.9889,4147.9507
1999,430000,湖南省,3326.75,778.25,1297.74,1250.76,23.3937,39.0092,37.5971,5104.7261
1999,130000,河北省,4569.19,805.97,2243.59,1519.63,17.6392,49.1026,33.2582,6931.9637
1999,530000,云南省,1855.74,412.17,825.12,618.45,22.2105,44.4631,33.3263,4452.2444
1999,640000,宁夏回族自治区,241.49,48.01,102.68,90.8,19.8807,42.5194,37.5999,4472.6168
1999,320000,江苏省,7697.82,1003.51,3920.15,2774.16,13.0363,50.9255,36.1,10665.0503
1999,330000,浙江省,5364.89,631.94,2902.81,1830.14,11.7792,54.1075,34.1133,12036.5659
1999,340000,安徽省,2908.58,741.1427,1278.91,888.54,25.4811,43.9701,30.5488,4707.2224
1999,230000,黑龙江省,2897.41,377.23,1587.76,932.42,13.0196,54.7993,32.1812,7660.0397
1999,650000,新疆维吾尔自治区,1168.55,268.51,460.71,439.33,22.978,39.4258,37.5962,6469.7317
1999,630000,青海省,238.39,40.54,97.88,99.97,17.0057,41.0588,41.9355,4662.4291
1999,520000,贵州省,911.86,267.57,348.59,295.7,29.3433,38.2285,32.4282,2475.3042
1999,540000,西藏自治区,105.61,34.19,24,47.42,32.3738,22.7251,44.9011,4261.7328
1999,610000,陕西省,1487.61,267.51,641.9,578.2,17.9825,43.1498,38.8677,4101.4888
2000,500000,重庆市,1589.34,283,657.51,648.83,17.8061,41.37,40.8239,5157.3147
2000,110000,北京市,2478.76,89.97,943.51,1445.28,3.6296,38.0638,58.3066,22459.6566
2000,120000,天津市,1639.36,73.54,820.17,745.65,4.4859,50.0299,45.4842,17993.195
2000,430000,湖南省,3691.88,784.92,1461.86,1445.1,21.2607,39.5966,39.1427,5639.0149
2000,520000,贵州省,993.53,270.99,387.85,334.69,27.2755,39.0376,33.687,2661.5571
2000,142,中国,100280.1393,14717.3556,45663.6677,39899.116,14.6762,45.5361,39.7877,7942.0692
2000,510000,四川省,4010.25,945.58,1700.49,1364.18,23.5791,42.4036,34.0173,4783.7658
2000,450000,广西壮族自治区,2050.14,538.69,748,763.45,26.2758,36.4853,37.2389,4318.8119
2000,220000,吉林省,1821.19,398.73,800.28,622.18,21.8939,43.9427,34.1634,6847.4027
2000,320000,江苏省,8582.7276,1031.17,4435.889,3115.6686,12.0145,51.6839,36.3016,11772.9659
2000,540000,西藏自治区,117.464,36.32,27.214,53.93,30.9201,23.1679,45.9119,4558.6991
2000,440000,广东省,9662.23,1000.06,4868.75,3793.42,10.3502,50.3895,39.2603,12885.3958
2000,230000,黑龙江省,3253,357,1868.55,1027.45,10.9745,57.4408,31.5847,8561.6528
2000,210000,辽宁省,4669.06,503.44,2344.4,1821.22,10.7825,50.2114,39.0061,11226.4006
2000,460000,海南省,518.48,196.56,102.45,219.47,37.9108,19.7597,42.3295,6893.9475
2000,330000,浙江省,6036.34,664.16,3183.47,2188.71,11.0027,52.7384,36.2589,13460.9329
2000,420000,湖北省,4276.32,662.3,2123.7,1490.32,15.4876,49.6619,34.8505,7188.2764
2000,630000,青海省,263.59,38.53,114,111.06,14.6174,43.249,42.1336,5087.1369
2000,150000,内蒙古自治区,1401.01,350.8,556.28,493.93,25.0391,39.7056,35.2553,5871.7938
2000,530000,云南省,1955.09,436.26,843.24,675.59,22.3141,43.1305,34.5554,4636.6504
2000,620000,甘肃省,983.36,193.36,439.88,350.12,19.6632,44.7323,35.6045,3838.2514
2000,340000,安徽省,3038.2359,732.19,1296.312,1009.7339,24.0992,42.6666,33.2342,4867.4077
2000,360000,江西省,2003.07,485.14,700.76,817.17,24.2198,34.9843,40.7959,4851.2583
2000,640000,宁夏回族自治区,265.57,45.95,120.04,99.58,17.3024,45.2009,37.4967,4839.1035
2000,610000,陕西省,1660.92,279.12,731.9,649.9,16.8051,44.0659,39.1289,4549.2194
2000,370000,山东省,8542.44,1268.57,4244.4,3029.47,14.8502,49.686,35.4638,9555.2379
2000,650000,新疆维吾尔自治区,1364.36,288.18,586.84,489.34,21.122,43.0121,35.8659,7469.8056
2000,350000,福建省,3920.07,640.57,1711.16,1568.34,16.3408,43.6513,40.008,11601.2726
2000,130000,河北省,5088.96,824.55,2559.96,1704.45,16.2027,50.3042,33.4931,7662.7577
2000,140000,山西省,1643.81,179.86,827.59,636.36,10.9417,50.3458,38.7125,5137.0507
2000,310000,上海市,4551.15,83.2,2163.68,2304.27,1.8281,47.5414,50.6305,34546.9796
2000,410000,河南省,5137.66,1161.58,2413.78,1562.3,22.6091,46.9821,30.4088,5443.8781
2001,110000,北京市,3710.52,93.08,1030.6,1721.97,3.3,36.2,60.5,25523
2001,310000,上海市,5210.12,85.5,2355.53,2509.81,1.7,47.6,50.7,37382
2001,500000,重庆市,1765.68,293.03,727.66,729.08,16.7,41.6,41.7,5654
2001,120000,天津市,1919.09,78.55,904.64,856.91,4.2688,49.1625,46.5687,20154.4359
2001,142,中国,110863.123,15502.502,49659.3758,45701.2452,13.9835,44.7934,41.2231,8716.6822
2001,460000,海南省,558.4137,201.79,111.25,232.92,37,20.4,42.7,7135
2001,230000,黑龙江省,3390.13,409.3,1998.74,1152.96,11.494,56.1286,32.3774,9348.9105
2001,430000,湖南省,3831.9,825.73,1573,1584.27,20.7,39.5,39.8,6054
2001,150000,内蒙古自治区,1713.81,358.89,626.47,560.43,23.2173,40.5275,36.2552,6462.5219
2001,130000,河北省,5516.76,913.9,2767.41,1896.47,16.4,49.6,34,8362
2001,610000,陕西省,2010.62,287.24,816.34,740.69,15.6,44.3,40.2,5024
2001,540000,西藏自治区,146.0352,37.47,32.18,69.08,27,23.2,49.8,5307
2001,370000,山东省,9195.036,1359.49,4654.51,3424.31,14.4,49.3,36.3,10465
2001,530000,云南省,2138.31,450.54,881.49,742.68,21.7,42.5,35.8,4866
2001,650000,新疆维吾尔自治区,1491.6,288.12,630.37,566.99,19.4,42.4,38.2,7913
2001,210000,辽宁省,5033.08,544.44,2440.55,2048.09,10.8172,48.4902,40.6926,12040.8612
2001,330000,浙江省,6898.3388,695.15,3459.75,2593.25,10.3,51.3,38.4,14655
2001,440000,广东省,12039.2536,1004.35,5341.6086,4301.7521,9.4325,50.1667,40.4007,13729.9286
2001,630000,青海省,300.13,42.79,132.18,125.98,14.2183,43.9209,41.8608,5734.5655
2001,320000,江苏省,9456.84,1082.43,4907.46,3522.02,11.4,51.6,37,12922
2001,640000,宁夏回族自治区,337.4447,49.57,134.37,114.44,16.6,45,38.4,5340
2001,410000,河南省,5533.01,1234.34,2659.04,1746.73,21.885,47.1452,31.0028,5923.552
2001,510000,四川省,4293.491,981.68,1756.86,1683.22,22.2,39.7,38.1,5250
2001,520000,贵州省,1133.27,274.17,419.74,390.99,25.2715,38.6893,36.0393,2895.2902
2001,220000,吉林省,2120.35,409.1,880.84,742.54,20.1281,43.3382,36.5337,7640.0119
2001,620000,甘肃省,1125.3728,207.05,481.07,384.39,19.3052,44.8546,35.8402,4163.3574
2001,140000,山西省,2029.53,171.09,917.98,690.9,9.6,51.6,38.8,5460
2001,340000,安徽省,3246.7146,750.07,1415.32,1124.74,22.7976,43.0171,34.1853,5220.7712
2001,420000,湖北省,3880.53,692.17,2313.66,1656.45,14.8,49.6,35.5,7813.07
2001,350000,福建省,4072.85,651.11,1904.21,1698.36,15.3,44.8,39.9,12362
2001,360000,江西省,2175.68,506,788.12,881.56,23.3,36.2,40.5,5221
2001,450000,广西壮族自治区,2279.34,562.52,791.85,876.82,25.2,35.5,39.3,4668
2002,310000,上海市,5741.03,88.24,2564.69,2755.83,1.63,47.42,50.95,40646
2002,110000,北京市,4330.4,98.05,1116.53,1998.13,3.05,34.75,62.19,28449
2002,500000,重庆市,1990.01,315.78,827.55,827.97,16.02,41.98,42,6347
2002,120000,天津市,2150.76,84,1001.9,965.26,4.1,48.85,47.06,22380
2002,520000,贵州省,1243.43,280.83,474.68,429.53,23.7,40.1,36.2,3153
2002,450000,广西壮族自治区,2523.73,595.68,863.96,995.72,24.3,35.2,40.5,5099
2002,142,中国,121717.4247,16190.2283,54104.0861,51423.1104,13.3015,44.4506,42.2479,9506.2031
2002,130000,河北省,6018.28,957.01,3046,2119.52,15.6,49.8,34.6,9115
2002,320000,江苏省,10606.85,1119.12,5550.98,3961.65,10.5,52.2,37.3,14391
2002,530000,云南省,2312.82,470.5,951.48,810.34,21.1,42.6,36.3,5179
2002,540000,西藏自治区,166.5583,39.68,32.93,88.81,24.6,20.4,55,6093
2002,610000,陕西省,2253.39,303.79,925.78,806.39,14.9,45.5,39.6,5523
2002,140000,山西省,2324.8,197.8,1083.79,735.95,9.8,53.7,36.5,6146
2002,150000,内蒙古自治区,1940.94,374.69,728.34,631.28,21.6,42,36.4,7241
2002,440000,广东省,13502.4249,1032.8,5935.63,4801.3,8.8,50.4,40.8,15030
2002,620000,甘肃省,1232.0302,214.45,530.36,416.62,18.4,45.7,35.9,4493
2002,430000,湖南省,4151.54,847.25,1737.2,1756.49,19.5,40,40.5,6565
2002,420000,湖北省,4212.82,707,2446.05,1822.58,14.2,49.2,36.6,8319
2002,340000,安徽省,3519.7195,772.55,1552.21,1244.34,21.6,43.5,34.9,5817
2002,510000,四川省,4725.0134,1027.62,1982.44,1865.06,21.1,40.7,38.2,5766
2002,410000,河南省,6035.48,1288.36,2951.06,1929.31,20.9,47.8,31.3,6436
2002,360000,江西省,2450.48,535.98,951.77,962.73,21.9,38.8,39.3,5829
2002,220000,吉林省,2348.54,446.17,978.37,821.58,19.9,43.5,36.6,8334
2002,370000,山东省,10275.4957,1390,5309.54,3852.52,13.2,50.3,36.5,11645
2002,230000,黑龙江省,3637.2,447,2169.15,1266.01,11.6,55.6,32.8,10184
2002,640000,宁夏回族自治区,377.1552,52.84,151.16,125.28,16.1,45.9,38,5804
2002,630000,青海省,340.65,44.9,154.01,142.2,13.2,45.1,41.7,6426
2002,210000,辽宁省,5458.22,590.2,2609.85,2258.17,10.8,47.8,41.4,12986
2002,650000,新疆维吾尔自治区,1612.65,305,672.1,621.18,19.1,42.1,38.8,8382
2002,460000,海南省,621.974,228.95,125.33,249.85,37.9,20.7,41.4,7803
2002,330000,浙江省,8003.67,694,3982,3120,8.9,51.1,40,16838
2002,350000,福建省,4467.55,664.78,2159.94,1857.29,14.2,46.1,39.7,13497
2003,310000,上海市,6694.23,90.64,3130.72,3029.45,1.4501,50.085,48.4,46718
2003,110000,北京市,5023.77,95.64,1311.86,2255.6,2.6109,35.8128,61.5763,32061
2003,500000,重庆市,2272.82,336.36,977.3,936.9,15,43.4247,41.6296,7209
2003,142,中国,137422.0349,16970.2457,62695.7593,57756.0299,12.349,45.6228,42.0282,10666.1002
2003,220000,吉林省,2662.08,486.9,1143.39,892.33,19.3014,45.3255,35.3731,9338
2003,130000,河北省,6921.29,1064.33,3657.19,2377.04,14.9936,51.5202,33.4862,10513.239
2003,610000,陕西省,2587.72,320.03,1133.56,944.99,13.3425,47.2596,39.3979,6480
2003,620000,甘肃省,1399.83,236.61,607.62,460.37,18.1366,46.5752,35.2882,5021.6324
2003,420000,湖北省,4757.45,798.35,2580.58,2022.78,14.7796,47.7734,37.447,9010.7
2003,230000,黑龙江省,4057.4,500.8,2532.45,1396.75,11.3047,57.1659,31.5293,11615.1
2003,430000,湖南省,4659.99,886.47,1794.21,1958.05,19.1102,38.6789,42.2109,7554
2003,210000,辽宁省,6002.54,615.8,2898.89,2487.85,10.259,48.2944,41.4466,14257.8147
2003,330000,浙江省,9705.02,728,4941,3726,7.7488,52.5918,39.6594,20147
2003,510000,四川省,5333.09,1128.61,2266.06,2061.65,20.6845,41.5309,37.7846,6418
2003,460000,海南省,693.2,248.33,151.16,271.44,37.0128,22.5299,40.4573,8316
2003,360000,江西省,2807.41,560,1227.38,1043.08,19.7848,43.3633,36.8,6678
2003,540000,西藏自治区,189.09,40.62,47.99,95.89,22.0163,26.0108,51.9729,6871
2003,150000,内蒙古自治区,2388.38,420.0993,973.9356,756.38,19.5357,45.2906,35.1737,8974.6459
2003,370000,山东省,12078.15,1480.67,6656.85,4298.41,11.9064,53.5292,34.5644,13661
2003,640000,宁夏回族自治区,445.36,55.5,192,137.84,14.4029,49.8261,35.771,6691
2003,650000,新疆维吾尔自治区,1886.35,412.9,796.84,667.87,21.9907,42.4391,35.5702,9700
2003,140000,山西省,2855.23,215.19,1389.33,852.07,8.7597,56.5552,34.6851,7435
2003,350000,福建省,4983.67,692.94,2492.73,2046.5,13.3,47.6424,39.1138,14979
2003,410000,河南省,6867.7,1239.7,3551.94,2256.95,17.5879,50.3922,32.0199,7570.1751
2003,530000,云南省,2556.02,502.84,1069.29,893.16,20.3968,43.3738,36.2294,5662
2003,520000,贵州省,1426.34,298.37,579.31,478.43,22.0019,42.7185,35.2796,3603
2003,440000,广东省,15844.64,1093.5191,7307.08,5225.267,8.0253,53.6265,38.4,17213.0699
2003,320000,江苏省,12442.87,1106.35,6787.11,4567.37,8.8786,54.4676,36.6,16809
2003,450000,广西壮族自治区,2821.11,652.28,1007.96,1074.89,23.8482,36.8524,39.2994,5969
2003,630000,青海省,390.2,46.15,184.26,159.8,11.827,47.2207,40.9523,7277
2003,340000,安徽省,3923.1,732.81,1780.6,1458.97,18.5,44.8245,36.7279,6455
2003,120000,天津市,2578.03,89.66,1245.29,1112.71,3.6,50.8768,45.4602,26532.0369
2004,120000,天津市,3110.97,102.29,1560.16,1269.43,3.4889,53.2136,43.2975,31550
2004,110000,北京市,6060.28,102.9,1610.37,2570.04,2.4023,37.5964,60.0013,37058
2004,142,中国,161840.1609,20904.3242,74284.9764,66650.8603,12.9166,45.9002,41.1831,12486.9441
2004,640000,宁夏回族自治区,537.16,65.13,239.42,155.8,14.2,52.0083,33.8438,7880
2004,540000,西藏自治区,220.34,43.33,57.61,110.6,20.5,27.2,52.3,7779
2004,130000,河北省,8477.63,1370.4,4635.23,2763.16,15.6282,52.8605,31.5113,12918
2004,370000,山东省,15021.84,1778.3,8724.52,4987.91,11.4798,56.3209,32.1993,16925
2004,520000,贵州省,1677.8,334.11,714.66,543.13,20.9881,44.8935,34.1183,4215
2004,610000,陕西省,3175.58,394.98,1416.82,1071.71,13.6979,49.1353,37.1669,7757
2004,360000,江西省,3456.7,711.7,1595.74,1188.5,20.3579,45.6455,33.9966,8189
2004,440000,广东省,18864.62,1245.42,8890.29,5903.75,7.7647,55.4276,36.8077,19707
2004,320000,江苏省,15003.6,1315.38,8716.1069,5371.6777,8.5397,56.5865,34.8739,20705
2004,210000,辽宁省,6672,769.8962,3278.8848,2823.8711,11.2023,47.7092,41.0885,16297
2004,330000,浙江省,11648.7,816,6045,4382,7.2578,53.7668,38.9754,23942
2004,410000,河南省,8553.79,1647.48,4515.35,2652.26,18.6893,51.223,30.0877,9470
2004,350000,福建省,5763.35,777.87,2950.33,2324.94,12.8507,48.7405,38.4088,17218
2004,150000,内蒙古自治区,3041.07,506.07,1332.4728,873.5345,18.6599,49.1311,32.2091,11305
2004,450000,广西壮族自治区,3433.5,811.38,1288.26,1220.46,24.4384,38.8018,36.7597,7196
2004,500000,重庆市,2692.81,431.32,1181.24,1052.83,16.1822,44.3177,39.5,9608
2004,630000,青海省,466.1,57.81,227.06,180.86,12.4128,48.7536,38.8337,8606
2004,460000,海南省,798.9,283.84,180.41,305.11,36.893,23.4494,39.6576,9450
2004,510000,四川省,6379.63,1394.2583,2689.9955,2471.7596,21.2669,41.031,37.7022,8113
2004,430000,湖南省,5641.94,1155.85,2214.41,2242,20.5951,39.4567,39.9483,9117
2004,340000,安徽省,4759.32,932.42,2169.82,1710.44,19.3742,45.0855,35.5403,7768
2004,140000,山西省,3571.37,253.37,1810.08,978.96,8.3279,59.4949,32.1771,9150
2004,650000,新疆维吾尔自治区,2209.09,444.7,1010.07,745.38,20.2123,45.9091,33.8786,11199
2004,230000,黑龙江省,4750.6,587.7563,3155.3325,1559.9154,11.0835,59.5008,29.4157,13897
2004,530000,云南省,3081.91,604.33,1314.19,1040.96,20.4201,44.4061,35.1737,6733
2004,220000,吉林省,3122.01,560.96,1379.31,1017.94,18.9628,46.6265,34.4107,10932
2004,620000,甘肃省,1688.49,281.4,758.18,519.35,18.0508,48.6346,33.3145,5970
2004,420000,湖北省,5633.24,1020.09,2994.67,2295.16,16.1664,47.4597,36.3738,10500
2004,310000,上海市,8072.83,96.71,3788.22,3565.34,1.2981,50.8467,47.8552,55307
2005,500000,重庆市,3467.72,463.4,1259.12,1347.97,15.1,41,43.9,10982
2005,120000,天津市,3905.64,112.38,2051.17,1534.07,3,55.5,41.5,35783.1885
2005,130000,河北省,10012.11,1503.07,5232.5,3360.54,14.9,51.8,33.3,14782.2597
2005,142,中国,187318.9031,21806.7219,88082.1782,77430.003,11.6415,47.0226,41.3359,14368.0317
2005,330000,浙江省,13417.68,892.83,7166.15,5378.87,6.6,53.4,40,27702.6847
2005,640000,宁夏回族自治区,612.61,72.08,281.23,252.79,11.9,46.4,41.7,10239
2005,620000,甘肃省,1933.98,308.06,838.56,787.36,15.9,43.4,40.7,7476.5293
2005,360000,江西省,4056.76,727.37,1917.47,1411.92,17.9,47.3,34.8,9440
2005,340000,安徽省,5350.17,966.49,2221.17,2187.46,18,41.3,40.7,8675.1448
2005,610000,陕西省,3933.72,435.77,1849.28,1390.61,11.9,50.3,37.8,9899
2005,150000,内蒙古自治区,3905.03,589.56,1773.21,1532.78,15.1,45.5,39.4,16330.8187
2005,310000,上海市,9247.66,80.34,4452.92,4620.92,0.9,48.6,50.5,51474
2005,320000,江苏省,18598.69,1461.49,10355.03,6489.14,8,56.6,35.4,24560
2005,650000,新疆维吾尔自治区,2604.19,509.99,1164.79,929.41,19.6,44.7,35.7,13108
2005,110000,北京市,6969.52,97.99,2026.51,4761.81,1.4,29.5,69.1,45443.6929
2005,410000,河南省,10587.42,1892.01,5514.14,3181.27,17.9,52.1,30,11346.498
2005,440000,广东省,22557.37,1428.27,11339.93,9598.34,6.4,50.7,42.9,24435.0156
2005,540000,西藏自治区,248.8,48.04,63.52,139.65,19.1,25.3,55.6,9114
2005,530000,云南省,3461.73,669.81,1432.76,1370.32,19.3,41.2,39.5,7835
2005,630000,青海省,543.32,65.34,264.61,213.37,12,48.7,39.3,10044.7403
2005,420000,湖北省,6590.19,1082.13,2810.01,2628,16.6,43.1,40.3,11431
2005,430000,湖南省,6596.1,1274.15,2596.71,2640.48,19.6,39.9,40.5,10426
2005,460000,海南省,897.99,300.75,220.07,373.75,33.6,24.6,41.8,10871
2005,140000,山西省,4230.53,262.42,2353.16,1563.94,6.3,56.3,37.4,12495
2005,510000,四川省,7385.1,1481.14,3067.23,2836.74,20.1,41.5,38.4,9060
2005,210000,辽宁省,8047.26,882.41,3953.28,3173.32,11,49.4,39.6,18983.2013
2005,230000,黑龙江省,5513.7,684.6,2971.68,1855.22,12.4,53.9,33.7,14434.0561
2005,350000,福建省,6554.69,841.2,3200.26,2527.47,12.8,48.7,38.5,18645.8416
2005,370000,山东省,18366.87,1963.51,10628.62,5924.74,10.6,57.4,32,20096.4547
2005,220000,吉林省,3620.27,625.61,1580.83,1413.83,17.3,43.6,39.1,13348
2005,450000,广西壮族自治区,3984.1,912.5,1510.68,1652.57,22.4,37.1,40.5,8787.729
2005,520000,贵州省,2005.42,368.94,826.63,783.49,18.6,41.8,39.6,5051.96
2006,120000,天津市,4462.74,118.23,2488.29,1752.63,2.7,57.1,40.2,41163
2006,110000,北京市,8117.78,98.04,2191.43,5580.81,1.3,27.8,70.9,50467
2006,310000,上海市,10572.24,93.8,5028.37,5244.2,0.9,48.5,50.6,57695
2006,210000,辽宁省,9304.52,976.37,4729.5,3545.28,10.6,51.1,38.3,21788
2006,142,中国,219438.4748,23317.0068,104359.2279,91762.2401,10.6258,47.5574,41.8168,16737.996
2006,610000,陕西省,4743.61,488.48,2440.5,1594.76,10.8,53.9,35.3,12138
2006,320000,江苏省,21742.05,1545.01,12250.84,7849.23,7.1,56.6,36.3,28814
2006,520000,贵州省,2338.98,393.17,980.78,908.05,17.2,43,39.8,5787
2006,430000,湖南省,7688.67,1332.23,3151.7,3084.96,17.6,41.6,40.8,11950
2006,540000,西藏自治区,290.76,50.9,80.1,160.01,17.5,27.5,55,10430
2006,500000,重庆市,3907.23,425.81,1500.97,1564.79,12.2,43,44.8,12457
2006,410000,河南省,12362.79,2049.92,6724.61,3721.44,16.4,53.8,29.8,13313
2006,420000,湖北省,7617.47,1140.41,3365.08,3075.83,15,44.4,40.6,13296
2006,630000,青海省,648.5,69.64,331.16,240.78,10.9,51.6,37.5,11762
2006,150000,内蒙古自治区,4944.25,649.62,2327.44,1814.42,13.6,48.6,37.8,20053
2006,340000,安徽省,6112.5,1028.66,2648.13,2471.94,16.7,43.1,40.2,10055
2006,510000,四川省,8690.24,1595.48,3775.19,3267.14,18.5,43.7,37.8,10546
2006,230000,黑龙江省,6211.8,737.59,3365.31,2086,11.9,54.4,33.7,16195
2006,440000,广东省,26587.76,1577.12,13431.82,11195.53,6,51.3,42.7,28332
2006,360000,江西省,4820.53,786.14,2320.74,1563.65,16.8,49.7,33.5,10798
2006,350000,福建省,7583.85,896.17,3743.71,2974.67,11.8,49.1,39.1,21471
2006,450000,广西壮族自治区,4746.16,1032.47,1878.56,1917.47,21.4,38.9,39.7,10296
2006,620000,甘肃省,2276.7,333.35,1043.19,900.16,14.7,45.8,39.5,8757
2006,650000,新疆维吾尔自治区,3045.26,527.8,1459.3,1058.16,17.3,48,34.7,15000
2006,640000,宁夏回族自治区,725.9,79.54,349.83,281.39,11.2,49.2,39.6,11847
2006,140000,山西省,4878.61,276.77,2748.33,1727.44,5.8,57.8,36.4,14123
2006,370000,山东省,21900.19,2138.9,12751.2,7187.26,9.7,57.7,32.6,23794
2006,330000,浙江省,15718.47,925.1,8509.57,6307.85,5.9,54,40.1,31874
2006,530000,云南省,3988.14,749.81,1712.6,1544.31,18.7,42.8,38.5,8970
2006,130000,河北省,11467.6,1606.48,6115.01,3938.94,13.8,52.4,33.8,16962
2006,220000,吉林省,4275.12,672.76,1915.29,1687.07,15.7,44.8,39.5,15720
2006,460000,海南省,1044.91,344.48,287.86,420.51,32.7,27.4,39.9,12654
2007,120000,天津市,5252.76,110.19,2892.53,2047.68,2.2,57.3,40.5,46122
2007,500000,重庆市,4676.13,482.39,1892.1,1748.02,11.7,45.9,42.4,14660
2007,310000,上海市,12494.01,101.84,5678.51,6408.5,0.8,46.6,52.6,66367
2007,110000,北京市,9846.81,101.26,2509.4,6742.66,1.1,26.8,72.1,58204
2007,142,中国,270092.3237,27674.1072,126630.5421,115787.6744,10.2462,46.8842,42.8697,20494.3773
2007,640000,宁夏回族自治区,919.11,97.89,451.82,339.49,11,50.8,38.2,14649
2007,430000,湖南省,9439.6,1626.52,3916.44,3657.04,17.7,42.6,39.8,14492
2007,330000,浙江省,18753.73,986.02,10148.45,7645.96,5.3,54,40.7,37411
2007,460000,海南省,1254.17,361.07,364.26,497.95,29.5,29.8,40.7,14555
2007,520000,贵州省,2884.11,446.38,1148.27,1147.25,16.3,41.9,41.8,6915
2007,410000,河南省,15012.46,2217.66,8282.83,4511.97,14.8,55.2,30.1,16012
2007,320000,江苏省,26018.48,1816.24,14306.4,9618.52,7.1,55.6,37.4,33928
2007,150000,内蒙古自治区,6423.18,762.1,3154.56,2174.46,12.5,51.8,35.7,25393
2007,350000,福建省,9248.53,1002.11,4549.42,3697.6,10.8,49.2,40,25908
2007,540000,西藏自治区,341.43,54.89,98.48,188.82,16,28.8,55.2,12109
2007,370000,山东省,25776.91,2509.14,14776.53,8680.24,9.7,56.9,33.4,27807
2007,610000,陕西省,5757.29,592.63,2964.56,1908.6,10.8,54.2,34.9,14607
2007,440000,广东省,31777.01,1695.57,15939.1,13449.73,5.5,51.3,43.3,33151
2007,620000,甘肃省,2702.4,385.97,1279.32,1037.11,14.3,47.3,38.4,10346
2007,360000,江西省,5800.25,905.77,2840.92,1753.56,16.5,51.7,31.9,12633
2007,420000,湖北省,9333.4,1378,3966.68,3886,14.9,43,42.1,16206
2007,530000,云南省,4772.52,837.35,2051.08,1852.88,17.7,43.3,39.1,10540
2007,650000,新疆维吾尔自治区,3523.16,628.72,1647.55,1246.89,17.8,46.8,35.4,16999
2007,220000,吉林省,5284.69,783.8,2475.45,2025.44,14.8,46.8,38.3,19383
2007,630000,青海省,797.35,83.41,417.78,282.42,10.6,53.3,36,14257
2007,510000,四川省,10562.39,2032,4641.3,3832,19.3,44.2,36.5,12893
2007,230000,黑龙江省,7104,915.38,3695.58,2454.04,13,52.3,34.7,18478
2007,140000,山西省,6024.45,269.68,3438.58,2025.09,4.7,60,35.3,16945
2007,340000,安徽省,7360.92,1200.18,3289.12,2874.88,16.3,44.7,39,12045
2007,130000,河北省,13607.32,1804.72,7241.8,4662.98,13.2,52.8,34,19877
2007,450000,广西壮族自治区,5823.41,1241.35,2425.29,2289,20.8,40.7,38.4,12555
2007,210000,辽宁省,11164.3,1133.4,5853.1,4036.99,10.3,53.1,36.6,25729
2008,110000,北京市,11115,112.81,2693.15,7682.07,1.1,25.7,73.2,63029
2008,120000,天津市,6719.01,122.58,3821.07,2410.73,1.9,60.1,37.9,55473
2008,130000,河北省,16011.97,2034.6,8777.42,5376.59,12.6,54.2,33.2,23239
2008,140000,山西省,7315.4,302.48,4265.77,2370.48,4.4,61.5,34.2,20398
2008,150000,内蒙古自治区,8496.2,906.98,4271.03,2583.79,11.7,55,33.3,32214
2008,210000,辽宁省,13668.58,1302,7512.11,4647.46,9.7,55.8,34.5,31259
2008,220000,吉林省,6426.1,916.7,3064.63,2442.73,14.3,47.7,38,23514
2008,230000,黑龙江省,8314.37,1089.1,4365.9,2855,13.1,52.5,34.4,21727
2008,310000,上海市,14069.86,111.8,6235.92,7350.43,0.8,45.5,53.7,73124
2008,320000,江苏省,30981.98,2100,16663.81,11548.8,6.9,55,38.1,39622
2008,330000,浙江省,21462.69,1095.43,11580.33,8811.17,5.1,53.9,41,42214
2008,340000,安徽省,8851.66,1418.08,4137.35,3318.74,16,46.6,37.4,14485
2008,350000,福建省,10823.01,1157.75,5415.77,4249.59,10.7,50,39.3,30123
2008,360000,江西省,6971.05,1060.38,3414.88,2005.07,16.4,52.7,30.9,14781
2008,370000,山东省,30933.28,3002.65,17702.17,10367.23,9.7,57,33.4,33083
2008,410000,河南省,18018.53,2658.8,10477.92,5271.06,14.4,56.9,28.6,19593
2008,420000,湖北省,11328.89,1780,4963.61,4586.77,15.7,43.8,40.5,19860
2008,430000,湖南省,11555,2007.4,4933.08,4216.16,18,44.2,37.8,17521
2008,440000,广东省,36796.71,1970.23,18402.64,15323.59,5.5,51.6,42.9,37589
2008,450000,广西壮族自治区,7021,1453.9,3037.74,2679.94,20.3,42.4,37.4,14966
2008,460000,海南省,1503.06,437.61,434.4,587.22,30,29.8,40.2,17175
2008,500000,重庆市,5793.66,575.4,2433.27,2087.99,11.3,47.7,41,18025
2008,510000,四川省,12601.23,2366.15,5790.1,4350,18.9,46.3,34.8,15378
2008,520000,贵州省,3561.56,547.85,1408.71,1376.84,16.4,42.3,41.3,8824
2008,530000,云南省,5692.12,1020.94,2451.09,2228.07,17.9,43,39.1,12587
2008,540000,西藏自治区,394.85,60.51,115.76,219.64,15.3,29.2,55.5,13861
2008,610000,陕西省,7314.58,753.72,3842.08,2255.52,11,56.1,32.9,18246
2008,620000,甘肃省,3166.82,463,1471.43,1241.68,14.6,46.3,39.1,12110
2008,630000,青海省,1018.62,105.58,529.4,326.55,11,55.1,34,17389
2008,640000,宁夏回族自治区,1203.92,120,581.24,397.27,10.9,52.9,36.2,17892
2008,650000,新疆维吾尔自治区,4183.21,691.1,2086.74,1425.57,16.4,49.6,33.9,19893
2008,142,中国,319244.6128,32464.1374,149952.9373,136827.538,10.169,46.9712,42.8598,24100.2082
2009,620000,甘肃省,3387.56,497.05,1527.24,1363.27,14.7,45.1,40.2,12872
2009,630000,青海省,1081.27,107.4,575.33,398.54,9.9,53.2,36.9,19454
2009,640000,宁夏回族自治区,1353.31,127.25,662.32,563.74,9.4,48.9,41.7,21777
2009,650000,新疆维吾尔自治区,4277.05,759.74,1929.59,1587.72,17.8,45.1,37.1,19942
2009,110000,北京市,12153.03,118.29,2855.55,9179.19,1,23.5,75.5,70452
2009,120000,天津市,7521.85,128.85,3987.84,3405.16,1.7,53,45.3,62574
2009,130000,河北省,17235.48,2207.34,8959.83,6068.31,12.8,52,35.2,24581
2009,140000,山西省,7358.31,477.59,3993.8,2886.92,6.5,54.3,39.2,21522
2009,150000,内蒙古自治区,9740.25,929.6,5114,3696.65,9.5,52.5,38,40282
2009,210000,辽宁省,15212.49,1414.9,7906.34,5891.25,9.3,52,38.7,35239
2009,220000,吉林省,7278.75,980.57,3541.92,2756.26,13.5,48.7,37.9,26595
2009,230000,黑龙江省,8587,1154.33,4060.72,3371.95,13.4,47.3,39.3,22447
2009,310000,上海市,15046.45,113.82,6001.78,8930.85,0.8,39.9,59.4,78989
2009,142,中国,348517.7437,33583.8163,160168.8128,154765.1146,9.6362,45.9571,44.4067,26179.54
2009,320000,江苏省,34457.3,2261.86,18566.37,13629.07,6.6,53.9,39.6,44744
2009,330000,浙江省,22990.35,1163.08,11908.49,9918.78,5.1,51.8,43.1,44641
2009,340000,安徽省,10062.82,1495.45,4905.22,3662.15,14.9,48.7,36.4,16408
2009,350000,福建省,12236.53,1182.74,6005.3,5048.49,9.7,49.1,41.3,33840
2009,360000,江西省,7655.18,1098.66,3919.45,2637.07,14.4,51.2,34.4,17335
2009,370000,山东省,33896.65,3226.64,18901.83,11768.18,9.5,55.8,34.7,35894
2009,410000,河南省,19480.46,2769.05,11010.5,5700.91,14.2,56.5,29.3,20597
2009,420000,湖北省,12961.1,1795.9,6038.08,5127.12,13.9,46.6,39.6,22677
2009,430000,湖南省,13059.69,1969.69,5687.19,5402.81,15.1,43.5,41.4,20428
2009,440000,广东省,39482.56,2010.27,19419.7,18052.59,5.1,49.2,45.7,41166
2009,450000,广西壮族自治区,7759.16,1458.49,3381.54,2919.13,18.8,43.6,37.6,16045
2009,460000,海南省,1654.21,462.19,443.43,748.59,27.9,26.8,45.3,19254
2009,500000,重庆市,6530.01,606.8,3448.77,2474.44,9.3,52.8,37.9,22920
2009,510000,四川省,14151.28,2240.61,6711.87,5198.8,15.8,47.4,36.7,17339
2009,520000,贵州省,3912.68,550.27,1476.62,1885.79,14.1,37.7,48.2,10309
2009,530000,云南省,6169.75,1067.6,2582.53,2519.62,17.3,41.9,40.8,13539
2009,540000,西藏自治区,441.36,63.88,136.63,240.85,14.5,31,54.6,15295
2009,610000,陕西省,8169.8,789.64,4236.42,3143.74,9.7,51.9,38.5,21688
2010,500000,重庆市,7925.58,685.38,4359.12,2881.08,8.6,55,36.4,27596
2010,120000,天津市,9224.46,145.58,4840.23,4238.65,1.6,52.5,46,72994
2010,310000,上海市,17165.98,114.15,7218.32,9833.51,0.7,42.1,57.3,76074
2010,510000,四川省,17185.48,2482.89,8672.18,6030.41,14.4,50.5,35.1,21182
2010,142,中国,412119.2558,38430.8498,191626.5156,182061.8903,9.3252,46.4978,44.177,30807.9327
2010,330000,浙江省,27722.31,1360.56,14297.93,12063.82,4.9,51.6,43.5,51711
2010,440000,广东省,46013.06,2286.98,23014.53,20711.55,5,50,45,44736
2010,210000,辽宁省,18457.27,1631.08,9976.82,6849.37,8.8,54.1,37.1,42355
2010,360000,江西省,9451.26,1206.98,5122.88,3121.4,12.8,54.2,33,21253
2010,640000,宁夏回族自治区,1689.65,159.29,827.91,702.45,9.4,49,41.6,26860
2010,650000,新疆维吾尔自治区,5437.47,1078.63,2592.15,1766.69,19.8,47.7,32.5,25034
2010,370000,山东省,39169.92,3588.28,21238.49,14343.14,9.2,54.2,36.6,41106
2010,630000,青海省,1350.43,134.92,744.63,470.88,10,55.1,34.9,24115
2010,610000,陕西省,10123.48,988.45,5446.1,3688.93,9.8,53.8,36.4,27133
2010,340000,安徽省,12359.33,1729.02,6436.62,4193.68,14,52.1,33.9,20888
2010,220000,吉林省,8667.58,1050.15,4506.31,3111.12,12.1,52,35.9,31599
2010,130000,河北省,20394.26,2562.81,10707.68,7123.77,12.6,52.5,34.9,28668
2010,460000,海南省,2064.5,539.83,571,953.67,26.1,27.7,46.2,23831
2010,110000,北京市,14113.58,124.36,3388.38,10600.84,0.9,24,75.1,73856
2010,620000,甘肃省,4120.75,599.28,1984.97,1536.5,14.5,48.2,37.3,16113
2010,430000,湖南省,16037.96,2325.5,7343.19,6369.27,14.5,45.8,39.7,24719
2010,530000,云南省,7224.18,1108.38,3223.49,2892.31,15.3,44.6,40,15752
2010,540000,西藏自治区,507.46,68.72,163.92,274.82,13.5,32.3,54.2,17027
2010,350000,福建省,14737.12,1363.67,7522.83,5850.62,9.3,51,39.7,40025
2010,320000,江苏省,41425.48,2540.1,21753.93,17131.45,6.1,52.5,41.4,52840
2010,230000,黑龙江省,10368.6,1302.9,5204.11,3861.59,12.6,50.2,37.2,27076
2010,520000,贵州省,4602.16,625.03,1800.06,2177.07,13.6,39.1,47.3,13119
2010,150000,内蒙古自治区,11672,1095.28,6367.69,4209.02,9.4,54.6,36.1,47347
2010,140000,山西省,9200.86,554.48,5234,3412.38,6,56.9,37.1,26283
2010,450000,广西壮族自治区,9569.85,1675.06,4511.68,3383.11,17.5,47.1,35.4,20219
2010,420000,湖北省,15967.61,2147,7767.24,6053.37,13.4,48.6,37.9,27906
2010,410000,河南省,23092.36,3258.09,13226.38,6607.89,14.1,57.3,28.6,24446
2011,142,中国,487940.1805,44781.4605,227035.099,216123.621,9.1777,46.5293,44.2931,36277.1363
2011,620000,甘肃省,5020.37,678.75,2377.83,1963.79,13.5,47.4,39.1,19595
2011,140000,山西省,11237.55,641.42,6635.26,3960.87,5.7,59,35.2,31357
2011,450000,广西壮族自治区,11720.87,2047.23,5675.32,3998.33,17.5,48.4,34.1,25326
2011,540000,西藏自治区,605.83,74.47,208.79,322.57,12.3,34.5,53.2,20077
2011,440000,广东省,53210.28,2665.2,26447.38,24097.7,5,49.7,45.3,50807
2011,150000,内蒙古自治区,14359.88,1306.3,8037.69,5015.89,9.1,56,34.9,57974
2011,360000,江西省,11702.82,1391.07,6390.55,3921.2,11.9,54.6,33.5,26150
2011,310000,上海市,19195.69,124.94,7927.89,11142.86,0.7,41.3,58,82560
2011,430000,湖南省,19669.56,2768.03,9361.99,7539.54,14.1,47.6,38.3,29880
2011,630000,青海省,1670.44,155.08,975.18,540.18,9.3,58.4,32.3,29522
2011,120000,天津市,11307.28,159.72,5928.32,5219.24,1.4,52.4,46.2,85213
2011,530000,云南省,8893.12,1411.01,3780.32,3701.79,15.9,42.5,41.6,19265
2011,340000,安徽省,15300.65,2015.31,8309.38,4975.95,13.2,54.3,32.5,25659
2011,460000,海南省,2522.66,659.23,714.5,1148.93,26.1,28.3,45.5,28898
2011,650000,新疆维吾尔自治区,6610.05,1139.03,3225.9,2245.12,17.2,48.8,34,30087
2011,230000,黑龙江省,12582,1701.5,6330.53,4549.97,13.5,50.3,36.2,32819
2011,330000,浙江省,32318.85,1583.04,16555.58,14180.23,4.9,51.2,43.9,59249
2011,350000,福建省,17560.18,1612.24,9069.2,6878.74,9.2,51.6,39.2,47377
2011,640000,宁夏回族自治区,2102.21,184.14,1056.15,861.92,8.8,50.2,41,33043
2011,520000,贵州省,5701.84,726.22,2194.33,2781.29,12.7,38.5,48.8,16413
2011,130000,河北省,24515.76,2905.73,13126.86,8483.17,11.9,53.5,34.6,33969
2011,370000,山东省,45361.85,3973.85,24017.11,17370.89,8.8,52.9,38.3,47335
2011,610000,陕西省,12512.3,1220.9,6935.59,4355.81,9.8,55.4,34.8,33464
2011,410000,河南省,26931.03,3512.24,15427.08,7991.72,13,57.3,29.7,28661
2011,110000,北京市,16251.93,136.27,3752.48,12363.18,0.8,23.1,76.1,81658
2011,500000,重庆市,10011.37,844.52,5543.04,3623.81,8.4,55.4,36.2,34500
2011,210000,辽宁省,22226.7,1915.57,12152.15,8158.98,8.6,54.7,36.7,50760
2011,220000,吉林省,10568.83,1277.44,5611.48,3679.91,12.1,53.1,34.8,38460
2011,420000,湖北省,19632.26,2569.3,9815.94,7247.02,13.1,50,36.9,34197
2011,320000,江苏省,49110.27,3064.77,25203.28,20842.21,6.2,51.3,42.4,62290
2011,510000,四川省,21026.68,2983.51,11029.13,7014.04,14.2,52.5,33.4,26133
2012,142,中国,538579.9535,49084.6359,244639.0685,244856.249,9.1137,45.423,45.4633,39771.3728
2012,120000,天津市,12893.88,171.6,6663.82,6058.46,1.33,51.68,46.99,93173
2012,130000,河北省,26575.01,3186.66,14003.57,9384.78,11.99,52.69,35.31,36584
2012,140000,山西省,12112.83,698.32,6731.56,4682.95,5.77,55.57,38.66,33628
2012,150000,内蒙古自治区,15880.5788,1448.58,8801.5,5630.5,9.12,55.42,35.46,63886
2012,210000,辽宁省,24846.43,2155.82,13230.49,9460.12,8.68,53.25,38.07,56649
2012,220000,吉林省,11939.24,1412.11,6376.77,4150.36,11.83,53.41,34.76,43415
2012,230000,黑龙江省,13691.58,2113.66,6037.61,5540.31,15.44,44.1,40.47,35711
2012,310000,上海市,20181.72,127.8,7854.77,12199.15,0.63,38.92,60.45,85373
2012,320000,江苏省,54058.22,3418.29,27121.95,23517.98,6.32,50.17,43.5,68347
2012,330000,浙江省,34665.33,1667.88,17316.32,15681.13,4.81,49.95,45.24,63374
2012,340000,安徽省,17212.0506,2178.73,9404.84,5628.48,12.66,54.64,32.7,28792
2012,350000,福建省,19701.78,1776.71,10187.94,7737.13,9.02,51.71,39.27,52763
2012,360000,江西省,12948.88,1520.23,6942.59,4486.06,11.74,53.62,34.64,28800
2012,370000,山东省,50013.2449,4281.7,25735.73,19995.81,8.56,51.46,39.98,51768
2012,410000,河南省,29599.31,3769.54,16672.2,9157.57,12.74,56.33,30.94,31499
2012,420000,湖北省,22250.45,2848.77,11193.1,8208.58,12.8,50.31,36.89,38572
2012,430000,湖南省,22154.2275,3004.21,10506.42,8643.6,13.56,47.42,39.02,33480
2012,440000,广东省,57067.9177,2847.26,27700.97,26519.69,4.99,48.54,46.47,54095
2012,450000,广西壮族自治区,13035.1015,2172.37,6247.43,4615.3,16.67,47.93,35.41,27952
2012,460000,海南省,2855.54,711.54,804.47,1339.53,24.92,28.17,46.91,32377
2012,500000,重庆市,11409.6,940.01,5975.18,4494.41,8.24,52.37,39.39,38914
2012,510000,四川省,23872.8,3297.21,12333.28,8242.31,13.81,51.66,34.53,29608
2012,520000,贵州省,6852.2,891.91,2677.54,3282.75,13.02,39.08,47.91,19710
2012,530000,云南省,10309.47,1654.55,4419.2,4235.72,16.05,42.87,41.09,22195
2012,540000,西藏自治区,701.03,80.38,242.85,377.8,11.47,34.64,53.89,22936
2012,610000,陕西省,14453.68,1370.16,8073.87,5009.65,9.48,55.86,34.66,38564
2012,620000,甘肃省,5650.204,780.5,2600.09,2269.61,13.81,46.02,40.17,21978
2012,630000,青海省,1893.54,176.91,1092.34,624.29,9.34,57.69,32.97,33181
2012,640000,宁夏回族自治区,2341.29,199.4,1159.37,982.52,8.52,49.52,41.96,36394
2012,650000,新疆维吾尔自治区,7505.31,1320.57,3481.56,2703.18,17.6,46.39,36.02,33796
2012,110000,北京市,17879.4,150.2,4059.27,13669.93,0.84,22.7,76.46,87475
2013,142,中国,592963.2295,53028.0729,261951.6139,277983.5428,8.9429,44.1767,46.8804,43496.6132
2013,120000,天津市,14442.01,188.45,7276.68,6905.03,1.3,50.6,48.1,100105.4288
2013,410000,河南省,32191.2999,4058.98,17806.39,10290.49,12.6,55.4,32,34211.4883
2013,510000,四川省,26392.07,3425.61,13579.03,9256.13,13,51.7,35.2,32617
2013,500000,重庆市,12783.26,1016.74,6397.92,5242.03,8,50.5,41.4,43223
2013,450000,广西壮族自治区,14449.904,2343.57,6863.04,5171.39,16.3,47.7,36,30741.2063
2013,350000,福建省,21868.49,1936.31,11315.3,8508.03,8.9,52,39.1,58145
2013,370000,山东省,55230.3249,4742.63,27422.47,22519.23,8.7,50.1,41.2,56884.9371
2013,320000,江苏省,59753.37,3646.08,29094.03,26421.64,6.2,49.2,44.7,75354
2013,460000,海南省,3177.56,756.47,871.29,1518.7,24,27.7,48.3,35663
2013,610000,陕西省,16205.45,1526.05,8911.64,5607.52,9.5,55.5,34.9,43117
2013,650000,新疆维吾尔自治区,8443.84,1468.29,3765.97,3125.98,17.6,45,37.4,37552.5452
2013,360000,江西省,14410.19,1636.49,7671.38,5030.63,11.4,53.5,35.1,31930
2013,330000,浙江省,37756.58,1784.62,18446.65,17337.22,4.8,49.1,46.1,68804.7198
2013,430000,湖南省,24621.67,3099.23,11517.35,9885.09,12.6,47,40.3,36943
2013,230000,黑龙江省,14454.9056,2516.79,5918.22,5947.92,17.5,41.1,41.4,37696.9665
2013,640000,宁夏回族自治区,2577.57,222.98,1264.96,1077.12,8.7,49.3,42,39613
2013,420000,湖北省,24791.83,3098.16,12171.56,9398.77,12.6,49.3,38.1,42825.76
2013,140000,山西省,12665.25,773.81,6792.68,5035.75,6.1,53.9,40,34983.8343
2013,620000,甘肃省,6330.6923,879.37,2821.04,2567.6,14,45,41,24538.8511
2013,630000,青海省,2122.06,207.59,1204.31,689.15,9.9,57.3,32.8,36875
2013,130000,河北省,28442.95,3500.42,14762.1,10038.89,12.4,52.2,35.5,38909
2013,530000,云南省,11832.31,1895.34,4927.82,4897.75,16.2,42,41.8,25322
2013,110000,北京市,19800.81,161.83,4352.3,14986.43,0.8,22.3,76.9,94647.8813
2013,440000,广东省,62474.79,3047.51,29427.49,29688.97,4.9,47.3,47.8,58833
2013,310000,上海市,21818.15,129.28,8027.77,13445.07,0.6,37.2,62.2,90993
2013,150000,内蒙古自治区,16916.5029,1599.41,9084.19,6148.78,9.5,54,36.5,67835.6008
2013,340000,安徽省,19229.3371,2348.09,10403.96,6286.82,12.3,54.6,33,32000.8938
2013,520000,贵州省,8086.86,1029.05,3243.7,3734.04,12.9,40.5,46.6,23151
2013,540000,西藏自治区,815.67,86.82,292.92,427.93,10.7,36.3,53,26326
2013,210000,辽宁省,27213.22,2321.63,14269.46,10486.56,8.6,52.7,38.7,61996.1727
2013,220000,吉林省,13046.4,1509.34,6858.23,4613.89,11.6,52.8,35.5,47428
2014,142,中国,643563.1045,55626.3216,277282.8197,310653.9632,8.6435,43.0856,48.2709,46911.7187
2014,500000,重庆市,14262.6,1061.03,6529.06,6672.51,7.4392,45.7775,46.7833,47850
2014,110000,北京市,21330.83,158.99,4544.8,16627.04,0.7454,21.3063,77.9484,99995
2014,120000,天津市,15726.93,199.9,7731.85,7795.18,1.2711,49.1631,49.5658,105231.3467
2014,150000,内蒙古自治区,17770.1888,1627.852,9119.79,7022.5468,9.1606,51.3207,39.5187,71046.3688
2014,530000,云南省,12814.59,1990.07,5281.82,5542.7,15.5297,41.2172,43.253,27263.6349
2014,310000,上海市,23567.6953,124.26,8167.7108,15275.7245,0.5272,34.6564,64.8164,97370
2014,410000,河南省,34938.24,4160.01,17816.56,12961.67,11.9068,50.9944,37.0988,37071.7173
2014,450000,广西壮族自治区,15672.8933,2413.438,7324.964,5934.4913,15.3988,46.7365,37.8647,33089.609
2014,330000,浙江省,40173.03,1777.18,19175.06,19220.79,4.4238,47.7312,47.845,73002.0534
2014,360000,江西省,15714.63,1683.72,8247.93,5782.98,10.7143,52.4857,36.8,34674
2014,610000,陕西省,17689.94,1564.94,9577.24,6547.76,8.8465,54.1395,37.014,46929
2014,650000,新疆维吾尔自治区,9273.46,1538.6,3948.96,3785.9,16.5914,42.5835,40.8251,40648
2014,510000,四川省,28536.66,3531.05,13962.41,11043.2,12.3737,48.928,38.6983,35128
2014,350000,福建省,24055.76,2014.8,12515.36,9525.6,8.3755,52.0265,39.598,63472
2014,460000,海南省,3500.72,809.52,875.97,1815.23,23.1244,25.0226,51.853,38923.7
2014,630000,青海省,2303.32,215.93,1234.31,853.08,9.3747,53.5883,37.037,39671
2014,320000,江苏省,65088.32,3634.33,30854.5,30599.49,5.5837,47.4041,47.0123,81874
2014,140000,山西省,12761.49,788.89,6293.91,5678.69,6.1818,49.3196,44.4986,35070
2014,370000,山东省,59426.5902,4798.36,28788.1074,25840.1228,8.0744,48.4431,43.4824,60879.1048
2014,640000,宁夏回族自治区,2752.1,216.99,1341.24,1193.87,7.8845,48.7351,43.3803,41834
2014,430000,湖南省,27037.3212,3148.7453,12482.0641,11406.5118,11.6459,46.1661,42.188,40270.5443
2014,130000,河北省,29421.15,3447.46,15012.85,10960.84,11.7176,51.0274,37.255,39984
2014,620000,甘肃省,6836.8208,900.76,2926.4508,3009.613,13.1751,42.8043,44.0207,26432.9157
2014,230000,黑龙江省,15039.3764,2611.36,5544.4064,6883.61,17.3635,36.8659,45.7706,39226.3339
2014,420000,湖北省,27379.2176,3176.89,12852.4003,11349.9273,11.6033,46.9422,41.4545,47144.6
2014,210000,辽宁省,28626.58,2285.75,14384.64,11956.19,7.9847,50.2492,41.766,65201.1844
2014,540000,西藏自治区,920.8326,91.6413,336.8419,492.3451,9.952,36.5801,53.4674,29252
2014,340000,安徽省,20848.7476,2392.3905,11077.675,7378.6821,11.475,53.1335,35.3915,34424.6122
2014,520000,贵州省,9266.39,1280.45,3857.44,4128.5,13.8182,41.6283,44.5535,26437
2014,440000,广东省,67809.85,3166.82,31419.75,33223.28,4.6701,46.3351,48.9948,63469
2014,220000,吉林省,13803.14,1524.01,7286.59,4992.54,11.041,52.7894,36.1696,50160
2015,142,中国,688858.218,57774.6413,281338.9267,349744.65,8.387,40.8413,50.7716,49922.3268
2015,320000,江苏省,70116.38,3986.05,32044.45,34085.88,5.6849,45.7018,48.6133,87995
2015,520000,贵州省,10502.56,1640.61,4147.83,4714.12,15.621,39.4935,44.8854,29847.2478
2015,220000,吉林省,14063.13,1596.28,7005.71,5461.14,11.3508,49.8162,38.833,51086
2015,610000,陕西省,18021.8609,1597.63,9082.13,7342.1009,8.865,50.3951,40.74,47626
2015,150000,内蒙古自治区,17831.5088,1617.4219,9000.577,7213.5099,9.0706,50.4757,40.4537,71100.5442
2015,110000,北京市,23014.59,140.21,4542.64,18331.74,0.6092,19.7381,79.6527,106497
2015,210000,辽宁省,28669.016,2384.03,13041.97,13243.016,8.3157,45.4915,46.1928,65354.4122
2015,310000,上海市,25123.45,109.82,7991,17022.63,0.4371,31.8069,67.7559,103795.536
2015,410000,河南省,37002.16,4209.56,17917.37,14875.23,11.3765,48.4225,40.201,39122.61
2015,530000,云南省,13619.17,2055.78,5416.12,6147.27,15.0948,39.7684,45.1369,28806
2015,440000,广东省,72812.55,3345.54,32613.54,36853.47,4.5947,44.7911,50.6142,67503
2015,130000,河北省,29806.11,3439.45,14386.87,11979.79,11.5394,48.2682,40.1924,40255
2015,140000,山西省,12766.49,783.16,5194.27,6789.06,6.1345,40.6868,53.1788,34918.71
2015,620000,甘肃省,6790.3169,954.09,2494.7675,3341.4594,14.0507,36.7401,49.2092,26165.2608
2015,630000,青海省,2417.05,208.93,1207.31,1000.81,8.644,49.9497,41.4063,41252
2015,510000,四川省,30053.1,3677.3,13248.08,13127.72,12.236,44.0822,43.6817,36775
2015,330000,浙江省,42886.49,1832.91,19711.67,21341.91,4.2739,45.9624,49.7637,77643.6861
2015,360000,江西省,16723.78,1772.98,8411.57,6539.23,10.6016,50.2971,39.1014,36724
2015,500000,重庆市,15717.27,1150.15,7069.37,7497.75,7.3177,44.9784,47.7039,52321
2015,450000,广西壮族自治区,16803.12,2565.45,7717.52,6520.15,15.2677,45.9291,38.8032,35190
2015,120000,天津市,16538.19,208.82,7704.22,8625.15,1.2627,46.5844,52.1529,107960.0883
2015,370000,山东省,63002.3325,4979.0794,29485.9021,28537.3509,7.903,46.8013,45.2957,64168.3001
2015,350000,福建省,25979.82,2118.1,13064.82,10796.9,8.1529,50.2883,41.5588,67965.5199
2015,460000,海南省,3702.76,854.72,875.82,1972.22,23.0833,23.6532,53.2635,40818
2015,430000,湖南省,28902.2139,3331.6211,12810.8214,12759.7713,11.5272,44.3247,44.1481,42753.86
2015,340000,安徽省,22005.63,2456.69,10946.8273,8602.1127,11.1639,49.7456,39.0905,35996.5641
2015,650000,新疆维吾尔自治区,9324.8,1559.08,3596.4,4169.32,16.7197,38.5681,44.7122,40036
2015,230000,黑龙江省,15083.67,2633.5,4798.08,7652.09,17.4593,31.8098,50.731,39461.5644
2015,640000,宁夏回族自治区,2911.77,237.76,1379.6,1294.41,8.1655,47.3801,44.4544,43805
2015,540000,西藏自治区,1026.3911,98.04,376.187,552.1641,9.5519,36.6514,53.7967,31999
2015,420000,湖北省,29550.1881,3309.84,13503.5569,12736.7912,11.2007,45.697,43.1022,50653.85
2016,142,中国,746395.0595,60139.1961,295427.8034,390828.06,8.0573,39.5806,52.3621,53782.9974
2016,460000,海南省,4053.2,948.35,905.95,2198.9,23.3976,22.3515,54.251,44347
2016,640000,宁夏回族自治区,3168.59,241.6,1488.44,1438.55,7.6248,46.9748,45.4003,47194
2016,340000,安徽省,24407.62,2567.72,11821.58,10018.32,10.5201,48.434,41.0459,39561
2016,430000,湖南省,31551.37,3578.37,13341.17,14631.83,11.3414,42.284,46.3746,46382
2016,650000,新疆维吾尔自治区,9649.7,1648.97,3647.01,4353.72,17.0883,37.794,45.1177,40564
2016,230000,黑龙江省,15386.09,2670.46,4400.69,8314.94,17.3563,28.6017,54.0419,40432
2016,540000,西藏自治区,1151.41,115.78,429.17,606.46,10.0555,37.2734,52.6711,35184
2016,420000,湖北省,32665.38,3659.33,14654.38,14351.67,11.2025,44.8621,43.9354,55665
2016,320000,江苏省,77388.28,4077.18,34619.5,38691.6,5.2685,44.7348,49.9967,96887
2016,310000,上海市,28178.65,109.47,8406.28,19662.9,0.3885,29.8321,69.7794,116562
2016,530000,云南省,14788.42,2195.11,5690.16,6903.15,14.8434,38.4771,46.6794,31093
2016,440000,广东省,80854.91,3694.37,35109.66,42050.88,4.5691,43.423,52.0078,74016
2016,220000,吉林省,14776.8,1498.52,7004.95,6273.33,10.141,47.4051,42.4539,53868
2016,110000,北京市,25669.13,129.79,4944.44,20594.9,0.5056,19.2622,80.2322,118198
2016,360000,江西省,18499,1904.53,8829.54,7764.93,10.2953,47.7298,41.9749,40400
2016,210000,辽宁省,22246.9,2173.06,8606.54,11467.3,9.7679,38.6865,51.5456,50791
2016,520000,贵州省,11776.73,1846.19,4669.53,5261.01,15.6766,39.6505,44.6729,33246
2016,610000,陕西省,19399.59,1693.85,9490.72,8215.02,8.7314,48.9223,42.3464,51015
2016,150000,内蒙古自治区,18128.1,1637.39,8553.63,7937.08,9.0323,47.1844,43.7833,72064
2016,630000,青海省,2572.49,221.19,1249.98,1101.32,8.5983,48.5903,42.8114,43531
2016,410000,河南省,40471.79,4286.21,19275.82,16909.76,10.5906,47.6278,41.7816,42575
2016,350000,福建省,28810.58,2363.22,14093.47,12353.89,8.2026,48.9177,42.8797,74707
2016,370000,山东省,68024.49,4929.13,31343.67,31751.69,7.2461,46.077,46.6769,68733
2016,130000,河北省,32070.45,3492.81,15256.93,13320.71,10.8911,47.5732,41.5358,43062
2016,140000,山西省,13050.41,784.78,5028.99,7236.64,6.0135,38.5351,55.4514,35532
2016,620000,甘肃省,7200.37,983.39,2515.56,3701.42,13.6575,34.9365,51.406,27643
2016,330000,浙江省,47251.36,1965.18,21194.61,24091.57,4.159,44.855,50.986,84916
2016,500000,重庆市,17740.59,1303.24,7898.92,8538.43,7.3461,44.5246,48.1293,58502
2016,450000,广西壮族自治区,18317.64,2796.8,8273.66,7247.18,15.2683,45.1677,39.5639,38027
2016,120000,天津市,17885.39,220.22,7571.35,10093.82,1.2313,42.3326,56.4361,115053
2016,510000,四川省,32934.54,3929.33,13448.92,15556.29,11.9307,40.8353,47.234,40003
2017,142,中国,832035.9486,62099.544,331580.4572,438355.9474,7.4636,39.8517,52.6847,59592.2511
2017,340000,安徽省,27018,2582.2659,12838.2785,11597.4508,9.5576,47.5175,42.9249,43401.3638
2017,460000,海南省,4462.54,962.84,996.35,2503.35,21.5761,22.327,56.097,48430
2017,650000,新疆维吾尔自治区,10881.96,1551.84,4330.89,4999.23,14.2607,39.7988,45.9405,44941
2017,230000,黑龙江省,15902.6817,2965.25,4060.6017,8876.83,18.6462,25.5341,55.8197,41916
2017,420000,湖北省,35478.09,3528.96,15441.75,16507.38,9.9469,43.5248,46.5284,60199
2017,640000,宁夏回族自治区,3443.56,250.62,1580.57,1612.37,7.2779,45.8993,46.8228,50765
2017,430000,湖南省,33902.96,2998.4,14145.49,16759.07,8.8441,41.7235,49.4325,49558
2017,370000,山东省,72634.1491,4832.7119,32942.8429,34858.6,6.6535,45.3545,47.992,72807.1389
2017,530000,云南省,16376.34,2338.37,6204.97,7833,14.279,37.8898,47.8312,34221
2017,350000,福建省,32182.09,2215.13,15354.29,14612.67,6.8831,47.7107,45.4062,82677
2017,440000,广东省,89705.23,3611.44,38008.06,48085.73,4.0259,42.3699,53.6042,80932
2017,310000,上海市,30632.99,110.78,9330.67,21191.54,0.3616,30.4595,69.1788,126634.15
2017,330000,浙江省,51768.26,1933.92,22232.08,27602.26,3.7357,42.9454,53.3189,92057.0108
2017,220000,吉林省,14944.53,1095.36,6998.51,6850.66,7.3295,46.8299,45.8406,54838
2017,520000,贵州省,13540.8256,2032.2737,5428.1389,6080.42,15.0085,40.0872,44.9043,37956.0633
2017,210000,辽宁省,23409.24,1902.28,9199.8,12307.16,8.1262,39.2999,52.5739,53526.6544
2017,360000,江西省,20006.31,1835.26,9627.98,8543.07,9.1734,48.1247,42.7019,43424.3703
2017,540000,西藏自治区,1310.92,122.72,513.65,674.55,9.3614,39.1824,51.4562,39267
2017,320000,江苏省,85869.76,4045.16,38654.87,43169.73,4.7108,45.0157,50.2735,107150
2017,610000,陕西省,21898.81,1741.45,10882.88,9274.48,7.9523,49.6962,42.3515,57266.31
2017,150000,内蒙古自治区,16096.21,1649.77,6399.68,8046.76,10.2494,39.7589,49.9916,63764
2017,410000,河南省,44552.83,4139.29,21105.52,19308.02,9.2907,47.3719,43.3374,46674
2017,630000,青海省,2624.83,238.41,1162.41,1224.01,9.0829,44.2852,46.632,44047
2017,130000,河北省,34016.32,3129.98,15846.21,15040.13,9.2014,46.5841,44.2145,45387
2017,140000,山西省,15528.42,719.16,6778.89,8030.37,4.6313,43.6547,51.714,42060
2017,620000,甘肃省,7459.8995,859.7523,2561.7919,4038.3554,11.525,34.3408,54.1342,28496.501
2017,510000,四川省,36980.22,4262.35,14328.13,18389.74,11.526,38.7454,49.7286,44651.32
2017,500000,重庆市,19424.73,1276.09,8584.61,9564.03,6.5694,44.1942,49.2364,63442
2017,450000,广西壮族自治区,18523.26,2878.3,7450.85,8194.11,15.5388,40.2243,44.2369,38102
2017,110000,北京市,28014.94,120.42,5326.76,22567.76,0.4298,19.014,80.5562,128994.1063
2017,120000,天津市,18549.19,168.96,7593.5931,10786.6369,0.9109,40.9376,58.1515,118943.5683
2018,500000,重庆市,20363.19,1378.2747,8328.79,10656.1253,6.77,40.9,52.33,65932.7242
2018,450000,广西壮族自治区,20352.51,3019.37,8072.94,9260.2,14.84,39.67,45.5,41489.1652
2018,460000,海南省,4832.05,1000.11,1095.79,2736.15,20.7,22.68,56.63,51955.2922
2018,510000,四川省,40678.13,4426.66,15322.72,20928.75,10.88,37.67,51.4,48883.1701
2018,340000,安徽省,30006.82,2638.01,13842.09,13526.72,8.79,46.13,45.08,47711.6644
2018,640000,宁夏回族自治区,3705.18,279.85,1650.26,1775.07,7.55,44.54,47.91,54094.1675
2018,650000,新疆维吾尔自治区,12199.08,1692.09,4922.97,5584.02,13.87,40.3,45.77,49474.7173
2018,230000,黑龙江省,16361.62,3000.96,4030.94,9329.72,18.34,24.64,57.1,43274.4056
2018,430000,湖南省,36425.78,3083.59,14453.54,18888.65,8.47,39.68,51.8,52948.6035
2018,330000,浙江省,56197.15,1967.01,23505.88,30724.26,3.5,41.83,54.67,98643.4088
2018,360000,江西省,21984.78,1877.33,10250.21,9857.24,8.6,46.62,44.84,47433.9457
2018,540000,西藏自治区,1477.63,130.25,628.37,719.01,8.81,42.53,48.66,43398
2018,420000,湖北省,39366.55,3547.51,17088.95,18730.09,9.01,43.41,47.58,66615.7035
2018,610000,陕西省,24438.32,1830.19,12157.48,10450.65,7.49,49.75,42.7,63477.4749
2018,140000,山西省,16818.11,740.64,7089.19,8988.28,4.4,42.15,53.44,45328
2018,220000,吉林省,15074.62,1160.75,6410.85,7503.02,7.7,42.53,49.77,55610.924
2018,370000,山东省,76469.67,4950.52,33641.72,37877.43,6.47,43.99,49.53,76267.2567
2018,350000,福建省,35804.04,2379.82,17232.36,16191.86,6.65,48.13,45.22,91197.2491
2018,630000,青海省,2865.23,268.1,1247.06,1350.07,9.36,43.52,47.12,47689.4526
2018,130000,河北省,36010.27,3338,16040.06,16632.21,9.27,44.54,46.19,47772.2207
2018,320000,江苏省,92595.4,4141.72,41248.52,47205.16,4.47,44.5,50.98,115168.408
2018,110000,北京市,30319.98,118.69,5647.65,24553.64,0.39,18.63,80.98,140211.2419
2018,620000,甘肃省,8246.07,921.3048,2794.67,4530.0952,11.17,33.89,54.94,31336.1252
2018,210000,辽宁省,25315.35,2033.3,10025.1,13256.95,8.03,39.6,52.37,58007.5158
2018,440000,广东省,97277.77,3831.44,40695.15,52751.18,4,41.83,54.23,86412
2018,310000,上海市,32679.87,104.37,9732.54,22842.96,0.32,29.78,69.9,134982
2018,410000,河南省,48055.86,4289.38,22034.83,21731.65,8.93,45.85,45.22,50152.2229
2018,530000,云南省,17881.12,2498.86,6957.44,8424.82,13.97,38.91,47.12,37136.2825
2018,120000,天津市,18809.64,172.71,7609.81,11027.12,0.92,40.46,58.62,120710.8019
2018,150000,内蒙古自治区,17289.22,1753.82,6807.3,8728.1,10.14,39.37,50.48,68302
2018,142,中国,919281.1291,64745.1561,364835.2104,489700.7626,7.043,39.687,53.27,65533.7427
2018,520000,贵州省,14806.45,2159.54,5755.54,6891.37,14.59,38.87,46.54,41243.5933
2019,530000,云南省,23223.75,3037.62,7961.58,12224.55,13.1,34.3,52.6,47944
2019,440000,广东省,107671.07,4351.26,43546.43,59773.38,4,40.4,55.5,94172
2019,310000,上海市,38155.32,103.88,10299.16,27752.28,0.3,27,72.7,157279
2019,410000,河南省,54259.2,4635.4,23605.79,26018.01,8.5,43.5,48,56387.84
2019,220000,吉林省,11726.82,1287.32,4134.82,6304.68,11,35.2,53.8,43475
2019,520000,贵州省,16769.34,2280.56,6058.45,8430.33,13.6,36.1,50.3,46433
2019,142,中国,986515.2023,70473.5906,380670.621,535370.9907,7.1437,38.5874,54.2689,70077.6918
2019,210000,辽宁省,24909.45,2177.77,9531.24,13200.44,8.7,38.3,53,57191
2019,110000,北京市,35371.28,113.69,5715.06,29542.53,0.3,16.2,83.5,164220
2019,610000,陕西省,25793.17,1990.93,11980.75,11821.49,7.7,46.4,45.8,66649.02
2019,150000,内蒙古自治区,17212.53,1863.19,6818.88,8530.46,10.8,39.6,49.6,67852.13
2019,370000,山东省,71067.53,5116.44,28310.92,37640.17,7.2,39.8,53,70652.62
2019,350000,福建省,42395,2596.23,20581.74,19217.03,6.1,48.5,45.3,107139.25
2019,630000,青海省,2965.95,301.9,1159.75,1504.3,10.2,39.1,50.7,48981.46
2019,330000,浙江省,62351.74,2097.38,26566.6,33687.76,3.4,42.6,54,107623.61
2019,130000,河北省,35104.52,3518.44,13597.26,17988.82,10,38.7,51.3,46347.89
2019,140000,山西省,17026.68,824.72,7453.09,8748.87,4.8,43.8,51.4,45724
2019,510000,四川省,46615.82,4807.24,17365.33,24443.25,10.3,37.3,52.4,55774
2019,500000,重庆市,23605.77,1551.42,9496.84,12557.51,6.6,40.2,53.2,75828
2019,450000,广西壮族自治区,21237.14,3387.74,7077.43,10771.97,16,33.3,50.7,42964
2019,360000,江西省,24757.5,2057.56,10939.83,11760.11,8.3,44.2,47.5,53164
2019,320000,江苏省,99631.52,4296.28,44270.51,51064.73,4.3,44.4,51.3,123607
2019,120000,天津市,14104.28,185.23,4969.18,8949.87,1.3,35.2,63.5,90370.63
2019,620000,甘肃省,8718.3,1050.48,2862.42,4805.4,12,32.8,55.1,32994.56
2019,230000,黑龙江省,13612.68,3182.45,3615.21,6815.03,23.4,26.6,50.1,36182.77
2019,340000,安徽省,37113.98,2915.7,15337.9,18860.38,7.9,41.3,50.8,58495.57
2019,640000,宁夏回族自治区,3748.48,279.93,1584.72,1883.83,7.5,42.3,50.3,54217
2019,460000,海南省,5308.93,1080.36,1099.03,3129.54,20.3,20.7,59,56506.83
2019,430000,湖南省,39752.12,3646.95,14946.98,21158.19,9.2,37.6,53.2,57540.26
2019,650000,新疆维吾尔自治区,13597.11,1781.75,4795.5,7019.86,13.1,35.3,51.6,54280
2019,540000,西藏自治区,1697.82,138.19,635.62,924.01,8.2,37.4,54.4,48902
2019,420000,湖北省,45828.31,3809.09,19098.62,22920.6,8.3,41.7,50,77386.54
2020,142,中国,1013567.002,78030.9003,383562.3537,551973.7482,7.6986,37.8428,54.4585,71828.1484
2020,210000,辽宁省,25114.96,2284.61,9400.91,13429.44,9.1,37.4,53.5,58872.39
2020,630000,青海省,3005.92,334.3,1143.55,1528.07,11.1,38,50.8,50818.6
2020,540000,西藏自治区,1902.74,150.65,798.25,953.84,7.9,42,50.1,52344.98
2020,420000,湖北省,43443.46,4131.91,17023.9,22287.65,9.5,39.2,51.3,74440.47
2020,120000,天津市,14083.73,210.18,4804.08,9069.47,1.5,34.1,64.4,101614.21
2020,440000,广东省,110760.94,4769.99,43450.17,62540.78,4.3,39.2,56.5,88210.04
2020,370000,山东省,73129,5363.76,28612.19,39153.05,7.3,39.1,53.5,72151.35
2020,520000,贵州省,17826.56,2539.88,6211.62,9075.07,14.2,34.8,50.9,46266.7
2020,220000,吉林省,12311.32,1553,4326.22,6432.1,12.6,35.1,52.2,50799.75
2020,620000,甘肃省,9016.7,1198.14,2852.03,4966.52,13.3,31.6,55.1,35994.81
2020,320000,江苏省,102718.98,4536.72,44226.43,53955.83,4.4,43.1,52.5,121230.95
2020,350000,福建省,43903.89,2732.32,20328.8,20842.78,6.2,46.3,47.5,105818
2020,360000,江西省,25691.5,2241.59,11084.83,12365.08,8.7,43.1,48.1,56871.06
2020,130000,河北省,36206.89,3880.14,13597.2,18729.54,10.7,37.6,51.7,48564
2020,140000,山西省,17651.93,946.68,7675.44,9029.81,5.4,43.5,51.2,50527.92
2020,150000,内蒙古自治区,17359.82,2025.12,6868.03,8466.66,11.7,39.6,48.8,72062.35
2020,110000,北京市,36102.55,107.61,5716.37,30278.57,0.3,15.8,83.9,164889.47
2020,310000,上海市,38700.58,103.57,10289.47,28307.54,0.3,26.6,73.1,155768.08
2020,330000,浙江省,64613.34,2169.23,26412.95,36031.16,3.4,40.9,55.8,100620.32
2020,410000,河南省,54997.07,5353.74,22875.33,26768.01,9.7,41.6,48.7,55435.01
2020,530000,云南省,24521.9,3598.91,8287.54,12635.46,14.7,33.8,51.5,51975.2
2020,340000,安徽省,38680.63,3184.68,15671.69,19824.26,8.2,40.5,51.3,63426.47
2020,510000,四川省,48598.76,5556.58,17571.11,25471.07,11.4,36.2,52.4,58125.54
2020,610000,陕西省,26181.86,2267.54,11362.58,12551.74,8.7,43.4,47.9,66291.58
2020,500000,重庆市,25002.79,1803.33,9992.21,13207.25,7.2,40,52.8,78170.36
2020,450000,广西壮族自治区,22156.69,3555.82,7108.49,11492.38,16,32.1,51.9,44308.95
2020,230000,黑龙江省,13698.5,3438.29,3483.51,6776.7,25.1,25.4,49.5,42634.61
2020,430000,湖南省,41781.49,4240.45,15937.69,21603.36,10.1,38.1,51.7,62900.25
2020,650000,新疆维吾尔自治区,13797.58,1981.28,4744.45,7071.85,14.4,34.4,51.3,53593.24
2020,460000,海南省,5532.39,1135.98,1055.26,3341.15,20.5,19.1,60.4,55130.94
2020,640000,宁夏回族自治区,3920.55,338.01,1608.96,1973.58,8.6,41,50.3,54527.82
2021,210000,辽宁省,27584.075,2461.7574,10875.2283,14247.0893,8.9246,39.4257,51.6497,65026
2021,640000,宁夏回族自治区,4522.3088,364.4773,2021.5527,2136.2788,8.0595,44.7018,47.2387,62549
2021,420000,湖北省,50012.9369,4661.667,18952.902,26398.3679,9.3209,37.896,52.7831,86416
2021,230000,黑龙江省,14879.19,3462.97,3975.29,7440.93,23.2739,26.7171,50.009,47266
2021,430000,湖南省,46063.0863,4322.9171,18126.0873,23614.0819,9.3848,39.3506,51.2647,69440
2021,440000,广东省,124369.6716,5003.6601,50219.1918,69146.8197,4.0232,40.379,55.5978,98285
2021,620000,甘肃省,10243.3051,1364.7218,3466.5611,5412.0222,13.3231,33.8422,52.8347,41046
2021,142,中国,1143669.717,83085.5179,450904.4676,609679.7315,7.2648,39.4261,53.3091,80975.7935
2021,630000,青海省,3346.6341,352.6517,1332.6092,1661.3732,10.5375,39.8194,49.6431,56398
2021,540000,西藏自治区,2080.1728,164.117,757.28,1158.7703,7.8896,36.4047,55.7055,56831
2021,520000,贵州省,19586.4224,2730.9222,6984.704,9870.7962,13.9429,35.6609,50.3961,50808
2021,340000,安徽省,42959.1753,3360.5941,17613.1909,21985.3903,7.8228,40.9998,51.1774,70321
2021,140000,山西省,22590.1608,1286.8711,11213.1347,10090.155,5.6966,49.6373,44.6661,64821
2021,150000,内蒙古自治区,20514.1947,2225.2277,9374.1936,8914.7734,10.8473,45.6961,43.4566,85422
2021,130000,河北省,40391.27,4030.34,16364.22,19996.71,9.9782,40.5142,49.5075,54172
2021,110000,北京市,40269.55,111.34,7268.6,32889.61,0.2765,18.0499,81.6736,183980
2021,530000,云南省,27146.7644,3870.1711,9589.3688,13687.2245,14.2565,35.3242,50.4194,57686
2021,310000,上海市,43214.85,99.97,11449.32,31665.56,0.2313,26.4939,73.2747,173630
2021,220000,吉林省,13235.5152,1553.84,4768.28,6913.3952,11.7399,36.0264,52.2337,55450
2021,450000,广西壮族自治区,24740.86,4015.51,8187.9,12537.45,16.2303,33.0946,50.6751,49206
2021,500000,重庆市,27894.02,1922.03,11184.94,14787.05,6.8905,40.098,53.0115,86879
2021,350000,福建省,48810.3558,2897.7397,22866.3198,23046.2963,5.9367,46.8473,47.216,116939
2021,370000,山东省,83095.9,6029.03,33187.16,43879.71,7.2555,39.9384,52.8061,81727
2021,510000,四川省,53850.79,5661.86,19901.38,28287.55,10.514,36.9565,52.5295,64326
2021,330000,浙江省,73515.7577,2209.0852,31188.5714,40118.1011,3.0049,42.4243,54.5708,113032
2021,360000,江西省,29619.673,2334.2914,13183.2083,14102.1733,7.8809,44.5083,47.6108,65560
2021,410000,河南省,58887.4053,5620.8248,24331.6468,28934.9337,9.545,41.3189,49.136,59410
2021,610000,陕西省,29800.9793,2409.3899,13802.5237,13589.0657,8.0849,46.3157,45.5994,75360
2021,320000,江苏省,116364.2,4722.42,51775.39,59866.39,4.0583,44.4943,51.4474,137039
2021,120000,天津市,15695.0458,225.4132,5854.2652,9615.3674,1.4362,37.3001,61.2637,113732
2021,650000,新疆维吾尔自治区,15983.6469,2356.0571,5967.3632,7660.2266,14.7404,37.3342,47.9254,61725
2021,460000,海南省,6475.2,1254.44,1238.8,3981.96,19.373,19.1315,61.4956,63707
2022,620000,甘肃省,11201.6,1515.3,3945,5741.2,13.5,35.2,51.3,44968
2022,440000,广东省,129118.6,5340.4,52843.5,70934.7,4.1,40.9,54.9,101905
2022,430000,湖南省,48670.4,4602.7,19182.6,24885.1,9.5,39.4,51.1,73598
2022,650000,新疆维吾尔自治区,17741.3,2509.3,7271.1,7961,14.1,41,44.9,68552
2022,210000,辽宁省,28975.1,2597.6,11755.8,14621.7,9,40.6,50.5,68775
2022,640000,宁夏回族自治区,5069.6,407.5,2449.1,2213,8,48.3,43.7,69781
2022,230000,黑龙江省,15901,3609.8,4648.9,7642.2,22.7,29.2,48.1,51096
2022,340000,安徽省,45045,3513.7,18588,22943.3,7.8,41.3,50.9,73603
2022,520000,贵州省,20164.6,2861.2,7113,10190.4,14.2,35.3,50.5,52321
2022,130000,河北省,42370.4,4410.3,17050.1,20910,10.4,40.2,49.4,56995
2022,540000,西藏自治区,2132.6,180.2,804.7,1147.8,8.4,37.7,53.8,58438
2022,420000,湖北省,53734.9,4986.7,21240.6,27507.6,9.3,39.5,51.2,92059
2022,220000,吉林省,13070.2,1689.1,4628.3,6752.8,12.9,35.4,51.7,55347
2022,610000,陕西省,32772.7,2575.3,15933.1,14264.2,7.9,48.6,43.5,82864
2022,330000,浙江省,77715.4,2324.8,33205.2,42185.4,3,42.7,54.3,118496
2022,310000,上海市,44652.8,97,11458.4,33097.4,0.2,25.7,74.1,179907
2022,410000,河南省,61345.1,5817.8,25465,30062.2,9.5,41.5,49,62106
2022,530000,云南省,28954.2,4012.2,10471.2,14470.8,13.9,36.2,50,61716
2022,370000,山东省,87435.1,6298.6,35014.2,46122.3,7.2,40,52.8,86003
2022,140000,山西省,25642.6,1340.4,13840.8,10461.3,5.2,54,40.8,73675
2022,150000,内蒙古自治区,23158.6,2653.7,11241.8,9263.1,11.5,48.5,40,96474
2022,320000,江苏省,122875.6,4959.4,55888.7,62027.5,4,45.5,50.5,144390
2022,110000,北京市,41610.9,111.5,6605.1,34894.3,0.3,15.9,83.9,190313
2022,350000,福建省,53109.9,3076.2,25078.2,24955.5,5.8,47.2,47,126829
2022,500000,重庆市,29129,2012.1,11693.9,15423.1,6.9,40.1,52.9,90663
2022,360000,江西省,32074.7,2451.5,14359.6,15263.7,7.6,44.8,47.6,70923
2022,460000,海南省,6818.2,1417.8,1310.9,4089.5,20.8,19.2,60,66602
2022,630000,青海省,3610.1,380.2,1585.7,1644.2,10.5,43.9,45.5,60724
2022,142,中国,1210207.244,88345.122,483164.4972,638697.6252,7.3,39.9241,52.7759,85698.1071
2022,120000,天津市,16311.3,273.1,6038.9,9999.3,1.7,37,61.3,119235
2022,510000,四川省,56749.8,5964.3,21157.1,29628.4,10.5,37.3,52.2,67777
2022,450000,广西壮族自治区,26300.9,4269.8,8938.6,13092.5,16.2,34,49.8,52164
