SgnYear,AreaCode,AreaName,Schools,NormalCoursesGraduates,ShortcycleCoursesGraduates
1992,156,中国,1053,,
1992,110000,北京市,67,,
1992,120000,天津市,22,,
1992,130000,河北省,47,,
1992,140000,山西省,25,,
1992,150000,内蒙古自治区,19,,
1992,210000,辽宁省,61,,
1992,220000,吉林省,42,,
1992,230000,黑龙江省,42,,
1992,310000,上海市,50,,
1992,320000,江苏省,67,,
1992,330000,浙江省,35,,
1992,340000,安徽省,36,,
1992,350000,福建省,33,,
1992,360000,江西省,28,,
1992,370000,山东省,51,,
1992,410000,河南省,47,,
1992,420000,湖北省,57,,
1992,430000,湖南省,45,,
1992,440000,广东省,43,,
1992,450000,广西壮族自治区,24,,
1992,460000,海南省,4,,
1992,510000,四川省,60,,
1992,520000,贵州省,23,,
1992,530000,云南省,26,,
1992,540000,西藏自治区,3,,
1992,610000,陕西省,45,,
1992,620000,甘肃省,17,,
1992,630000,青海省,7,,
1992,640000,宁夏回族自治区,6,,
1992,650000,新疆维吾尔自治区,21,,
1993,156,中国,1065,,
1993,110000,北京市,68,,
1993,120000,天津市,22,,
1993,130000,河北省,51,,
1993,140000,山西省,26,,
1993,150000,内蒙古自治区,19,,
1993,210000,辽宁省,61,,
1993,220000,吉林省,42,,
1993,230000,黑龙江省,42,,
1993,310000,上海市,50,,
1993,320000,江苏省,67,,
1993,330000,浙江省,36,,
1993,340000,安徽省,35,,
1993,350000,福建省,33,,
1993,360000,江西省,30,,
1993,370000,山东省,51,,
1993,410000,河南省,48,,
1993,420000,湖北省,57,,
1993,430000,湖南省,45,,
1993,440000,广东省,43,,
1993,450000,广西壮族自治区,24,,
1993,460000,海南省,5,,
1993,510000,四川省,61,,
1993,520000,贵州省,23,,
1993,530000,云南省,26,,
1993,540000,西藏自治区,4,,
1993,610000,陕西省,45,,
1993,620000,甘肃省,17,,
1993,630000,青海省,7,,
1993,640000,宁夏回族自治区,6,,
1993,650000,新疆维吾尔自治区,21,,
1994,156,中国,1080,,
1994,110000,北京市,67,,
1994,120000,天津市,22,,
1994,130000,河北省,52,,
1994,140000,山西省,26,,
1994,150000,内蒙古自治区,19,,
1994,210000,辽宁省,61,,
1994,220000,吉林省,43,,
1994,230000,黑龙江省,43,,
1994,310000,上海市,46,,
1994,320000,江苏省,67,,
1994,330000,浙江省,37,,
1994,340000,安徽省,35,,
1994,350000,福建省,33,,
1994,360000,江西省,31,,
1994,370000,山东省,49,,
1994,410000,河南省,50,,
1994,420000,湖北省,60,,
1994,430000,湖南省,47,,
1994,440000,广东省,46,,
1994,450000,广西壮族自治区,27,,
1994,460000,海南省,5,,
1994,510000,四川省,63,,
1994,520000,贵州省,22,,
1994,530000,云南省,26,,
1994,540000,西藏自治区,4,,
1994,610000,陕西省,47,,
1994,620000,甘肃省,17,,
1994,630000,青海省,7,,
1994,640000,宁夏回族自治区,7,,
1994,650000,新疆维吾尔自治区,21,,
1995,156,中国,1054,,
1995,110000,北京市,65,,
1995,120000,天津市,21,,
1995,130000,河北省,47,,
1995,140000,山西省,26,,
1995,150000,内蒙古自治区,19,,
1995,210000,辽宁省,61,,
1995,220000,吉林省,43,,
1995,230000,黑龙江省,38,,
1995,310000,上海市,45,,
1995,320000,江苏省,67,,
1995,330000,浙江省,37,,
1995,340000,安徽省,35,,
1995,350000,福建省,30,,
1995,360000,江西省,31,,
1995,370000,山东省,48,,
1995,410000,河南省,50,,
1995,420000,湖北省,56,,
1995,430000,湖南省,47,,
1995,440000,广东省,42,,
1995,450000,广西壮族自治区,27,,
1995,460000,海南省,5,,
1995,510000,四川省,64,,
1995,520000,贵州省,22,,
1995,530000,云南省,26,,
1995,540000,西藏自治区,4,,
1995,610000,陕西省,46,,
1995,620000,甘肃省,17,,
1995,630000,青海省,7,,
1995,640000,宁夏回族自治区,7,,
1995,650000,新疆维吾尔自治区,21,,
1996,156,中国,1032,,
1996,110000,北京市,65,,
1996,120000,天津市,20,,
1996,130000,河北省,45,,
1996,140000,山西省,25,,
1996,150000,内蒙古自治区,19,,
1996,210000,辽宁省,61,,
1996,220000,吉林省,40,,
1996,230000,黑龙江省,38,,
1996,310000,上海市,41,,
1996,320000,江苏省,66,,
1996,330000,浙江省,36,,
1996,340000,安徽省,35,,
1996,350000,福建省,30,,
1996,360000,江西省,31,,
1996,370000,山东省,48,,
1996,410000,河南省,50,,
1996,420000,湖北省,55,,
1996,430000,湖南省,46,,
1996,440000,广东省,41,,
1996,450000,广西壮族自治区,27,,
1996,460000,海南省,5,,
1996,510000,四川省,64,,
1996,520000,贵州省,22,,
1996,530000,云南省,26,,
1996,540000,西藏自治区,4,,
1996,610000,陕西省,43,,
1996,620000,甘肃省,17,,
1996,630000,青海省,7,,
1996,640000,宁夏回族自治区,7,,
1996,650000,新疆维吾尔自治区,18,,
1997,156,中国,1020,,
1997,110000,北京市,65,,
1997,120000,天津市,20,,
1997,130000,河北省,46,,
1997,140000,山西省,24,,
1997,150000,内蒙古自治区,18,,
1997,210000,辽宁省,62,,
1997,220000,吉林省,40,,
1997,230000,黑龙江省,37,,
1997,310000,上海市,39,,
1997,320000,江苏省,65,,
1997,330000,浙江省,35,,
1997,340000,安徽省,34,,
1997,350000,福建省,30,,
1997,360000,江西省,31,,
1997,370000,山东省,48,,
1997,410000,河南省,50,,
1997,420000,湖北省,54,,
1997,430000,湖南省,46,,
1997,440000,广东省,42,,
1997,450000,广西壮族自治区,26,,
1997,460000,海南省,5,,
1997,500000,重庆市,21,,
1997,510000,四川省,43,,
1997,520000,贵州省,20,,
1997,530000,云南省,26,,
1997,540000,西藏自治区,4,,
1997,610000,陕西省,43,,
1997,620000,甘肃省,17,,
1997,630000,青海省,6,,
1997,640000,宁夏回族自治区,5,,
1997,650000,新疆维吾尔自治区,18,,
1998,156,中国,1022,404666,425200
1998,110000,北京市,63,,
1998,120000,天津市,20,,
1998,130000,河北省,46,,
1998,140000,山西省,23,,
1998,150000,内蒙古自治区,19,,
1998,210000,辽宁省,61,,
1998,220000,吉林省,41,,
1998,230000,黑龙江省,38,,
1998,310000,上海市,40,,
1998,320000,江苏省,66,,
1998,330000,浙江省,32,,
1998,340000,安徽省,34,,
1998,350000,福建省,29,,
1998,360000,江西省,31,,
1998,370000,山东省,49,,
1998,410000,河南省,51,,
1998,420000,湖北省,54,,
1998,430000,湖南省,47,,
1998,440000,广东省,43,,
1998,450000,广西壮族自治区,28,,
1998,460000,海南省,5,,
1998,500000,重庆市,22,,
1998,510000,四川省,43,,
1998,520000,贵州省,20,,
1998,530000,云南省,26,,
1998,540000,西藏自治区,4,,
1998,610000,陕西省,42,,
1998,620000,甘肃省,17,,
1998,630000,青海省,6,,
1998,640000,宁夏回族自治区,5,,
1998,650000,新疆维吾尔自治区,17,,
1999,156,中国,1071,440935,406700
1999,110000,北京市,64,,
1999,120000,天津市,21,,
1999,130000,河北省,48,,
1999,140000,山西省,23,,
1999,150000,内蒙古自治区,19,,
1999,210000,辽宁省,64,,
1999,220000,吉林省,40,,
1999,230000,黑龙江省,39,,
1999,310000,上海市,41,,
1999,320000,江苏省,72,,
1999,330000,浙江省,36,,
1999,340000,安徽省,37,,
1999,350000,福建省,30,,
1999,360000,江西省,34,,
1999,370000,山东省,52,,
1999,410000,河南省,56,,
1999,420000,湖北省,57,,
1999,430000,湖南省,51,,
1999,440000,广东省,50,,
1999,450000,广西壮族自治区,29,,
1999,460000,海南省,5,,
1999,500000,重庆市,23,,
1999,510000,四川省,43,,
1999,520000,贵州省,20,,
1999,530000,云南省,24,,
1999,540000,西藏自治区,4,,
1999,610000,陕西省,43,,
1999,620000,甘肃省,18,,
1999,630000,青海省,6,,
1999,640000,宁夏回族自治区,5,,
1999,650000,新疆维吾尔自治区,17,,
2000,156,中国,1041,495624,454100
2000,110000,北京市,58,,
2000,120000,天津市,21,,
2000,130000,河北省,51,,
2000,140000,山西省,24,,
2000,150000,内蒙古自治区,18,,
2000,210000,辽宁省,64,,
2000,220000,吉林省,34,,
2000,230000,黑龙江省,35,,
2000,310000,上海市,37,,
2000,320000,江苏省,69,,
2000,330000,浙江省,35,,
2000,340000,安徽省,42,,
2000,350000,福建省,28,,
2000,360000,江西省,32,,
2000,370000,山东省,47,,
2000,410000,河南省,52,,
2000,420000,湖北省,54,,
2000,430000,湖南省,52,,
2000,440000,广东省,52,,
2000,450000,广西壮族自治区,30,,
2000,460000,海南省,5,,
2000,500000,重庆市,22,,
2000,510000,四川省,42,,
2000,520000,贵州省,23,,
2000,530000,云南省,24,,
2000,540000,西藏自治区,4,,
2000,610000,陕西省,39,,
2000,620000,甘肃省,18,,
2000,630000,青海省,7,,
2000,640000,宁夏回族自治区,6,,
2000,650000,新疆维吾尔自治区,16,,
2001,156,中国,1225,567839,468500
2001,110000,北京市,61,,
2001,120000,天津市,33,,
2001,130000,河北省,63,,
2001,140000,山西省,33,,
2001,150000,内蒙古自治区,20,,
2001,210000,辽宁省,66,,
2001,220000,吉林省,35,,
2001,230000,黑龙江省,41,,
2001,310000,上海市,45,,
2001,320000,江苏省,73,,
2001,330000,浙江省,39,,
2001,340000,安徽省,52,,
2001,350000,福建省,32,,
2001,360000,江西省,33,,
2001,370000,山东省,65,,
2001,410000,河南省,64,,
2001,420000,湖北省,60,,
2001,430000,湖南省,61,,
2001,440000,广东省,62,,
2001,450000,广西壮族自治区,30,,
2001,460000,海南省,9,,
2001,500000,重庆市,29,,
2001,510000,四川省,49,,
2001,520000,贵州省,30,,
2001,530000,云南省,28,,
2001,540000,西藏自治区,3,,
2001,610000,陕西省,47,,
2001,620000,甘肃省,25,,
2001,630000,青海省,8,,
2001,640000,宁夏回族自治区,8,,
2001,650000,新疆维吾尔自治区,21,,
2002,156,中国,1396,655763,681500
2002,110000,北京市,62,,
2002,120000,天津市,37,,
2002,130000,河北省,75,,
2002,140000,山西省,39,,
2002,150000,内蒙古自治区,21,,
2002,210000,辽宁省,67,,
2002,220000,吉林省,40,,
2002,230000,黑龙江省,47,,
2002,310000,上海市,50,,
2002,320000,江苏省,93,,
2002,330000,浙江省,61,,
2002,340000,安徽省,61,,
2002,350000,福建省,33,,
2002,360000,江西省,47,,
2002,370000,山东省,75,,
2002,410000,河南省,65,,
2002,420000,湖北省,73,,
2002,430000,湖南省,60,,
2002,440000,广东省,71,,
2002,450000,广西壮族自治区,36,,
2002,460000,海南省,9,,
2002,500000,重庆市,29,,
2002,510000,四川省,57,,
2002,520000,贵州省,32,,
2002,530000,云南省,31,,
2002,540000,西藏自治区,3,,
2002,610000,陕西省,52,,
2002,620000,甘肃省,25,,
2002,630000,青海省,11,,
2002,640000,宁夏回族自治区,12,,
2002,650000,新疆维吾尔自治区,22,,
2003,156,中国,1552,929598,947900
2003,110000,北京市,73,,
2003,120000,天津市,37,,
2003,130000,河北省,83,,
2003,140000,山西省,45,,
2003,150000,内蒙古自治区,27,,
2003,210000,辽宁省,70,,
2003,220000,吉林省,40,,
2003,230000,黑龙江省,54,,
2003,310000,上海市,56,,
2003,320000,江苏省,94,,
2003,330000,浙江省,64,,
2003,340000,安徽省,73,,
2003,350000,福建省,39,,
2003,360000,江西省,54,,
2003,370000,山东省,85,,
2003,410000,河南省,71,,
2003,420000,湖北省,75,,
2003,430000,湖南省,73,,
2003,440000,广东省,77,,
2003,450000,广西壮族自治区,45,,
2003,460000,海南省,11,,
2003,500000,重庆市,34,,
2003,510000,四川省,62,,
2003,520000,贵州省,34,,
2003,530000,云南省,34,,
2003,540000,西藏自治区,4,,
2003,610000,陕西省,57,,
2003,620000,甘肃省,31,,
2003,630000,青海省,12,,
2003,640000,宁夏回族自治区,12,,
2003,650000,新疆维吾尔自治区,26,,
2004,156,中国,1731,1196290,1194862
2004,110000,北京市,77,,
2004,120000,天津市,40,,
2004,130000,河北省,87,,
2004,140000,山西省,56,,
2004,150000,内蒙古自治区,31,,
2004,210000,辽宁省,71,,
2004,220000,吉林省,42,,
2004,230000,黑龙江省,59,,
2004,310000,上海市,58,,
2004,320000,江苏省,112,,
2004,330000,浙江省,67,,
2004,340000,安徽省,81,,
2004,350000,福建省,53,,
2004,360000,江西省,66,,
2004,370000,山东省,97,,
2004,410000,河南省,82,,
2004,420000,湖北省,85,,
2004,430000,湖南省,81,,
2004,440000,广东省,94,,
2004,450000,广西壮族自治区,49,,
2004,460000,海南省,14,,
2004,500000,重庆市,35,,
2004,510000,四川省,68,,
2004,520000,贵州省,34,,
2004,530000,云南省,43,,
2004,540000,西藏自治区,4,,
2004,610000,陕西省,62,,
2004,620000,甘肃省,31,,
2004,630000,青海省,11,,
2004,640000,宁夏回族自治区,13,,
2004,650000,新疆维吾尔自治区,28,,
2005,156,中国,1792,1465786,1602170
2005,110000,北京市,77,87067,32949
2005,120000,天津市,42,33759,35452
2005,130000,河北省,86,65451,114926
2005,140000,山西省,59,36769,51575
2005,150000,内蒙古自治区,33,17033,22441
2005,210000,辽宁省,76,79745,65239
2005,220000,吉林省,44,52913,31069
2005,230000,黑龙江省,62,58337,42454
2005,310000,上海市,58,51963,51472
2005,320000,江苏省,114,119375,110304
2005,330000,浙江省,68,54584,78467
2005,340000,安徽省,81,48178,68780
2005,350000,福建省,53,27130,37662
2005,360000,江西省,67,42361,55420
2005,370000,山东省,99,101436,123175
2005,410000,河南省,83,61827,103332
2005,420000,湖北省,85,100268,87652
2005,430000,湖南省,93,59752,91229
2005,440000,广东省,102,61059,96023
2005,450000,广西壮族自治区,51,21906,42965
2005,460000,海南省,15,4725,7063
2005,500000,重庆市,35,32991,26390
2005,510000,四川省,68,79221,60107
2005,520000,贵州省,34,20068,18613
2005,530000,云南省,44,24022,23709
2005,540000,西藏自治区,4,1296,1876
2005,610000,陕西省,72,67423,73169
2005,620000,甘肃省,33,23861,26025
2005,630000,青海省,11,4221,4006
2005,640000,宁夏回族自治区,13,5858,2959
2005,650000,新疆维吾尔自治区,30,21187,15667
2006,156,中国,1867,1726674,2048034
2006,110000,北京市,80,94003,41487
2006,120000,天津市,45,39279,42704
2006,130000,河北省,88,80631,140418
2006,140000,山西省,56,39342,69089
2006,150000,内蒙古自治区,37,23557,32096
2006,210000,辽宁省,78,90339,64631
2006,220000,吉林省,45,63445,39039
2006,230000,黑龙江省,65,73009,57964
2006,310000,上海市,60,54383,56137
2006,320000,江苏省,116,126203,131093
2006,330000,浙江省,68,67510,95021
2006,340000,安徽省,83,58029,86154
2006,350000,福建省,63,32830,62149
2006,360000,江西省,66,49437,91648
2006,370000,山东省,108,123988,144396
2006,410000,河南省,84,78628,123516
2006,420000,湖北省,86,122125,140466
2006,430000,湖南省,96,78790,112467
2006,440000,广东省,105,70294,125742
2006,450000,广西壮族自治区,55,27847,54448
2006,460000,海南省,15,6189,10247
2006,500000,重庆市,38,39046,37466
2006,510000,四川省,74,94296,78991
2006,520000,贵州省,36,24328,28905
2006,530000,云南省,50,28594,34972
2006,540000,西藏自治区,6,1702,2144
2006,610000,陕西省,76,74749,87565
2006,620000,甘肃省,33,28470,28911
2006,630000,青海省,11,4378,4231
2006,640000,宁夏回族自治区,13,6080,4928
2006,650000,新疆维吾尔自治区,31,25173,19009
2007,156,中国,1908,1995944,2481963
2007,110000,北京市,79,97437,44553
2007,120000,天津市,46,43753,48535
2007,130000,河北省,88,87451,153223
2007,140000,山西省,59,49590,82511
2007,150000,内蒙古自治区,37,29647,37557
2007,210000,辽宁省,79,95693,73883
2007,220000,吉林省,44,71500,37200
2007,230000,黑龙江省,68,80397,68486
2007,310000,上海市,60,60485,58027
2007,320000,江苏省,118,145749,163844
2007,330000,浙江省,73,78487,105376
2007,340000,安徽省,89,65806,115403
2007,350000,福建省,72,47672,66401
2007,360000,江西省,66,61203,157762
2007,370000,山东省,110,166901,188834
2007,410000,河南省,82,97164,170061
2007,420000,湖北省,86,123563,152442
2007,430000,湖南省,99,87256,122546
2007,440000,广东省,109,89376,143753
2007,450000,广西壮族自治区,56,31871,71294
2007,460000,海南省,14,7240,12341
2007,500000,重庆市,38,48082,41880
2007,510000,四川省,76,108826,119202
2007,520000,贵州省,37,28065,33678
2007,530000,云南省,51,33377,39662
2007,540000,西藏自治区,6,2176,2170
2007,610000,陕西省,76,90359,105091
2007,620000,甘肃省,34,32312,31003
2007,630000,青海省,11,4357,5190
2007,640000,宁夏回族自治区,13,6773,7303
2007,650000,新疆维吾尔自治区,32,23376,22752
2008,156,中国,2263,2256783,2862715
2008,110000,北京市,85,105299,46880
2008,120000,天津市,55,49951,51777
2008,130000,河北省,105,101678,169657
2008,140000,山西省,69,53285,87929
2008,150000,内蒙古自治区,39,31956,41598
2008,210000,辽宁省,104,111074,91238
2008,220000,吉林省,55,78082,39864
2008,230000,黑龙江省,78,93304,76684
2008,310000,上海市,66,66742,55327
2008,320000,江苏省,146,163807,217117
2008,330000,浙江省,98,89838,113365
2008,340000,安徽省,104,74911,116209
2008,350000,福建省,81,55287,75092
2008,360000,江西省,82,67695,196854
2008,370000,山东省,125,170160,240983
2008,410000,河南省,94,114808,187684
2008,420000,湖北省,118,150651,201203
2008,430000,湖南省,115,94593,150113
2008,440000,广东省,125,118967,163502
2008,450000,广西壮族自治区,68,37136,73526
2008,460000,海南省,16,8360,15031
2008,500000,重庆市,47,56710,43037
2008,510000,四川省,90,112245,135462
2008,520000,贵州省,45,28385,37665
2008,530000,云南省,59,38127,41184
2008,540000,西藏自治区,6,3635,2205
2008,610000,陕西省,88,104730,112564
2008,620000,甘肃省,39,37317,37734
2008,630000,青海省,9,4775,4978
2008,640000,宁夏回族自治区,15,7499,7739
2008,650000,新疆维吾尔自治区,37,25776,28514
2009,156,中国,2305,2455359,2855664
2009,110000,北京市,86,112128,43014
2009,120000,天津市,55,53377,47992
2009,130000,河北省,109,99500,183205
2009,140000,山西省,71,57790,95632
2009,150000,内蒙古自治区,41,30823,44982
2009,210000,辽宁省,107,125788,80423
2009,220000,吉林省,55,88152,39259
2009,230000,黑龙江省,78,94400,79980
2009,310000,上海市,66,71908,55017
2009,320000,江苏省,148,186754,225918
2009,330000,浙江省,99,99008,119218
2009,340000,安徽省,106,82717,123032
2009,350000,福建省,84,66158,76656
2009,360000,江西省,85,81519,131784
2009,370000,山东省,126,179997,251601
2009,410000,河南省,99,127657,206458
2009,420000,湖北省,120,150085,178117
2009,430000,湖南省,115,106235,148018
2009,440000,广东省,125,134462,174728
2009,450000,广西壮族自治区,68,42382,79075
2009,460000,海南省,17,10609,20235
2009,500000,重庆市,50,61175,53340
2009,510000,四川省,92,124952,127262
2009,520000,贵州省,47,30730,33482
2009,530000,云南省,61,42770,43121
2009,540000,西藏自治区,6,4682,3772
2009,610000,陕西省,89,109036,102927
2009,620000,甘肃省,39,39628,44454
2009,630000,青海省,9,5537,4900
2009,640000,宁夏回族自治区,15,7659,8732
2009,650000,新疆维吾尔自治区,37,27741,29330
2010,156,中国,2358,2590535,3163710
2010,110000,北京市,87,110081,42578
2010,120000,天津市,55,55698,49656
2010,130000,河北省,110,108034,189058
2010,140000,山西省,73,60516,105029
2010,150000,内蒙古自治区,44,36201,58503
2010,210000,辽宁省,112,132522,87042
2010,220000,吉林省,56,86118,49833
2010,230000,黑龙江省,79,98437,82545
2010,310000,上海市,67,78331,55385
2010,320000,江苏省,150,198903,279965
2010,330000,浙江省,101,108865,124876
2010,340000,安徽省,111,90398,141827
2010,350000,福建省,84,71708,81741
2010,360000,江西省,85,81573,144370
2010,370000,山东省,132,182722,261281
2010,410000,河南省,107,137571,244915
2010,420000,湖北省,120,148906,182397
2010,430000,湖南省,117,109394,166688
2010,440000,广东省,131,152893,181294
2010,450000,广西壮族自治区,70,47914,90175
2010,460000,海南省,17,13765,23026
2010,500000,重庆市,53,66490,56321
2010,510000,四川省,92,126069,152508
2010,520000,贵州省,47,33280,41497
2010,530000,云南省,61,46727,48652
2010,540000,西藏自治区,6,4645,3621
2010,610000,陕西省,90,113140,122367
2010,620000,甘肃省,40,45747,46479
2010,630000,青海省,9,5784,5423
2010,640000,宁夏回族自治区,15,9201,10017
2010,650000,新疆维吾尔自治区,37,28902,34641
2011,156,中国,2476,2796229,3285336
2011,110000,北京市,87,111248,42415
2011,120000,天津市,56,57143,51580
2011,130000,河北省,112,120276,190865
2011,140000,山西省,78,65117,87563
2011,150000,内蒙古自治区,47,41321,54636
2011,210000,辽宁省,114,140017,96324
2011,220000,吉林省,59,91750,49819
2011,230000,黑龙江省,82,107880,88195
2011,310000,上海市,66,84174,54853
2011,320000,江苏省,156,225510,251627
2011,330000,浙江省,103,116841,121607
2011,340000,安徽省,116,105891,150244
2011,350000,福建省,87,79432,94270
2011,360000,江西省,90,85014,140788
2011,370000,山东省,146,179289,293593
2011,410000,河南省,123,154000,278994
2011,420000,湖北省,127,157555,205436
2011,430000,湖南省,124,119849,164329
2011,440000,广东省,134,162255,195266
2011,450000,广西壮族自治区,74,56837,94215
2011,460000,海南省,17,15805,23345
2011,500000,重庆市,60,70019,60683
2011,510000,四川省,95,137759,151406
2011,520000,贵州省,48,37849,45167
2011,530000,云南省,64,50519,59012
2011,540000,西藏自治区,6,4553,3606
2011,610000,陕西省,98,120586,138292
2011,620000,甘肃省,44,51165,47877
2011,630000,青海省,9,6029,6553
2011,640000,宁夏回族自治区,16,10028,9496
2011,650000,新疆维吾尔自治区,38,30518,33280
2012,156,中国,2442,3038473,3208865
2012,110000,北京市,89,113785,41448
2012,120000,天津市,55,62187,50847
2012,130000,河北省,113,133511,182244
2012,140000,山西省,75,72240,90331
2012,150000,内蒙古自治区,48,45711,59343
2012,210000,辽宁省,112,147471,88513
2012,220000,吉林省,57,98078,48439
2012,230000,黑龙江省,79,117948,85844
2012,310000,上海市,67,85714,50983
2012,320000,江苏省,153,231751,238503
2012,330000,浙江省,102,126222,121315
2012,340000,安徽省,118,114858,150619
2012,350000,福建省,86,88638,89854
2012,360000,江西省,88,93985,138063
2012,370000,山东省,136,205590,268676
2012,410000,河南省,120,167801,267507
2012,420000,湖北省,122,168054,184960
2012,430000,湖南省,121,132420,174389
2012,440000,广东省,137,181333,222678
2012,450000,广西壮族自治区,70,62134,100035
2012,460000,海南省,17,17980,22907
2012,500000,重庆市,60,75002,62633
2012,510000,四川省,99,153588,133168
2012,520000,贵州省,49,39680,45605
2012,530000,云南省,66,58703,60241
2012,540000,西藏自治区,6,4673,3907
2012,610000,陕西省,91,132983,132296
2012,620000,甘肃省,42,57328,45652
2012,630000,青海省,9,6561,5100
2012,640000,宁夏回族自治区,16,11783,8935
2012,650000,新疆维吾尔自治区,39,30761,33830
2013,156,中国,2491,3199716,3187494
2013,110000,北京市,89,114149,36780
2013,120000,天津市,55,67160,53836
2013,130000,河北省,118,146201,188077
2013,140000,山西省,78,76375,96884
2013,150000,内蒙古自治区,49,50275,57997
2013,210000,辽宁省,115,146687,94362
2013,220000,吉林省,58,103426,42953
2013,230000,黑龙江省,80,116544,67541
2013,310000,上海市,68,84636,49158
2013,320000,江苏省,156,236363,237480
2013,330000,浙江省,102,128186,116674
2013,340000,安徽省,117,121965,158141
2013,350000,福建省,87,94450,92780
2013,360000,江西省,92,101020,139581
2013,370000,山东省,139,211661,264197
2013,410000,河南省,127,184178,266016
2013,420000,湖北省,123,180278,181294
2013,430000,湖南省,122,142030,152325
2013,440000,广东省,138,200491,211824
2013,450000,广西壮族自治区,70,65083,104460
2013,460000,海南省,17,19986,23818
2013,500000,重庆市,63,82490,66194
2013,510000,四川省,103,164906,153501
2013,520000,贵州省,52,43091,44969
2013,530000,云南省,67,64950,62982
2013,540000,西藏自治区,6,4818,4321
2013,610000,陕西省,92,136062,117761
2013,620000,甘肃省,42,60848,48344
2013,630000,青海省,9,6813,5634
2013,640000,宁夏回族自治区,16,12574,9647
2013,650000,新疆维吾尔自治区,41,32020,37963
2014,156,中国,2529,3413787,3179884
2014,110000,北京市,89,115102,34129
2014,120000,天津市,55,73195,50310
2014,130000,河北省,118,153111,191407
2014,140000,山西省,79,85406,88654
2014,150000,内蒙古自治区,50,53455,58268
2014,210000,辽宁省,116,152303,95207
2014,220000,吉林省,58,104859,46920
2014,230000,黑龙江省,80,119246,66130
2014,310000,上海市,68,85103,47308
2014,320000,江苏省,159,245558,233155
2014,330000,浙江省,104,134219,119489
2014,340000,安徽省,118,133251,166626
2014,350000,福建省,88,102431,87713
2014,360000,江西省,95,111412,128877
2014,370000,山东省,141,215460,248616
2014,410000,河南省,129,208915,236337
2014,420000,湖北省,123,198066,192855
2014,430000,湖南省,124,151349,144562
2014,440000,广东省,141,211422,229530
2014,450000,广西壮族自治区,70,70983,103067
2014,460000,海南省,17,23527,21265
2014,500000,重庆市,63,92380,73437
2014,510000,四川省,107,174616,164027
2014,520000,贵州省,55,51173,47426
2014,530000,云南省,67,74098,67872
2014,540000,西藏自治区,6,4891,4218
2014,610000,陕西省,92,150931,126425
2014,620000,甘肃省,43,64285,54412
2014,630000,青海省,12,7150,5582
2014,640000,宁夏回族自治区,18,13282,11174
2014,650000,新疆维吾尔自治区,44,32608,34886
2015,156,中国,2560,3585940,3222926
2015,110000,北京市,91,117651,36798
2015,120000,天津市,55,75586,56486
2015,130000,河北省,118,158486,169495
2015,140000,山西省,79,91445,99828
2015,150000,内蒙古自治区,53,54471,53392
2015,210000,辽宁省,116,160236,98060
2015,220000,吉林省,58,109828,47220
2015,230000,黑龙江省,81,124928,69052
2015,310000,上海市,67,85435,43276
2015,320000,江苏省,162,245932,238164
2015,330000,浙江省,105,140318,123663
2015,340000,安徽省,119,141294,151175
2015,350000,福建省,88,109789,84863
2015,360000,江西省,97,114970,119571
2015,370000,山东省,143,227503,246692
2015,410000,河南省,129,222696,243086
2015,420000,湖北省,126,209246,179960
2015,430000,湖南省,124,154185,146274
2015,440000,广东省,143,224145,252756
2015,450000,广西壮族自治区,71,76807,105851
2015,460000,海南省,17,25013,23232
2015,500000,重庆市,64,99729,81339
2015,510000,四川省,109,175724,185786
2015,520000,贵州省,59,57994,58830
2015,530000,云南省,69,89104,56927
2015,540000,西藏自治区,6,5060,4476
2015,610000,陕西省,92,167256,132482
2015,620000,甘肃省,45,67158,56845
2015,630000,青海省,12,7384,6019
2015,640000,宁夏回族自治区,18,15487,12748
2015,650000,新疆维吾尔自治区,44,31080,38580
2016,156,中国,2596,3743680,3298120
2016,110000,北京市,91,120007,35320
2016,120000,天津市,55,79590,58316
2016,130000,河北省,120,163600,171618
2016,140000,山西省,80,101534,97725
2016,150000,内蒙古自治区,53,55088,56428
2016,210000,辽宁省,116,165851,97679
2016,220000,吉林省,60,113696,51216
2016,230000,黑龙江省,82,127314,72284
2016,310000,上海市,64,87670,44926
2016,320000,江苏省,166,244215,237339
2016,330000,浙江省,107,146241,127101
2016,340000,安徽省,119,147112,160913
2016,350000,福建省,88,112010,87455
2016,360000,江西省,98,121461,134908
2016,370000,山东省,144,236551,272591
2016,410000,河南省,129,242816,244034
2016,420000,湖北省,128,216203,177955
2016,430000,湖南省,123,162337,154167
2016,440000,广东省,147,233592,255805
2016,450000,广西壮族自治区,73,82517,106924
2016,460000,海南省,18,25305,23408
2016,500000,重庆市,65,109317,80601
2016,510000,四川省,109,182477,179650
2016,520000,贵州省,64,64230,52564
2016,530000,云南省,72,85795,66640
2016,540000,西藏自治区,7,5203,3998
2016,610000,陕西省,93,183804,137544
2016,620000,甘肃省,49,70621,49290
2016,630000,青海省,12,8031,6066
2016,640000,宁夏回族自治区,18,16845,12591
2016,650000,新疆维吾尔自治区,46,32647,41064
2017,156,中国,2631,3841839,3516448
2017,110000,北京市,92,121362,34082
2017,120000,天津市,57,79010,60152
2017,130000,河北省,121,170408,159564
2017,140000,山西省,80,113275,97154
2017,150000,内蒙古自治区,53,57501,60297
2017,210000,辽宁省,115,174113,94654
2017,220000,吉林省,62,114984,55075
2017,230000,黑龙江省,81,125363,71820
2017,310000,上海市,64,86945,47262
2017,320000,江苏省,167,252892,236630
2017,330000,浙江省,107,146131,130449
2017,340000,安徽省,119,152059,170727
2017,350000,福建省,89,121774,82643
2017,360000,江西省,100,122575,173410
2017,370000,山东省,145,245517,325703
2017,410000,河南省,134,253804,250315
2017,420000,湖北省,129,212847,182050
2017,430000,湖南省,124,162286,170506
2017,440000,广东省,151,245563,265659
2017,450000,广西壮族自治区,74,88932,121734
2017,460000,海南省,19,24871,25499
2017,500000,重庆市,65,104704,91710
2017,510000,四川省,109,184269,201876
2017,520000,贵州省,70,75025,74012
2017,530000,云南省,77,96365,78889
2017,540000,西藏自治区,7,5493,3527
2017,610000,陕西省,93,172708,132416
2017,620000,甘肃省,49,70242,54544
2017,630000,青海省,12,7937,6724
2017,640000,宁夏回族自治区,19,17205,14358
2017,650000,新疆维吾尔自治区,47,35679,43007
2018,156,中国,2663,3868358,3664729
2018,110000,北京市,92,120258,28925
2018,120000,天津市,56,78461,60328
2018,130000,河北省,122,171447,167324
2018,140000,山西省,83,117525,99071
2018,150000,内蒙古自治区,53,58014,64915
2018,210000,辽宁省,115,177461,98414
2018,220000,吉林省,62,113143,53031
2018,230000,黑龙江省,81,124946,75755
2018,310000,上海市,64,85832,46676
2018,320000,江苏省,167,260106,231162
2018,330000,浙江省,108,149271,131363
2018,340000,安徽省,119,154074,181108
2018,350000,福建省,89,120998,83273
2018,360000,江西省,102,126875,184101
2018,370000,山东省,145,239609,346262
2018,410000,河南省,139,262013,297869
2018,420000,湖北省,128,203965,171482
2018,430000,湖南省,124,164199,183442
2018,440000,广东省,152,253961,269975
2018,450000,广西壮族自治区,75,97498,116290
2018,460000,海南省,20,24856,24425
2018,500000,重庆市,65,105300,94427
2018,510000,四川省,119,186361,207328
2018,520000,贵州省,72,69877,89847
2018,530000,云南省,79,95714,92378
2018,540000,西藏自治区,7,5609,3688
2018,610000,陕西省,95,169633,141377
2018,620000,甘肃省,49,70587,51760
2018,630000,青海省,12,8331,9083
2018,640000,宁夏回族自治区,19,17892,12907
2018,650000,新疆维吾尔自治区,50,34542,46743
2019,156,中国,2688,3947157,3638141
2019,110000,北京市,93,121066,26008
2019,120000,天津市,56,79655,57408
2019,130000,河北省,122,174547,183284
2019,140000,山西省,82,121113,90659
2019,150000,内蒙古自治区,53,60353,64324
2019,210000,辽宁省,115,165262,91844
2019,220000,吉林省,62,116628,55186
2019,230000,黑龙江省,81,122745,72064
2019,310000,上海市,64,85641,46053
2019,320000,江苏省,167,266596,221902
2019,330000,浙江省,108,151734,131662
2019,340000,安徽省,120,157643,163980
2019,350000,福建省,90,121645,78524
2019,360000,江西省,103,122933,180375
2019,370000,山东省,146,244719,333261
2019,410000,河南省,141,276666,316697
2019,420000,湖北省,128,207828,175845
2019,430000,湖南省,125,166655,195253
2019,440000,广东省,154,267550,254544
2019,450000,广西壮族自治区,78,108080,125064
2019,460000,海南省,20,25748,24645
2019,500000,重庆市,65,108837,91982
2019,510000,四川省,126,206829,196093
2019,520000,贵州省,72,67065,102590
2019,530000,云南省,81,101738,94725
2019,540000,西藏自治区,7,5968,3967
2019,610000,陕西省,95,160501,132995
2019,620000,甘肃省,49,68928,54386
2019,630000,青海省,12,8570,10388
2019,640000,宁夏回族自治区,19,17975,14013
2019,650000,新疆维吾尔自治区,54,35939,48420
2020,156,中国,2738,4205097,3766894
2020,410000,河南省,151,302728,335427
2020,110000,北京市,92,124729,25840
2020,120000,天津市,56,84316,58404
2020,130000,河北省,125,192224,192901
2020,140000,山西省,85,129035,89771
2020,150000,内蒙古自治区,54,64977,65795
2020,210000,辽宁省,114,168423,87574
2020,220000,吉林省,64,120607,56286
2020,230000,黑龙江省,80,127638,64993
2020,310000,上海市,63,91637,43968
2020,320000,江苏省,167,281438,231503
2020,330000,浙江省,109,152455,134103
2020,340000,安徽省,120,166654,160186
2020,350000,福建省,89,124411,83295
2020,360000,江西省,105,134251,174960
2020,370000,山东省,152,274840,330542
2020,420000,湖北省,129,218641,183138
2020,430000,湖南省,128,175258,200785
2020,440000,广东省,154,274415,275675
2020,450000,广西壮族自治区,82,119756,143061
2020,460000,海南省,21,27431,23829
2020,500000,重庆市,68,112852,98715
2020,510000,四川省,132,222385,210721
2020,520000,贵州省,75,84786,109729
2020,530000,云南省,82,117049,118157
2020,540000,西藏自治区,7,6020,3826
2020,610000,陕西省,96,167048,124600
2020,620000,甘肃省,50,71341,62149
2020,630000,青海省,12,9224,10408
2020,640000,宁夏回族自治区,20,18623,15511
2020,650000,新疆维吾尔自治区,56,39905,51042
