Sgnyea,Prvcnm_id,Prvcnm,Ifa0101,Ifa0102,Ifa0104
1992,142,中国,8080.1,6079.7,2000.4
1992,540000,西藏自治区,13.33,,
1992,630000,青海省,30.27,,
1992,640000,宁夏回族自治区,38.09,,
1992,520000,贵州省,78.82,,
1992,110000,北京市,82.5,,
1992,620000,甘肃省,85.13,,
1992,460000,海南省,87.05,,
1992,360000,江西省,125.36,,
1992,530000,云南省,140.69,,
1992,450000,广西壮族自治区,141.04,,
1992,610000,陕西省,142.47,,
1992,150000,内蒙古自治区,149.24,,
1992,220000,吉林省,151.08,,
1992,120000,天津市,169.88,,
1992,650000,新疆维吾尔自治区,170.03,,
1992,140000,山西省,172.79,,
1992,340000,安徽省,214.84,,
1992,350000,福建省,227.55,,
1992,430000,湖南省,233.39,,
1992,420000,湖北省,240.73,,
1992,510000,四川省,304.78,,
1992,410000,河南省,318.83,,
1992,130000,河北省,335.79,,
1992,310000,上海市,357.38,,
1992,330000,浙江省,361.18,,
1992,210000,辽宁省,436.8,,
1992,370000,山东省,601.5,,
1992,320000,江苏省,711.7,,
1992,440000,广东省,921.75,,
1993,142,中国,13072.3,10303.4,2768.9
1993,540000,西藏自治区,18.15,,
1993,630000,青海省,44.73,,
1993,640000,宁夏回族自治区,52.67,,
1993,520000,贵州省,106.3,,
1993,110000,北京市,121.8,,
1993,620000,甘肃省,122.08,,
1993,360000,江西省,185.5,,
1993,460000,海南省,188.25,,
1993,150000,内蒙古自治区,217.4,,
1993,120000,天津市,226.56,,
1993,610000,陕西省,228.21,,
1993,650000,新疆维吾尔自治区,248.44,,
1993,140000,山西省,251.26,,
1993,530000,云南省,251.4,,
1993,220000,吉林省,253.59,,
1993,450000,广西壮族自治区,278.07,,
1993,430000,湖南省,320.24,,
1993,340000,安徽省,321.04,,
1993,350000,福建省,368.45,,
1993,420000,湖北省,383.18,,
1993,410000,河南省,450.43,,
1993,510000,四川省,459.4,,
1993,130000,河北省,540.2,,
1993,310000,上海市,653.91,,
1993,330000,浙江省,683.83,,
1993,210000,辽宁省,718.3,,
1993,370000,山东省,892.48,,
1993,320000,江苏省,1144.2,,
1993,440000,广东省,1629.87,,
1994,142,中国,17042.1,13534.3,3507.8
1994,540000,西藏自治区,21.17,,
1994,630000,青海省,45.2,,
1994,640000,宁夏回族自治区,60.98,,
1994,520000,贵州省,140.95,,
1994,620000,甘肃省,159.05,,
1994,110000,北京市,202.2,,
1994,460000,海南省,220.25,,
1994,360000,江西省,237.45,,
1994,150000,内蒙古自治区,250.99,,
1994,610000,陕西省,283.29,,
1994,650000,新疆维吾尔自治区,285.48,,
1994,140000,山西省,290.9,,
1994,220000,吉林省,302.47,,
1994,120000,天津市,315.97,,
1994,530000,云南省,321.73,,
1994,450000,广西壮族自治区,382.59,,
1994,340000,安徽省,399.54,,
1994,430000,湖南省,420.89,,
1994,350000,福建省,538.86,,
1994,510000,四川省,573.43,,
1994,420000,湖北省,593.07,,
1994,410000,河南省,628.03,,
1994,130000,河北省,709.19,,
1994,210000,辽宁省,888,,
1994,330000,浙江省,1006.39,,
1994,370000,山东省,1108,,
1994,310000,上海市,1123.29,,
1994,320000,江苏省,1331.13,,
1994,440000,广东省,2141.15,,
1995,540000,西藏自治区,35.13,,
1995,630000,青海省,53.11,,
1995,640000,宁夏回族自治区,62.17,,
1995,620000,甘肃省,145.76,,
1995,520000,贵州省,161.79,,
1995,460000,海南省,182.08,,
1995,150000,内蒙古自治区,251.32,,
1995,140000,山西省,270.64,,
1995,360000,江西省,282.54,,
1995,610000,陕西省,310.18,,
1995,220000,吉林省,320.27,,
1995,650000,新疆维吾尔自治区,331.97,,
1995,530000,云南省,390.45,,
1995,120000,天津市,396.55,,
1995,450000,广西壮族自治区,403.15,,
1995,340000,安徽省,476.1,,
1995,230000,黑龙江省,517.62,,
1995,430000,湖南省,523,,
1995,350000,福建省,683.02,,
1995,410000,河南省,783.14,,
1995,420000,湖北省,785.09,,
1995,110000,北京市,864.85,,
1995,210000,辽宁省,865.49,,
1995,510000,四川省,901.42,,
1995,130000,河北省,907.75,,
1995,370000,山东省,1308.62,,
1995,330000,浙江省,1482.62,,
1995,310000,上海市,1597.89,,
1995,320000,江苏省,1764.76,,
1995,440000,广东省,2315.83,,
1995,142,中国,20019.3,15643.7,4375.6
1996,540000,西藏自治区,29.43,,
1996,640000,宁夏回族自治区,72.1,,
1996,630000,青海省,77.67,,
1996,460000,海南省,181.01,,
1996,520000,贵州省,193.55,,
1996,620000,甘肃省,206.95,,
1996,150000,内蒙古自治区,262.05,,
1996,140000,山西省,311.77,,
1996,360000,江西省,317.32,,
1996,500000,重庆市,320.73,,
1996,610000,陕西省,343.71,,
1996,220000,吉林省,362.99,,
1996,650000,新疆维吾尔自治区,388.67,,
1996,120000,天津市,438.51,,
1996,530000,云南省,456.27,,
1996,450000,广西壮族自治区,476.42,,
1996,230000,黑龙江省,568.64,,
1996,340000,安徽省,609.79,,
1996,430000,湖南省,684.14,,
1996,350000,福建省,779.76,,
1996,210000,辽宁省,881.67,,
1996,110000,北京市,889.66,,
1996,420000,湖北省,935.22,,
1996,410000,河南省,1039.41,,
1996,510000,四川省,1113.17,,
1996,130000,河北省,1182.59,,
1996,370000,山东省,1528.5,,
1996,330000,浙江省,1611.44,,
1996,320000,江苏省,1963.06,,
1996,310000,上海市,1996.88,,
1996,440000,广东省,2363.18,,
1996,142,中国,22913.5,17567.2,5346.3
1997,540000,西藏自治区,34.5,,
1997,640000,宁夏回族自治区,85.84,,
1997,630000,青海省,88.44,,
1997,460000,海南省,161.48,,
1997,520000,贵州省,222.3,,
1997,620000,甘肃省,242.08,,
1997,150000,内蒙古自治区,278.65,,
1997,360000,江西省,329.45,,
1997,220000,吉林省,361.17,,
1997,500000,重庆市,375.57,,
1997,140000,山西省,376.74,,
1997,610000,陕西省,393.16,,
1997,650000,新疆维吾尔自治区,446.99,,
1997,450000,广西壮族自治区,479.8,,
1997,120000,天津市,500.67,,
1997,530000,云南省,538.6,,
1997,430000,湖南省,667.39,,
1997,230000,黑龙江省,669.86,,
1997,340000,安徽省,677.85,,
1997,350000,福建省,880.88,,
1997,510000,四川省,926.34,,
1997,210000,辽宁省,986.62,,
1997,110000,北京市,989.71,,
1997,420000,湖北省,1023.5,,
1997,410000,河南省,1209.5,,
1997,130000,河北省,1425.98,,
1997,330000,浙江省,1608.56,,
1997,370000,山东省,1742.53,,
1997,310000,上海市,1981.48,,
1997,320000,江苏省,2174.97,,
1997,440000,广东省,2291.05,,
1997,142,中国,24941.1,19194.2,5746.9
1998,540000,西藏自治区,41.26,,
1998,640000,宁夏回族自治区,106.75,,
1998,630000,青海省,108.78,,
1998,460000,海南省,173.37,,
1998,520000,贵州省,278.41,,
1998,620000,甘肃省,301.45,,
1998,150000,内蒙古自治区,316.76,,
1998,360000,江西省,400.6,,
1998,220000,吉林省,431.78,,
1998,140000,山西省,454.93,,
1998,500000,重庆市,492.97,,
1998,650000,新疆维吾尔自治区,514.77,,
1998,610000,陕西省,517.57,,
1998,450000,广西壮族自治区,562.32,,
1998,120000,天津市,571.05,,
1998,530000,云南省,660.43,,
1998,340000,安徽省,722.61,,
1998,230000,黑龙江省,770.05,,
1998,430000,湖南省,796.89,,
1998,350000,福建省,1053.01,,
1998,210000,辽宁省,1057.7,,
1998,110000,北京市,1124.62,,
1998,510000,四川省,1145.33,,
1998,420000,湖北省,1156.76,,
1998,410000,河南省,1289.7,,
1998,130000,河北省,1591.76,,
1998,330000,浙江省,1801.74,,
1998,370000,山东省,1935.58,,
1998,310000,上海市,1966.38,,
1998,320000,江苏省,2450.37,,
1998,440000,广东省,2644.13,,
1998,142,中国,28406.2,22491.4,5914.8
1999,540000,西藏自治区,53.56,,
1999,630000,青海省,117.15,,
1999,640000,宁夏回族自治区,128.1,,
1999,460000,海南省,194.78,,
1999,520000,贵州省,311.93,,
1999,150000,内蒙古自治区,348.22,,
1999,620000,甘肃省,355.51,,
1999,360000,江西省,454.44,,
1999,140000,山西省,477.57,,
1999,220000,吉林省,500.02,,
1999,500000,重庆市,525.26,,
1999,650000,新疆维吾尔自治区,526.65,,
1999,120000,天津市,576.45,,
1999,450000,广西壮族自治区,578.76,,
1999,610000,陕西省,587.79,,
1999,530000,云南省,663.97,,
1999,340000,安徽省,703.45,,
1999,230000,黑龙江省,751.66,,
1999,430000,湖南省,883.94,,
1999,350000,福建省,1084.66,,
1999,210000,辽宁省,1119.47,,
1999,110000,北京市,1171.16,,
1999,410000,河南省,1206.83,,
1999,510000,四川省,1224.4,,
1999,420000,湖北省,1239.14,,
1999,130000,河北省,1770.47,,
1999,310000,上海市,1855.76,,
1999,330000,浙江省,1958.05,,
1999,370000,山东省,2220.57,,
1999,320000,江苏省,2441.88,,
1999,440000,广东省,2937.02,,
1999,142,中国,29854.7,23732,6122.7
2000,540000,西藏自治区,64.05,,
2000,630000,青海省,151.14,,
2000,640000,宁夏回族自治区,157.52,,
2000,460000,海南省,198.87,,
2000,620000,甘肃省,395.4,,
2000,520000,贵州省,396.98,,
2000,150000,内蒙古自治区,423.64,,
2000,360000,江西省,516.08,,
2000,140000,山西省,548.16,,
2000,500000,重庆市,572.59,,
2000,450000,广西壮族自治区,583.34,,
2000,220000,吉林省,603.51,,
2000,650000,新疆维吾尔自治区,610.39,,
2000,120000,天津市,610.94,,
2000,610000,陕西省,653.67,,
2000,530000,云南省,683.96,,
2000,340000,安徽省,803.97,,
2000,230000,黑龙江省,832.64,,
2000,430000,湖南省,1012.24,,
2000,350000,福建省,1112.2,,
2000,210000,辽宁省,1267.68,,
2000,110000,北京市,1280.46,,
2000,420000,湖北省,1339.2,,
2000,410000,河南省,1377.74,,
2000,510000,四川省,1418.04,,
2000,130000,河北省,1816.79,,
2000,310000,上海市,1869.38,,
2000,330000,浙江省,2349.95,,
2000,370000,山东省,2531.1,,
2000,320000,江苏省,2569.97,,
2000,440000,广东省,3145.13,,
2000,142,中国,32917.7,26221.8,6695.9
2001,540000,西藏自治区,83.26,,
2001,640000,宁夏回族自治区,191.08,,
2001,630000,青海省,196.35,,
2001,460000,海南省,213.32,,
2001,620000,甘肃省,460.37,,
2001,150000,内蒙古自治区,503.63,,
2001,520000,贵州省,536.01,,
2001,360000,江西省,631.84,,
2001,450000,广西壮族自治区,655.63,,
2001,140000,山西省,663.58,,
2001,500000,重庆市,697.03,,
2001,220000,吉林省,701.7,,
2001,120000,天津市,705,,
2001,650000,新疆维吾尔自治区,706,,
2001,530000,云南省,738.45,,
2001,610000,陕西省,773.43,,
2001,340000,安徽省,893.37,,
2001,230000,黑龙江省,963.58,,
2001,350000,福建省,1172.91,,
2001,430000,湖南省,1174.3,,
2001,210000,辽宁省,1421.19,,
2001,420000,湖北省,1486.55,,
2001,110000,北京市,1513.32,,
2001,410000,河南省,1544.06,,
2001,510000,四川省,1617.52,,
2001,130000,河北省,1912.53,,
2001,310000,上海市,2004.64,,
2001,370000,山东省,2788.68,,
2001,320000,江苏省,2823.2,,
2001,330000,浙江省,2834.94,,
2001,440000,广东省,3484.43,,
2001,142,中国,37213.5,30001.2,7212.3
2002,540000,西藏自治区,106.58,,
2002,460000,海南省,225.41,,
2002,640000,宁夏回族自治区,226.98,,
2002,630000,青海省,232.35,,
2002,620000,甘肃省,526.21,,
2002,520000,贵州省,632.97,,
2002,150000,内蒙古自治区,707.91,,
2002,450000,广西壮族自治区,750.33,,
2002,650000,新疆维吾尔自治区,800.09,,
2002,120000,天津市,807.51,,
2002,140000,山西省,813.36,,
2002,530000,云南省,814.61,,
2002,220000,吉林省,834.23,,
2002,360000,江西省,889.04,,
2002,500000,重庆市,899.26,,
2002,610000,陕西省,915.35,,
2002,230000,黑龙江省,1046.17,,
2002,340000,安徽省,1074.46,,
2002,350000,福建省,1253.08,,
2002,430000,湖南省,1347.96,,
2002,420000,湖北省,1605.06,,
2002,210000,辽宁省,1605.55,,
2002,410000,河南省,1725.93,,
2002,110000,北京市,1796.14,,
2002,510000,四川省,1902.72,,
2002,130000,河北省,2020.38,,
2002,310000,上海市,2213.72,,
2002,320000,江苏省,3450.12,,
2002,330000,浙江省,3477.47,,
2002,370000,山东省,3483.31,,
2002,440000,广东省,3850.78,,
2002,142,中国,43499.9,35488.8,8011.1
2003,540000,西藏自治区,133.96,,
2003,630000,青海省,255.62,,
2003,460000,海南省,280.02,,
2003,640000,宁夏回族自治区,317.99,,
2003,620000,甘肃省,619.82,,
2003,520000,贵州省,748.12,,
2003,450000,广西壮族自治区,921.3,,
2003,220000,吉林省,969.03,,
2003,650000,新疆维吾尔自治区,973.39,,
2003,530000,云南省,1000.12,,
2003,120000,天津市,1039.39,,
2003,140000,山西省,1100.86,,
2003,500000,重庆市,1161.51,,
2003,230000,黑龙江省,1166.18,,
2003,150000,内蒙古自治区,1174.66,,
2003,610000,陕西省,1200.68,,
2003,360000,江西省,1303.22,,
2003,340000,安徽省,1418.69,,
2003,350000,福建省,1496.37,,
2003,430000,湖南省,1590.32,,
2003,420000,湖北省,1809.45,,
2003,210000,辽宁省,2076.36,,
2003,110000,北京市,2169.26,,
2003,410000,河南省,2262.97,,
2003,510000,四川省,2336.34,,
2003,130000,河北省,2477.98,,
2003,310000,上海市,2499.14,,
2003,330000,浙江省,4740.27,,
2003,440000,广东省,4813.2,,
2003,320000,江苏省,5233,,
2003,370000,山东省,5315.14,,
2003,142,中国,55566.6,45811.7,9754.9
2004,110000,北京市,2528.21,2333,195.2
2004,120000,天津市,1245.66,1128.68,116.99
2004,130000,河北省,3218.76,2441.98,776.78
2004,140000,山西省,1443.88,1315.21,128.67
2004,150000,内蒙古自治区,1787.95,1707.5,80.45
2004,210000,辽宁省,2979.59,2580.28,399.31
2004,220000,吉林省,1169.1,1059.35,109.74
2004,230000,黑龙江省,1430.82,1316.97,113.85
2004,310000,上海市,3050.26,2862.95,187.31
2004,320000,江苏省,6557.05,5008.21,1548.85
2004,330000,浙江省,5781.35,3998.77,1782.57
2004,340000,安徽省,1935.25,1613.01,322.24
2004,350000,福建省,1892.92,1594.54,298.38
2004,360000,江西省,1713.2,1477.89,235.31
2004,370000,山东省,6970.62,5418.55,1552.08
2004,410000,河南省,3099.38,2434.88,664.5
2004,420000,湖北省,2264.81,2005.15,259.66
2004,430000,湖南省,2072.56,1679.39,393.17
2004,440000,广东省,5870.02,5029.44,840.57
2004,450000,广西壮族自治区,1236.51,1094.62,141.89
2004,460000,海南省,317.05,291.02,26.03
2004,500000,重庆市,1537.05,1400.58,136.47
2004,510000,四川省,2818.42,2322.91,495.52
2004,520000,贵州省,865.23,780.24,85
2004,530000,云南省,1291.54,1112.97,178.56
2004,540000,西藏自治区,162.36,162.36,
2004,610000,陕西省,1508.89,1378.46,130.43
2004,620000,甘肃省,733.94,660.76,73.18
2004,630000,青海省,289.18,272.74,16.44
2004,640000,宁夏回族自治区,376.2,316.83,59.37
2004,650000,新疆维吾尔自治区,1147.15,1046.43,100.72
2004,142,中国,70477.43,59028.19,11449.25
2005,110000,北京市,2827.2346,2595.408,231.8266
2005,120000,天津市,1495.1431,1364.0032,131.1399
2005,130000,河北省,4139.6947,3307.768,831.9267
2005,140000,山西省,1826.5766,1666.4728,160.1038
2005,150000,内蒙古自治区,2643.6015,2555.2528,88.3487
2005,210000,辽宁省,4200.4485,3666.5196,533.9289
2005,220000,吉林省,1741.0949,1581.2551,159.8398
2005,230000,黑龙江省,1737.2743,1581.2177,156.0566
2005,310000,上海市,3509.6561,3198.5733,311.0828
2005,320000,江苏省,8165.3793,6218.8917,1946.4876
2005,330000,浙江省,6520.0741,4784.6787,1735.3954
2005,340000,安徽省,2525.1056,2126.6909,398.4147
2005,350000,福建省,2316.7239,1958.2994,358.4245
2005,360000,江西省,2176.5954,1902.6581,273.9373
2005,370000,山东省,9307.2988,7275.0622,2032.2366
2005,410000,河南省,4311.6327,3461.2327,850.4
2005,420000,湖北省,2676.5753,2387.4069,289.1684
2005,430000,湖南省,2629.0663,2203.9515,425.1148
2005,440000,广东省,6977.9265,5890.1057,1087.8208
2005,450000,广西壮族自治区,1661.1713,1480.9178,180.2535
2005,460000,海南省,367.1693,339.2444,27.9249
2005,500000,重庆市,1933.1582,1777.069,156.0892
2005,510000,四川省,3585.1815,2991.7744,593.4071
2005,520000,贵州省,998.2529,899.3332,98.9197
2005,530000,云南省,1777.6297,1592.2855,185.3442
2005,540000,西藏自治区,181.389,181.389,
2005,610000,陕西省,1882.1792,1740.8611,141.3181
2005,620000,甘肃省,870.361,786.0469,84.3141
2005,630000,青海省,329.8142,310.8377,18.9765
2005,640000,宁夏回族自治区,443.2509,381.9897,61.2612
2005,650000,新疆维吾尔自治区,1339.0555,1210.0053,129.0502
2005,142,中国,88773.6129,75095.1003,13678.5126
2006,110000,北京市,3296.3757,3012.4478,283.9279
2006,120000,天津市,1820.516,1678.9826,141.5334
2006,130000,河北省,5470.2356,4403.2251,1067.0105
2006,140000,山西省,2255.7351,2055.6854,200.0497
2006,150000,内蒙古自治区,3363.2077,3264.8644,98.3433
2006,210000,辽宁省,5689.6384,4977.8419,711.7965
2006,220000,吉林省,2594.3415,2366.0614,228.2801
2006,230000,黑龙江省,2235.9968,2040.4122,195.5846
2006,310000,上海市,3900.0368,3497.4751,402.5617
2006,320000,江苏省,10069.223,7479.6043,2589.6187
2006,330000,浙江省,7590.2212,5429.2766,2160.9446
2006,340000,安徽省,3533.5609,3050.1522,483.4087
2006,350000,福建省,2981.8231,2692.3568,289.4663
2006,360000,江西省,2683.5744,2375.3863,308.1881
2006,370000,山东省,11111.422,8715.5,2395.922
2006,410000,河南省,5904.7144,4840.8005,1063.9139
2006,420000,湖北省,3343.4672,3038.492,304.9752
2006,430000,湖南省,3175.5246,2718.4442,457.0804
2006,440000,广东省,7973.3691,6553.6703,1419.6988
2006,450000,广西壮族自治区,2198.7176,1947.8097,250.9079
2006,460000,海南省,423.8914,397.0009,26.8905
2006,500000,重庆市,2407.3568,2251.984,155.3728
2006,510000,四川省,4412.8753,3927.3709,485.5044
2006,520000,贵州省,1197.4272,1052.7924,144.6348
2006,530000,云南省,2208.6025,2001.8477,206.7548
2006,540000,西藏自治区,231.1415,200.6509,30.4906
2006,610000,陕西省,2480.6855,2285.7067,194.9788
2006,620000,甘肃省,1022.5882,923.9217,98.6665
2006,630000,青海省,408.5366,384.6142,23.9224
2006,640000,宁夏回族自治区,498.7452,438.733,60.0122
2006,650000,新疆维吾尔自治区,1567.0521,1418.011,149.0411
2006,142,中国,109998.1624,93368.6812,16629.4812
2007,110000,北京市,3907.1967,3597.2896,309.9071
2007,120000,天津市,2353.1494,2192.1691,160.9803
2007,130000,河北省,6884.6817,5690.3132,1194.3685
2007,140000,山西省,2861.4572,2600.2159,261.2413
2007,150000,内蒙古自治区,4372.8799,4255.0024,117.8775
2007,210000,辽宁省,7435.2262,6576.0474,859.1788
2007,220000,吉林省,3651.364,3340.1891,311.1749
2007,230000,黑龙江省,2833.4993,2591.6921,241.8072
2007,310000,上海市,4420.3747,4045.0984,375.2763
2007,320000,江苏省,12268.0635,9161.373,3106.6905
2007,330000,浙江省,8420.4275,5996.9318,2423.4957
2007,340000,安徽省,5087.53,4444.5832,642.9468
2007,350000,福建省,4287.7524,3829.0172,458.7352
2007,360000,江西省,3301.9427,2954.8723,347.0704
2007,370000,山东省,12537.7014,10153.5618,2384.1396
2007,410000,河南省,8010.1136,6609.1612,1400.9524
2007,420000,湖北省,4330.3573,3927.3552,403.0021
2007,430000,湖南省,4154.7577,3609.5398,545.2179
2007,440000,广东省,9294.2635,7368.6867,1925.5768
2007,450000,广西壮族自治区,2939.6701,2596.7374,342.9327
2007,460000,海南省,502.3744,472.767,29.6074
2007,500000,重庆市,3127.7376,2937.0695,190.6681
2007,510000,四川省,5639.7996,5043.4159,596.3837
2007,520000,贵州省,1488.8043,1289.1302,199.6741
2007,530000,云南省,2759.0333,2443.7911,315.2422
2007,540000,西藏自治区,270.3427,230.8271,39.5156
2007,610000,陕西省,3415.0239,3168.8196,246.2043
2007,620000,甘肃省,1304.157,1177.4632,126.6938
2007,630000,青海省,482.843,443.6907,39.1523
2007,640000,宁夏回族自治区,599.7984,527.6947,72.1037
2007,650000,新疆维吾尔自治区,1850.8415,1659.1894,191.6521
2007,142,中国,137323.9381,117464.4688,19859.4693
2008,110000,北京市,3814.7291,3520.947,293.7821
2008,120000,天津市,3389.7939,3175.1374,214.6565
2008,130000,河北省,8866.5605,7463.7742,1402.7863
2008,140000,山西省,3531.1563,3194.5681,336.5882
2008,150000,内蒙古自治区,5475.4076,5327.0411,148.3665
2008,210000,辽宁省,10019.0695,8881.9463,1137.1232
2008,220000,吉林省,5038.9232,4592.708,446.2152
2008,230000,黑龙江省,3655.965,3354.8229,301.1421
2008,310000,上海市,4823.1478,4404.9457,418.2021
2008,320000,江苏省,15300.5502,11609.7148,3690.8354
2008,330000,浙江省,9323.002,6551.1014,2771.9006
2008,340000,安徽省,6746.9586,5948.6101,798.3485
2008,350000,福建省,5207.6821,4601.4982,606.1839
2008,360000,江西省,4745.4333,4325.3781,420.0552
2008,370000,山东省,15435.9284,12528.9581,2906.9703
2008,410000,河南省,10490.6446,8721.1879,1769.4567
2008,420000,湖北省,5647.0131,5148.7584,498.2547
2008,430000,湖南省,5534.0361,4879.9577,654.0784
2008,440000,广东省,10868.6726,8640.8744,2227.7982
2008,450000,广西壮族自治区,3756.4125,3325.9456,430.4669
2008,460000,海南省,705.4233,668.0173,37.406
2008,500000,重庆市,3979.5921,3715.8987,263.6934
2008,510000,四川省,7127.813,6362.0844,765.7286
2008,520000,贵州省,1864.4524,1609.3428,255.1096
2008,530000,云南省,3435.9252,3106.3328,329.5924
2008,540000,西藏自治区,309.9149,271.2546,38.6603
2008,610000,陕西省,4614.4216,4286.423,327.9986
2008,620000,甘肃省,1712.7757,1510.7526,202.0231
2008,630000,青海省,583.2406,514.0482,69.1924
2008,640000,宁夏回族自治区,828.8537,735.7094,93.1443
2008,650000,新疆维吾尔自治区,2259.9746,2025.6393,234.3353
2008,142,中国,172828.3998,148738.3048,24090.095
2009,110000,北京市,4616.9211,4149.6286,467.2925
2009,120000,天津市,4738.2019,4446.5679,291.634
2009,130000,河北省,12269.7999,10476.5014,1793.2985
2009,140000,山西省,4943.1618,4509.5569,433.6049
2009,150000,内蒙古自治区,7336.7901,7143.8367,192.9534
2009,210000,辽宁省,12292.4933,11605.1207,687.3726
2009,220000,吉林省,6411.5984,5958.9498,452.6486
2009,230000,黑龙江省,5028.8297,4695.7424,333.0873
2009,310000,上海市,5043.7528,4618.9096,424.8432
2009,320000,江苏省,18949.8746,14266.8014,4683.0732
2009,330000,浙江省,10742.321,7454.3262,3287.9948
2009,340000,安徽省,8990.727,7945.4978,1045.2292
2009,350000,福建省,6231.2039,5548.6078,682.5961
2009,360000,江西省,6643.1422,6008.1185,635.0237
2009,370000,山东省,19034.5274,15439.097,3595.4304
2009,410000,河南省,13704.5039,11454.8894,2249.6145
2009,420000,湖北省,7866.8891,7183.6717,683.2174
2009,430000,湖南省,7703.3812,6880.0027,823.3785
2009,440000,广东省,12933.1217,10230.0526,2703.0691
2009,450000,广西壮族自治区,5237.2398,4689.8801,547.3597
2009,460000,海南省,988.3153,942.6794,45.6359
2009,500000,重庆市,5214.2803,4855.1053,359.175
2009,510000,四川省,11371.8725,9090.0851,2281.7874
2009,520000,贵州省,2412.0161,2049.8252,362.1909
2009,530000,云南省,4526.3729,4117.5129,408.86
2009,540000,西藏自治区,378.2757,327.635,50.6407
2009,610000,陕西省,6246.9044,5888.3715,358.5329
2009,620000,甘肃省,2363.0018,2076.3582,286.6436
2009,630000,青海省,798.23,689.0893,109.1407
2009,640000,宁夏回族自治区,1075.9058,964.1606,111.7452
2009,650000,新疆维吾尔自治区,2725.4512,2434.1466,291.3046
2009,142,中国,224598.7679,193920.3894,30678.3785
2010,110000,北京市,5402.952,4916.5257,486.4263
2010,120000,天津市,6278.0917,5896.5189,381.5728
2010,130000,河北省,15083.3532,12922.6572,2160.696
2010,140000,山西省,6063.1711,5526.6025,536.5686
2010,150000,内蒙古自治区,8926.4611,8687.9855,238.4756
2010,210000,辽宁省,16043.0255,15106.3279,936.6976
2010,220000,吉林省,7870.3844,7395.232,475.1524
2010,230000,黑龙江省,6812.5591,6292.674,519.8851
2010,310000,上海市,5108.8956,4630.4723,478.4233
2010,320000,江苏省,23184.2827,17416.4655,5767.8172
2010,330000,浙江省,12376.036,8438.0751,3937.9609
2010,340000,安徽省,11542.938,10281.286,1261.652
2010,350000,福建省,8199.1248,7385.7807,813.3441
2010,360000,江西省,8772.2717,7856.9409,915.3308
2010,370000,山东省,23280.5154,18844.4068,4436.1086
2010,410000,河南省,16585.8591,13934.8197,2651.0394
2010,420000,湖北省,10262.697,9405.6302,857.0668
2010,430000,湖南省,9663.5841,8617.9844,1045.5997
2010,440000,广东省,15623.6976,12599.2607,3024.4369
2010,450000,广西壮族自治区,7057.5552,6383.2561,674.2991
2010,460000,海南省,1317.0434,1257.4997,59.5437
2010,500000,重庆市,6688.9139,6170.6095,518.3044
2010,510000,四川省,13116.7166,11061.3813,2055.3353
2010,520000,贵州省,3104.918,2609.3592,495.5588
2010,530000,云南省,5528.7146,5052.6134,476.1012
2010,540000,西藏自治区,462.669,404.9806,57.6884
2010,610000,陕西省,7963.6658,7569.9009,393.7649
2010,620000,甘肃省,3158.3401,2808.5506,349.7895
2010,630000,青海省,1016.8686,840.0123,176.8563
2010,640000,宁夏回族自治区,1444.1606,1292.802,151.3586
2010,650000,新疆维吾尔自治区,3423.2441,3065.1329,358.1112
2010,142,中国,251683.7688,243797.7939,36690.9655
2011,110000,北京市,5578.9271,5519.8403,
2011,120000,天津市,7067.6653,7040.6834,
2011,130000,河北省,16389.3255,15780.2568,
2011,140000,山西省,7073.0613,6837.6888,
2011,150000,内蒙古自治区,10365.1692,10252.9744,
2011,210000,辽宁省,17726.2865,17431.4614,
2011,220000,吉林省,7441.71,7226.6494,
2011,230000,黑龙江省,7475.3845,7157.9198,
2011,310000,上海市,4962.0742,4959.9267,
2011,320000,江苏省,26692.6245,26313.4617,
2011,330000,浙江省,14185.2838,13651.6501,
2011,340000,安徽省,12455.6893,12007.865,
2011,350000,福建省,9910.8906,9677.088,
2011,360000,江西省,9087.5985,8753.9281,
2011,370000,山东省,26749.6777,25907.3848,
2011,410000,河南省,17768.9528,16934.3229,
2011,420000,湖北省,12557.3401,12195.3892,
2011,430000,湖南省,11880.9154,11407.7428,
2011,440000,广东省,17069.2048,16599.1635,
2011,450000,广西壮族自治区,7990.6554,7580.8991,
2011,460000,海南省,1657.2337,1599.1401,
2011,500000,重庆市,7473.3787,7366.9542,
2011,510000,四川省,14222.2223,13687.7466,
2011,520000,贵州省,4235.9221,4026.468,
2011,530000,云南省,6190.9988,5932.7499,
2011,540000,西藏自治区,516.3099,516.3099,
2011,610000,陕西省,9431.0817,9108.9841,
2011,620000,甘肃省,3965.7903,3870.08,
2011,630000,青海省,1435.5769,1365.9129,
2011,640000,宁夏回族自治区,1644.7418,1589.141,
2011,650000,新疆维吾尔自治区,4632.1427,4444.9863,
2011,142,中国,311485.1254,302396.0592,
2012,110000,北京市,6112.3714,6064.8591,
2012,120000,天津市,7934.7828,7913.2603,
2012,130000,河北省,19661.2832,19104.6297,
2012,140000,山西省,8863.2642,8584.8533,
2012,150000,内蒙古自治区,11875.7409,11749.7701,
2012,210000,辽宁省,21836.2831,21535.3745,
2012,220000,吉林省,9511.5371,9262.2341,
2012,230000,黑龙江省,9694.7461,9375.4447,
2012,310000,上海市,5117.6156,5114.6352,
2012,320000,江苏省,30854.2394,30473.7435,
2012,330000,浙江省,17649.3612,17095.9606,
2012,340000,安徽省,15425.8327,14943.8115,
2012,350000,福建省,12439.9351,12182.5161,
2012,360000,江西省,10774.1579,10378.3697,
2012,370000,山东省,31255.9773,30319.7641,
2012,410000,河南省,21449.9985,20558.6138,
2012,420000,湖北省,15578.2914,15148.7079,
2012,430000,湖南省,14523.2404,13966.2585,
2012,440000,广东省,18751.4679,18250.1281,
2012,450000,广西壮族自治区,9808.6135,9345.1791,
2012,460000,海南省,2145.3794,2064.4442,
2012,500000,重庆市,8736.1666,8610.3706,
2012,510000,四川省,17039.9763,16530.3144,
2012,520000,贵州省,5717.8049,5504.9474,
2012,530000,云南省,7831.13,7553.5125,
2012,540000,西藏自治区,670.5168,670.5168,
2012,610000,陕西省,12044.5492,11705.8315,
2012,620000,甘肃省,5145.0277,5040.0347,
2012,630000,青海省,1883.422,1808.666,
2012,640000,宁夏回族自治区,2096.8642,2033.0345,
2012,650000,新疆维吾尔自治区,6158.775,5857.9757,
2012,142,中国,374694.7355,364854.1459,
2013,142,中国,446294.0902,435747.4256,
2013,110000,北京市,6847.0572,6797.5373,
2013,120000,天津市,9130.2486,9103.0109,
2013,130000,河北省,23194.2296,22629.7693,
2013,140000,山西省,11031.8876,10745.345,
2013,150000,内蒙古自治区,14217.3776,14072.3876,
2013,210000,辽宁省,25107.6568,24791.4018,
2013,220000,吉林省,9979.2598,9725.7583,
2013,230000,黑龙江省,11453.0813,11121.2842,
2013,310000,上海市,5647.7911,5644.1312,
2013,320000,江苏省,36373.324,35982.5173,
2013,330000,浙江省,20782.1066,20194.0713,
2013,340000,安徽省,18621.8987,18091.2064,
2013,350000,福建省,15327.4412,15045.8082,
2013,360000,江西省,12850.2527,12434.9494,
2013,370000,山东省,36789.071,35875.8558,
2013,410000,河南省,26087.4583,25188.0603,
2013,420000,湖北省,19307.3308,18796.8523,
2013,430000,湖南省,17841.3974,17225.1861,
2013,440000,广东省,22308.3858,21795.5152,
2013,450000,广西壮族自治区,11907.6669,11383.9294,
2013,460000,海南省,2697.9286,2625.5925,
2013,500000,重庆市,10435.2366,10290.9525,
2013,510000,四川省,20326.1081,19755.2867,
2013,520000,贵州省,7373.6013,7102.7771,
2013,530000,云南省,9968.3008,9621.8329,
2013,540000,西藏自治区,876.0023,876.0023,
2013,610000,陕西省,14884.145,14533.5128,
2013,620000,甘肃省,6527.9384,6407.1982,
2013,630000,青海省,2361.0916,2285.3013,
2013,640000,宁夏回族自治区,2651.1421,2577.7882,
2013,650000,新疆维吾尔自治区,7732.3043,7371.2357,
2014,142,中国,512020.6528,501264.8747,
2014,110000,北京市,6924.2346,6873.4408,
2014,120000,天津市,10518.189,10490.3656,
2014,130000,河北省,26671.9214,26147.1985,
2014,140000,山西省,12354.5298,12035.456,
2014,150000,内蒙古自治区,17591.8261,17437.8467,
2014,210000,辽宁省,24730.803,24426.8339,
2014,220000,吉林省,11339.6212,11107.941,
2014,230000,黑龙江省,9828.9942,9537.8774,
2014,310000,上海市,6016.4283,6012.966,
2014,320000,江苏省,41938.6195,41552.7517,
2014,330000,浙江省,24262.769,23554.7626,
2014,340000,安徽省,21875.5779,21256.2939,
2014,350000,福建省,18177.8627,17869.755,
2014,360000,江西省,15079.2554,14646.3081,
2014,370000,山东省,42495.5478,41599.1323,
2014,410000,河南省,30782.169,30012.2847,
2014,420000,湖北省,22915.3003,22441.6718,
2014,430000,湖南省,21242.92,20548.5509,
2014,440000,广东省,26293.9336,25843.057,
2014,450000,广西壮族自治区,13843.2197,13287.609,
2014,460000,海南省,3112.232,3039.4555,
2014,500000,重庆市,12285.4154,12140.8336,
2014,510000,四川省,23318.5666,22662.1264,
2014,520000,贵州省,9025.7514,8778.4029,
2014,530000,云南省,11498.5346,11073.8123,
2014,540000,西藏自治区,1069.2315,1069.2315,
2014,610000,陕西省,17191.9249,16840.2739,
2014,620000,甘肃省,7884.131,7759.6316,
2014,630000,青海省,2861.228,2788.9116,
2014,640000,宁夏回族自治区,3173.7908,3093.9191,
2014,650000,新疆维吾尔自治区,9447.7419,9067.7912,
2015,142,中国,561999.8326,551590.0384,
2015,110000,北京市,7495.9934,7446.0198,
2015,120000,天津市,11831.9889,11814.5712,
2015,130000,河北省,29448.2706,28905.7383,
2015,140000,山西省,14074.1545,13744.5907,
2015,150000,内蒙古自治区,13702.2217,13529.1519,
2015,210000,辽宁省,17917.8936,17640.3698,
2015,220000,吉林省,12705.2873,12508.5936,
2015,230000,黑龙江省,10182.945,9884.2828,
2015,310000,上海市,6352.6996,6349.3886,
2015,320000,江苏省,46246.8689,45905.1694,
2015,330000,浙江省,27323.3247,26664.7156,
2015,340000,安徽省,24385.9684,23803.9289,
2015,350000,福建省,21301.377,20973.981,
2015,360000,江西省,17388.1278,16993.8969,
2015,370000,山东省,48312.437,47381.4559,
2015,410000,河南省,35660.3464,34951.283,
2015,420000,湖北省,26563.8963,26086.4157,
2015,430000,湖南省,25045.0778,24324.1707,
2015,440000,广东省,30343.0337,29950.4834,
2015,450000,广西壮族自治区,16227.7817,15654.947,
2015,460000,海南省,3451.2215,3355.4048,
2015,500000,重庆市,14353.2447,14208.1475,
2015,510000,四川省,25525.9,24965.5648,
2015,520000,贵州省,10945.5434,10676.703,
2015,530000,云南省,13500.6165,13069.3912,
2015,540000,西藏自治区,1295.6783,1295.6783,
2015,610000,陕西省,18582.2428,18231.0291,
2015,620000,甘肃省,8754.2269,8626.5969,
2015,630000,青海省,3210.6323,3144.1705,
2015,640000,宁夏回族自治区,3505.4465,3426.4227,
2015,650000,新疆维吾尔自治区,10813.0306,10525.4206,
2016,142,中国,606465.66,596500.752,
2016,110000,北京市,7943.8925,7888.6881,
2016,120000,天津市,12779.3878,12756.3593,
2016,130000,河北省,31750.0152,31340.0673,
2016,140000,山西省,14197.982,13859.351,
2016,150000,内蒙古自治区,15080.0136,14893.9635,
2016,210000,辽宁省,6692.2461,6436.3272,
2016,220000,吉林省,13923.1955,13773.1688,
2016,230000,黑龙江省,10648.3499,10432.5545,
2016,310000,上海市,6755.8846,6751.6768,
2016,320000,江苏省,49663.2102,49370.8521,
2016,330000,浙江省,30276.072,29571.0019,
2016,340000,安徽省,27033.3777,26577.3716,
2016,350000,福建省,23237.3508,22927.9901,
2016,360000,江西省,19694.2104,19378.6876,
2016,370000,山东省,53322.9388,52364.4936,
2016,410000,河南省,40415.0896,39753.9281,
2016,420000,湖北省,30011.6538,29503.8751,
2016,430000,湖南省,28353.3256,27688.4452,
2016,440000,广东省,33303.6406,32947.3005,
2016,450000,广西壮族自治区,18236.7817,17652.9486,
2016,460000,海南省,3890.4453,3747.0251,
2016,500000,重庆市,16048.0951,15931.7829,
2016,510000,四川省,28811.9544,28229.7872,
2016,520000,贵州省,13203.996,12929.1694,
2016,530000,云南省,16119.4004,15662.4894,
2016,540000,西藏自治区,1596.0488,1596.0488,
2016,610000,陕西省,20825.2532,20474.8521,
2016,620000,甘肃省,9663.9924,9534.1023,
2016,630000,青海省,3528.0548,3455.5124,
2016,640000,宁夏回族自治区,3794.2466,3709.0448,
2016,650000,新疆维吾尔自治区,10287.5299,9983.862,
2017,142,中国,641238.3855,631683.9637,
2017,110000,北京市,8370.436,8307.3349,
2017,120000,天津市,11288.9189,11274.6948,
2017,130000,河北省,33406.8021,33012.2314,
2017,140000,山西省,6040.5394,5722.1585,
2017,150000,内蒙古自治区,14013.1608,13827.8549,
2017,210000,辽宁省,6676.7399,6444.749,
2017,220000,吉林省,13283.887,13130.9042,
2017,230000,黑龙江省,11291.9794,11079.6526,
2017,310000,上海市,7246.6031,7240.9479,
2017,320000,江苏省,53277.0346,53000.2139,
2017,330000,浙江省,31696.0276,31125.9901,
2017,340000,安徽省,29275.0615,28816.3736,
2017,350000,福建省,26416.2773,26110.3418,
2017,360000,江西省,22085.339,21770.4331,
2017,370000,山东省,55202.7222,54236.0344,
2017,410000,河南省,44496.9341,43890.3572,
2017,420000,湖北省,32282.361,31872.5708,
2017,430000,湖南省,31959.2273,31328.0788,
2017,440000,广东省,37761.7454,37403.9119,
2017,450000,广西壮族自治区,20499.1106,19908.2715,
2017,460000,海南省,4244.4012,4125.3963,
2017,500000,重庆市,17537.0476,17440.5655,
2017,510000,四川省,31902.085,31235.8916,
2017,520000,贵州省,15503.8556,15288.0106,
2017,530000,云南省,18935.9862,18474.8903,
2017,540000,西藏自治区,1975.6006,1975.6006,
2017,610000,陕西省,23819.3779,23468.2076,
2017,620000,甘肃省,5827.7507,5696.3491,
2017,630000,青海省,3883.5539,3819.8617,
2017,640000,宁夏回族自治区,3728.3788,3640.1215,
2017,650000,新疆维吾尔自治区,12089.1177,11795.6405,
2018,142,中国,645675,635636,
2018,110000,北京市,,,
2018,120000,天津市,,,
2018,130000,河北省,,,
2018,140000,山西省,,,
2018,150000,内蒙古自治区,,,
2018,210000,辽宁省,,,
2018,220000,吉林省,,,
2018,230000,黑龙江省,,,
2018,310000,上海市,,,
2018,320000,江苏省,,,
2018,330000,浙江省,,,
2018,340000,安徽省,,,
2018,350000,福建省,,,
2018,360000,江西省,,,
2018,370000,山东省,,,
2018,410000,河南省,,,
2018,420000,湖北省,,,
2018,430000,湖南省,,,
2018,440000,广东省,,,
2018,450000,广西壮族自治区,,,
2018,460000,海南省,,,
2018,500000,重庆市,,,
2018,510000,四川省,,,
2018,520000,贵州省,,,
2018,530000,云南省,,,
2018,540000,西藏自治区,,,
2018,610000,陕西省,,,
2018,620000,甘肃省,,,
2018,630000,青海省,,,
2018,640000,宁夏回族自治区,,,
2018,650000,新疆维吾尔自治区,,,
2019,142,中国,560874.3,551478,
2019,110000,北京市,,,
2019,120000,天津市,,,
2019,130000,河北省,,,
2019,140000,山西省,,,
2019,150000,内蒙古自治区,,,
2019,210000,辽宁省,,,
2019,220000,吉林省,,,
2019,230000,黑龙江省,,,
2019,310000,上海市,,,
2019,320000,江苏省,,,
2019,330000,浙江省,,,
2019,340000,安徽省,,,
2019,350000,福建省,,,
2019,360000,江西省,,,
2019,370000,山东省,,,
2019,410000,河南省,,,
2019,420000,湖北省,,,
2019,430000,湖南省,,,
2019,440000,广东省,,,
2019,450000,广西壮族自治区,,,
2019,460000,海南省,,,
2019,500000,重庆市,,,
2019,510000,四川省,,,
2019,520000,贵州省,,,
2019,530000,云南省,,,
2019,540000,西藏自治区,,,
2019,610000,陕西省,,,
2019,620000,甘肃省,,,
2019,630000,青海省,,,
2019,640000,宁夏回族自治区,,,
2019,650000,新疆维吾尔自治区,,,
2020,142,中国,527270.3,518907,
2020,110000,北京市,,,
2020,120000,天津市,,,
2020,130000,河北省,,,
2020,140000,山西省,,,
2020,150000,内蒙古自治区,,,
2020,210000,辽宁省,,,
2020,220000,吉林省,,,
2020,230000,黑龙江省,,,
2020,310000,上海市,,,
2020,320000,江苏省,,,
2020,330000,浙江省,,,
2020,340000,安徽省,,,
2020,350000,福建省,,,
2020,360000,江西省,,,
2020,370000,山东省,,,
2020,410000,河南省,,,
2020,420000,湖北省,,,
2020,430000,湖南省,,,
2020,440000,广东省,,,
2020,450000,广西壮族自治区,,,
2020,460000,海南省,,,
2020,500000,重庆市,,,
2020,510000,四川省,,,
2020,520000,贵州省,,,
2020,530000,云南省,,,
2020,540000,西藏自治区,,,
2020,610000,陕西省,,,
2020,620000,甘肃省,,,
2020,630000,青海省,,,
2020,640000,宁夏回族自治区,,,
2020,650000,新疆维吾尔自治区,,,
2021,142,中国,552884.2,544547,
2021,110000,北京市,,,
2021,120000,天津市,,,
2021,130000,河北省,,,
2021,140000,山西省,,,
2021,150000,内蒙古自治区,,,
2021,210000,辽宁省,,,
2021,220000,吉林省,,,
2021,230000,黑龙江省,,,
2021,310000,上海市,,,
2021,320000,江苏省,,,
2021,330000,浙江省,,,
2021,340000,安徽省,,,
2021,350000,福建省,,,
2021,360000,江西省,,,
2021,370000,山东省,,,
2021,410000,河南省,,,
2021,420000,湖北省,,,
2021,430000,湖南省,,,
2021,440000,广东省,,,
2021,450000,广西壮族自治区,,,
2021,460000,海南省,,,
2021,500000,重庆市,,,
2021,510000,四川省,,,
2021,520000,贵州省,,,
2021,530000,云南省,,,
2021,540000,西藏自治区,,,
2021,610000,陕西省,,,
2021,620000,甘肃省,,,
2021,630000,青海省,,,
2021,640000,宁夏回族自治区,,,
2021,650000,新疆维吾尔自治区,,,
