"Sgnyea","Prvcnm_id","Prvcnm","Ftec0101","Ftec0102","Ftec0103"
"1993","110000","北京市","348464.0000","114118.0000","254346.0000"
"1993","120000","天津市","397768.0000","205737.0000","192031.0000"
"1993","130000","河北省","246152.0000","167916.0000","78236.0000"
"1993","140000","山西省","65316.0000","40699.0000","24617.0000"
"1993","150000","内蒙古自治区","99151.0000","48483.0000","50668.0000"
"1993","210000","辽宁省","851980.0000","516834.0000","335146.0000"
"1993","220000","吉林省","250542.0000","120472.0000","130070.0000"
"1993","230000","黑龙江省","330012.0000","168677.0000","161335.0000"
"1993","310000","上海市","1450028.0000","656564.0000","793464.0000"
"1993","320000","江苏省","924469.0000","465117.0000","459352.0000"
"1993","330000","浙江省","673008.0000","432052.0000","240956.0000"
"1993","340000","安徽省","123896.0000","78472.0000","45424.0000"
"1993","350000","福建省","1003808.0000","515636.0000","488172.0000"
"1993","360000","江西省","116747.0000","61415.0000","55332.0000"
"1993","370000","山东省","727936.0000","419987.0000","307949.0000"
"1993","410000","河南省","130931.0000","75053.0000","55878.0000"
"1993","420000","湖北省","222820.0000","122731.0000","100089.0000"
"1993","430000","湖南省","173281.0000","113765.0000","59516.0000"
"1993","440000","广东省","7834492.0000","3738838.0000","4095654.0000"
"1993","450000","广西壮族自治区","205805.0000","89317.0000","116488.0000"
"1993","460000","海南省","251797.0000","91992.0000","159805.0000"
"1993","510000","四川省","223043.0000","115595.0000","107448.0000"
"1993","520000","贵州省","34338.0000","20033.0000","14305.0000"
"1993","530000","云南省","117165.0000","79653.0000","37512.0000"
"1993","540000","西藏自治区","18870.0000","10391.0000","8479.0000"
"1993","610000","陕西省","131394.0000","73488.0000","57906.0000"
"1993","620000","甘肃省","39905.0000","21908.0000","17997.0000"
"1993","630000","青海省","10121.0000","7630.0000","2491.0000"
"1993","640000","宁夏回族自治区","10231.0000","6317.0000","3914.0000"
"1993","650000","新疆维吾尔自治区","78607.0000","37523.0000","41084.0000"
"1994","110000","北京市","2927426.0000","834205.0000","2093221.0000"
"1994","120000","天津市","554529.0000","269121.0000","285408.0000"
"1994","130000","河北省","315682.0000","230266.0000","85416.0000"
"1994","140000","山西省","83887.0000","65397.0000","18490.0000"
"1994","150000","内蒙古自治区","92482.0000","47441.0000","45041.0000"
"1994","210000","辽宁省","1023753.0000","605320.0000","418433.0000"
"1994","220000","吉林省","279080.0000","136597.0000","142483.0000"
"1994","230000","黑龙江省","242759.0000","124272.0000","118487.0000"
"1994","310000","上海市","1806221.0000","915722.0000","890499.0000"
"1994","320000","江苏省","1175685.0000","668450.0000","507235.0000"
"1994","330000","浙江省","898715.0000","608499.0000","290216.0000"
"1994","340000","安徽省","156644.0000","104641.0000","52003.0000"
"1994","350000","福建省","1218953.0000","643020.0000","575933.0000"
"1994","360000","江西省","130702.0000","80539.0000","50163.0000"
"1994","370000","山东省","961950.0000","586536.0000","375414.0000"
"1994","410000","河南省","163550.0000","102380.0000","61170.0000"
"1994","420000","湖北省","274586.0000","171560.0000","103026.0000"
"1994","430000","湖南省","215111.0000","154338.0000","60773.0000"
"1994","440000","广东省","9665215.0000","5019850.0000","4645365.0000"
"1994","450000","广西壮族自治区","303700.0000","129038.0000","174662.0000"
"1994","460000","海南省","276046.0000","95298.0000","180748.0000"
"1994","510000","四川省","309850.0000","180430.0000","129420.0000"
"1994","520000","贵州省","46872.0000","30408.0000","16464.0000"
"1994","530000","云南省","163181.0000","96526.0000","66655.0000"
"1994","540000","西藏自治区","64736.0000","4487.0000","60249.0000"
"1994","610000","陕西省","142016.0000","95790.0000","46226.0000"
"1994","620000","甘肃省","50286.0000","34687.0000","15599.0000"
"1994","630000","青海省","15253.0000","12627.0000","2626.0000"
"1994","640000","宁夏回族自治区","17294.0000","10923.0000","6371.0000"
"1994","650000","新疆维吾尔自治区","85832.0000","42264.0000","43568.0000"
"1995","110000","北京市","3703513.0000","1024977.0000","2678536.0000"
"1995","120000","天津市","804358.0000","406407.0000","397951.0000"
"1995","130000","河北省","391775.0000","286561.0000","105214.0000"
"1995","140000","山西省","140228.0000","114255.0000","25973.0000"
"1995","150000","内蒙古自治区","99723.0000","49968.0000","49755.0000"
"1995","210000","辽宁省","1319890.0000","824357.0000","495533.0000"
"1995","220000","吉林省","260704.0000","109673.0000","151031.0000"
"1995","230000","黑龙江省","238645.0000","116640.0000","122005.0000"
"1995","310000","上海市","2435732.0000","1296379.0000","1139353.0000"
"1995","320000","江苏省","1630988.0000","978926.0000","652062.0000"
"1995","330000","浙江省","1150972.0000","769242.0000","381730.0000"
"1995","340000","安徽省","200801.0000","139305.0000","61496.0000"
"1995","350000","福建省","1444560.0000","790795.0000","653765.0000"
"1995","360000","江西省","132315.0000","104194.0000","28121.0000"
"1995","370000","山东省","1394352.0000","816017.0000","578335.0000"
"1995","410000","河南省","222904.0000","135745.0000","87159.0000"
"1995","420000","湖北省","340421.0000","197968.0000","142453.0000"
"1995","430000","湖南省","203888.0000","147015.0000","56873.0000"
"1995","440000","广东省","10392226.0000","5657260.0000","4734966.0000"
"1995","450000","广西壮族自治区","309070.0000","170198.0000","138872.0000"
"1995","460000","海南省","235572.0000","92323.0000","143249.0000"
"1995","510000","四川省","347996.0000","226951.0000","121045.0000"
"1995","520000","贵州省","66427.0000","44269.0000","22158.0000"
"1995","530000","云南省","214784.0000","125734.0000","89050.0000"
"1995","540000","西藏自治区","21722.0000","868.0000","20854.0000"
"1995","610000","陕西省","168287.0000","126844.0000","41443.0000"
"1995","620000","甘肃省","59952.0000","36027.0000","23925.0000"
"1995","630000","青海省","15397.0000","12999.0000","2398.0000"
"1995","640000","宁夏回族自治区","21963.0000","16849.0000","5114.0000"
"1995","650000","新疆维吾尔自治区","117146.0000","59211.0000","57935.0000"
"1996","110000","北京市","2931833.0000","811975.0000","2119858.0000"
"1996","120000","天津市","954405.0000","465082.0000","489323.0000"
"1996","130000","河北省","419269.0000","307839.0000","111430.0000"
"1996","140000","山西省","116376.0000","93212.0000","23164.0000"
"1996","150000","内蒙古自治区","104991.0000","52073.0000","52918.0000"
"1996","210000","辽宁省","1406871.0000","863683.0000","543188.0000"
"1996","220000","吉林省","210366.0000","97188.0000","113178.0000"
"1996","230000","黑龙江省","244748.0000","108039.0000","136709.0000"
"1996","310000","上海市","2713885.0000","1302879.0000","1411006.0000"
"1996","320000","江苏省","2069761.0000","1159872.0000","909889.0000"
"1996","330000","浙江省","1252851.0000","803918.0000","448933.0000"
"1996","340000","安徽省","222141.0000","131352.0000","90789.0000"
"1996","350000","福建省","1551259.0000","838269.0000","712990.0000"
"1996","360000","江西省","111549.0000","85097.0000","26452.0000"
"1996","370000","山东省","1616405.0000","918127.0000","698278.0000"
"1996","410000","河南省","196826.0000","123919.0000","72907.0000"
"1996","420000","湖北省","286164.0000","152549.0000","133615.0000"
"1996","430000","湖南省","186567.0000","135294.0000","51273.0000"
"1996","440000","广东省","10991006.0000","5934099.0000","5056907.0000"
"1996","450000","广西壮族自治区","202605.0000","126901.0000","75704.0000"
"1996","460000","海南省","226286.0000","65849.0000","160437.0000"
"1996","510000","四川省","373182.0000","175690.0000","197492.0000"
"1996","520000","贵州省","48548.0000","35498.0000","13050.0000"
"1996","530000","云南省","184976.0000","104380.0000","80596.0000"
"1996","540000","西藏自治区","17663.0000","2074.0000","15589.0000"
"1996","610000","陕西省","174486.0000","108539.0000","65947.0000"
"1996","620000","甘肃省","47362.0000","27331.0000","20031.0000"
"1996","630000","青海省","12802.0000","11347.0000","1455.0000"
"1996","640000","宁夏回族自治区","18975.0000","15468.0000","3507.0000"
"1996","650000","新疆维吾尔自治区","93872.0000","47210.0000","46662.0000"
"1997","110000","北京市","3038852.0000","961103.0000","2077749.0000"
"1997","120000","天津市","1033137.0000","524387.0000","508750.0000"
"1997","130000","河北省","410328.0000","323902.0000","86426.0000"
"1997","140000","山西省","134062.0000","112812.0000","21250.0000"
"1997","150000","内蒙古自治区","107301.0000","65540.0000","41761.0000"
"1997","210000","辽宁省","1490552.0000","915645.0000","574907.0000"
"1997","220000","吉林省","185359.0000","93233.0000","92126.0000"
"1997","230000","黑龙江省","246456.0000","130872.0000","115584.0000"
"1997","310000","上海市","2979998.0000","1506897.0000","1473101.0000"
"1997","320000","江苏省","2362899.0000","1409624.0000","953275.0000"
"1997","330000","浙江省","1424222.0000","1008533.0000","415689.0000"
"1997","340000","安徽省","237752.0000","154783.0000","82969.0000"
"1997","350000","福建省","1818909.0000","1026480.0000","792429.0000"
"1997","360000","江西省","133239.0000","111394.0000","21845.0000"
"1997","370000","山东省","1764399.0000","1096569.0000","667830.0000"
"1997","410000","河南省","189107.0000","128071.0000","61036.0000"
"1997","420000","湖北省","320471.0000","192075.0000","128396.0000"
"1997","430000","湖南省","189342.0000","144697.0000","44645.0000"
"1997","440000","广东省","13004734.0000","7453952.0000","5550782.0000"
"1997","450000","广西壮族自治区","286631.0000","227924.0000","58707.0000"
"1997","460000","海南省","192684.0000","79901.0000","112783.0000"
"1997","500000","重庆市","166310.0000","75562.0000","90748.0000"
"1997","510000","四川省","182301.0000","127529.0000","54772.0000"
"1997","520000","贵州省","62924.0000","44421.0000","18503.0000"
"1997","530000","云南省","167893.0000","113511.0000","54382.0000"
"1997","540000","西藏自治区","17558.0000","3742.0000","13816.0000"
"1997","610000","陕西省","173109.0000","122814.0000","50295.0000"
"1997","620000","甘肃省","47844.0000","35940.0000","11904.0000"
"1997","630000","青海省","12860.0000","11659.0000","1201.0000"
"1997","640000","宁夏回族自治区","22603.0000","18616.0000","3987.0000"
"1997","650000","新疆维吾尔自治区","112366.0000","56978.0000","55388.0000"
"1998","110000","北京市","3050608.0000","1051293.0000","1999315.0000"
"1998","120000","天津市","1061384.0000","549874.0000","511510.0000"
"1998","130000","河北省","422732.0000","311617.0000","111115.0000"
"1998","140000","山西省","111113.0000","89321.0000","21792.0000"
"1998","150000","内蒙古自治区","96294.0000","52579.0000","43715.0000"
"1998","210000","辽宁省","1274402.0000","805499.0000","468903.0000"
"1998","220000","吉林省","165191.0000","74809.0000","90382.0000"
"1998","230000","黑龙江省","201955.0000","90863.0000","111092.0000"
"1998","310000","上海市","3137623.0000","1594674.0000","1542949.0000"
"1998","320000","江苏省","2634158.0000","1561997.0000","1072161.0000"
"1998","330000","浙江省","1485100.0000","1086335.0000","398765.0000"
"1998","340000","安徽省","233149.0000","151214.0000","81935.0000"
"1998","350000","福建省","1715296.0000","995794.0000","719502.0000"
"1998","360000","江西省","124628.0000","101732.0000","22896.0000"
"1998","370000","山东省","1671389.0000","1044385.0000","627004.0000"
"1998","410000","河南省","173372.0000","118698.0000","54674.0000"
"1998","420000","湖北省","283213.0000","170757.0000","112456.0000"
"1998","430000","湖南省","178172.0000","128261.0000","49911.0000"
"1998","440000","广东省","12979804.0000","7561766.0000","5418038.0000"
"1998","450000","广西壮族自治区","240910.0000","180415.0000","60495.0000"
"1998","460000","海南省","174323.0000","76492.0000","97831.0000"
"1998","500000","重庆市","103396.0000","51411.0000","51985.0000"
"1998","510000","四川省","209274.0000","117112.0000","92162.0000"
"1998","520000","贵州省","62761.0000","38787.0000","23974.0000"
"1998","530000","云南省","164380.0000","112214.0000","52166.0000"
"1998","540000","西藏自治区","11959.0000","4758.0000","7201.0000"
"1998","610000","陕西省","205062.0000","117582.0000","87480.0000"
"1998","620000","甘肃省","44788.0000","34475.0000","10313.0000"
"1998","630000","青海省","11774.0000","10405.0000","1369.0000"
"1998","640000","宁夏回族自治区","23895.0000","21037.0000","2858.0000"
"1998","650000","新疆维吾尔自治区","152483.0000","74751.0000","77732.0000"
"1999","110000","北京市","3435951.0000","990352.0000","2445599.0000"
"1999","120000","天津市","1260094.0000","633134.0000","626960.0000"
"1999","130000","河北省","457995.0000","311914.0000","146081.0000"
"1999","140000","山西省","128750.0000","83951.0000","44799.0000"
"1999","150000","内蒙古自治区","129415.0000","53460.0000","75955.0000"
"1999","210000","辽宁省","1371832.0000","819988.0000","551844.0000"
"1999","220000","吉林省","221234.0000","101877.0000","119357.0000"
"1999","230000","黑龙江省","219830.0000","95714.0000","124116.0000"
"1999","310000","上海市","3861812.0000","1879958.0000","1981854.0000"
"1999","320000","江苏省","3125741.0000","1830582.0000","1295159.0000"
"1999","330000","浙江省","1830561.0000","1287144.0000","543417.0000"
"1999","340000","安徽省","264844.0000","167607.0000","97237.0000"
"1999","350000","福建省","1761919.0000","1035166.0000","726753.0000"
"1999","360000","江西省","131382.0000","90606.0000","40776.0000"
"1999","370000","山东省","1826698.0000","1157645.0000","669053.0000"
"1999","410000","河南省","174885.0000","112730.0000","62155.0000"
"1999","420000","湖北省","267762.0000","151229.0000","116533.0000"
"1999","430000","湖南省","195546.0000","128187.0000","67359.0000"
"1999","440000","广东省","14034241.0000","7768679.0000","6265562.0000"
"1999","450000","广西壮族自治区","175340.0000","124721.0000","50619.0000"
"1999","460000","海南省","121704.0000","74725.0000","46979.0000"
"1999","500000","重庆市","120879.0000","49038.0000","71841.0000"
"1999","510000","四川省","246847.0000","113851.0000","132996.0000"
"1999","520000","贵州省","54758.0000","35775.0000","18983.0000"
"1999","530000","云南省","166011.0000","103455.0000","62556.0000"
"1999","540000","西藏自治区","16645.0000","8627.0000","8018.0000"
"1999","610000","陕西省","200576.0000","115084.0000","85492.0000"
"1999","620000","甘肃省","40627.0000","31703.0000","8924.0000"
"1999","630000","青海省","10785.0000","8686.0000","2099.0000"
"1999","640000","宁夏回族自治区","31799.0000","24765.0000","7034.0000"
"1999","650000","新疆维吾尔自治区","176535.0000","102734.0000","73801.0000"
"2000","110000","北京市","4962189.0000","1196813.0000","3765376.0000"
"2000","120000","天津市","1715400.0000","862578.0000","852822.0000"
"2000","130000","河北省","523862.0000","371000.0000","152862.0000"
"2000","140000","山西省","176438.0000","123687.0000","52751.0000"
"2000","150000","内蒙古自治区","262205.0000","97017.0000","165188.0000"
"2000","210000","辽宁省","1903148.0000","1085632.0000","817516.0000"
"2000","220000","吉林省","257042.0000","125683.0000","131359.0000"
"2000","230000","黑龙江省","298637.0000","145118.0000","153519.0000"
"2000","310000","上海市","5470802.0000","2535233.0000","2935569.0000"
"2000","320000","江苏省","4563636.0000","2576683.0000","1986953.0000"
"2000","330000","浙江省","2783262.0000","1944275.0000","838987.0000"
"2000","340000","安徽省","334684.0000","217198.0000","117486.0000"
"2000","350000","福建省","2122046.0000","1290607.0000","831439.0000"
"2000","360000","江西省","162405.0000","119741.0000","42664.0000"
"2000","370000","山东省","2498976.0000","1552884.0000","946092.0000"
"2000","410000","河南省","228290.0000","149578.0000","78712.0000"
"2000","420000","湖北省","322286.0000","193555.0000","128731.0000"
"2000","430000","湖南省","251222.0000","165271.0000","85951.0000"
"2000","440000","广东省","17009888.0000","9191770.0000","7818118.0000"
"2000","450000","广西壮族自治区","203379.0000","148891.0000","54488.0000"
"2000","460000","海南省","128786.0000","80289.0000","48497.0000"
"2000","500000","重庆市","178590.0000","99566.0000","79024.0000"
"2000","510000","四川省","254520.0000","139437.0000","115083.0000"
"2000","520000","贵州省","65998.0000","42056.0000","23942.0000"
"2000","530000","云南省","181276.0000","117509.0000","63767.0000"
"2000","540000","西藏自治区","13031.0000","11334.0000","1697.0000"
"2000","610000","陕西省","214008.0000","131005.0000","83003.0000"
"2000","620000","甘肃省","56953.0000","41495.0000","15458.0000"
"2000","630000","青海省","15973.0000","11200.0000","4773.0000"
"2000","640000","宁夏回族自治区","44292.0000","32737.0000","11555.0000"
"2000","650000","新疆维吾尔自治区","226404.0000","120413.0000","105991.0000"
"2001","110000","北京市","5149809.0000","1177236.0000","3972572.0000"
"2001","120000","天津市","1816714.0000","948719.0000","867995.0000"
"2001","130000","河北省","573181.0000","395474.0000","177708.0000"
"2001","140000","山西省","193900.0000","146626.0000","47274.0000"
"2001","210000","辽宁省","1979199.0000","1099969.0000","879230.0000"
"2001","220000","吉林省","320671.0000","146155.0000","174517.0000"
"2001","310000","上海市","6088332.0000","2762133.0000","3326199.0000"
"2001","320000","江苏省","5134775.0000","2886988.0000","2247787.0000"
"2001","330000","浙江省","3279667.0000","2297428.0000","982239.0000"
"2001","340000","安徽省","361515.0000","228191.0000","133324.0000"
"2001","350000","福建省","2262240.0000","1392124.0000","870116.0000"
"2001","360000","江西省","153096.0000","103908.0000","49188.0000"
"2001","370000","山东省","2894979.0000","1811694.0000","1083285.0000"
"2001","410000","河南省","278047.0000","170361.0000","107686.0000"
"2001","420000","湖北省","357720.0000","179679.0000","178041.0000"
"2001","430000","湖南省","275792.0000","175294.0000","100498.0000"
"2001","440000","广东省","17648675.0000","9542085.0000","8106590.0000"
"2001","450000","广西壮族自治区","179700.0000","123534.0000","56167.0000"
"2001","460000","海南省","174692.0000","79785.0000","94908.0000"
"2001","500000","重庆市","183391.0000","110255.0000","73136.0000"
"2001","510000","四川省","309878.0000","158234.0000","151644.0000"
"2001","520000","贵州省","64642.0000","42174.0000","22468.0000"
"2001","530000","云南省","198832.0000","124400.0000","74432.0000"
"2001","540000","西藏自治区","9291.0000","8237.0000","1054.0000"
"2001","610000","陕西省","206066.0000","110778.0000","95287.0000"
"2001","620000","甘肃省","77825.0000","47568.0000","30256.0000"
"2001","630000","青海省","20490.0000","14913.0000","5577.0000"
"2001","640000","宁夏回族自治区","53273.0000","35180.0000","18093.0000"
"2001","650000","新疆维吾尔自治区","176864.0000","66837.0000","110027.0000"
"2001","150000","内蒙古自治区","203462.0000","62698.0000","140765.0000"
"2001","230000","黑龙江省","338392.0000","161166.0000","177226.0000"
"2002","110000","北京市","5250529.0000","1261386.0000","3989142.0000"
"2002","120000","天津市","2281140.0000","1163169.0000","1117972.0000"
"2002","130000","河北省","666525.0000","459411.0000","207114.0000"
"2002","140000","山西省","231154.0000","166161.0000","64993.0000"
"2002","150000","内蒙古自治区","243402.0000","80667.0000","162736.0000"
"2002","210000","辽宁省","2173965.0000","1236656.0000","937309.0000"
"2002","220000","吉林省","370248.0000","176849.0000","193398.0000"
"2002","230000","黑龙江省","434915.0000","198665.0000","236251.0000"
"2002","310000","上海市","7262711.0000","3203739.0000","4058972.0000"
"2002","320000","江苏省","7028854.0000","3846512.0000","3182342.0000"
"2002","330000","浙江省","4195576.0000","2941068.0000","1254508.0000"
"2002","340000","安徽省","418097.0000","245313.0000","172784.0000"
"2002","350000","福建省","2839737.0000","1737063.0000","1102674.0000"
"2002","360000","江西省","169447.0000","105198.0000","64249.0000"
"2002","370000","山东省","3393448.0000","2110783.0000","1282665.0000"
"2002","410000","河南省","320316.0000","211862.0000","108454.0000"
"2002","420000","湖北省","395314.0000","209826.0000","185488.0000"
"2002","430000","湖南省","287584.0000","179528.0000","108055.0000"
"2002","440000","广东省","22109631.0000","11846274.0000","10263357.0000"
"2002","450000","广西壮族自治区","243049.0000","150746.0000","92303.0000"
"2002","460000","海南省","186680.0000","81930.0000","104749.0000"
"2002","500000","重庆市","179307.0000","109101.0000","70206.0000"
"2002","510000","四川省","446853.0000","271163.0000","175690.0000"
"2002","520000","贵州省","69147.0000","44183.0000","24964.0000"
"2002","530000","云南省","222676.0000","142971.0000","79705.0000"
"2002","540000","西藏自治区","13037.0000","8112.0000","4925.0000"
"2002","610000","陕西省","222403.0000","137603.0000","84800.0000"
"2002","620000","甘肃省","87740.0000","54891.0000","32849.0000"
"2002","630000","青海省","19664.0000","15100.0000","4565.0000"
"2002","640000","宁夏回族自治区","44291.0000","32818.0000","11473.0000"
"2002","650000","新疆维吾尔自治区","269170.0000","130850.0000","138320.0000"
"2003","110000","北京市","6850017.0000","1688682.0000","5161335.0000"
"2003","120000","天津市","2934244.0000","1434940.0000","1499304.0000"
"2003","130000","河北省","897825.0000","592754.0000","305071.0000"
"2003","140000","山西省","309013.0000","227202.0000","81811.0000"
"2003","150000","内蒙古自治区","282902.0000","115569.0000","167333.0000"
"2003","210000","辽宁省","2650917.0000","1457935.0000","1192982.0000"
"2003","220000","吉林省","614841.0000","218228.0000","396613.0000"
"2003","230000","黑龙江省","532940.0000","287426.0000","245514.0000"
"2003","310000","上海市","11233955.0000","4845296.0000","6388659.0000"
"2003","320000","江苏省","11361740.0000","5911302.0000","5450438.0000"
"2003","330000","浙江省","6141081.0000","4159497.0000","1981584.0000"
"2003","340000","安徽省","594781.0000","306363.0000","288418.0000"
"2003","350000","福建省","3532553.0000","2113173.0000","1419380.0000"
"2003","360000","江西省","252806.0000","150490.0000","102315.0000"
"2003","370000","山东省","4463682.0000","2655706.0000","1807977.0000"
"2003","410000","河南省","471217.0000","297929.0000","173288.0000"
"2003","420000","湖北省","510930.0000","265537.0000","245393.0000"
"2003","430000","湖南省","373236.0000","214585.0000","158651.0000"
"2003","440000","广东省","28352477.0000","15284823.0000","13067654.0000"
"2003","450000","广西壮族自治区","318675.0000","196992.0000","121683.0000"
"2003","460000","海南省","227492.0000","86620.0000","140871.0000"
"2003","500000","重庆市","259476.0000","158499.0000","100977.0000"
"2003","510000","四川省","563429.0000","320871.0000","242558.0000"
"2003","520000","贵州省","98433.0000","58798.0000","39635.0000"
"2003","530000","云南省","266913.0000","167659.0000","99254.0000"
"2003","540000","西藏自治区","15986.0000","12126.0000","3860.0000"
"2003","610000","陕西省","278262.0000","173414.0000","104848.0000"
"2003","620000","甘肃省","132714.0000","87720.0000","44994.0000"
"2003","630000","青海省","33914.0000","27389.0000","6525.0000"
"2003","640000","宁夏回族自治区","65323.0000","51195.0000","14128.0000"
"2003","650000","新疆维吾尔自治区","476986.0000","254055.0000","222931.0000"
"2004","110000","北京市","9457572.5000","2056925.6000","7400646.9000"
"2004","120000","天津市","4202860.6000","2085175.2000","2117685.4000"
"2004","130000","河北省","1352585.1000","933925.9000","418659.2000"
"2004","140000","山西省","538248.7000","403446.8000","134801.9000"
"2004","150000","内蒙古自治区","372170.6000","135446.5000","236724.1000"
"2004","210000","辽宁省","3441086.2000","1891350.6000","1549735.5000"
"2004","220000","吉林省","679044.8000","171474.7000","507570.0000"
"2004","230000","黑龙江省","678899.5000","368068.5000","310831.0000"
"2004","310000","上海市","16000992.0000","7350525.5000","8650466.5000"
"2004","320000","江苏省","17084900.7000","8749422.5000","8335478.2000"
"2004","330000","浙江省","8520488.2000","5813854.1000","2706634.2000"
"2004","340000","安徽省","721155.5000","393681.3000","327474.2000"
"2004","350000","福建省","4752701.3000","2939475.5000","1813225.8000"
"2004","360000","江西省","352794.8000","199475.4000","153319.4000"
"2004","370000","山东省","6065822.2000","3584451.9000","2481370.3000"
"2004","410000","河南省","661955.3000","417464.0000","244491.3000"
"2004","420000","湖北省","676580.9000","338219.4000","338361.5000"
"2004","430000","湖南省","544351.5000","310643.4000","233708.2000"
"2004","440000","广东省","35713062.2000","19157104.4000","16555957.8000"
"2004","450000","广西壮族自治区","427722.1000","238558.5000","189163.5000"
"2004","460000","海南省","340169.4000","109254.7000","230914.7000"
"2004","500000","重庆市","385714.7000","209074.7000","176640.0000"
"2004","510000","四川省","686698.7000","397970.2000","288728.4000"
"2004","520000","贵州省","151372.7000","86660.5000","64712.2000"
"2004","530000","云南省","374116.9000","223861.1000","150255.8000"
"2004","540000","西藏自治区","19989.2000","13022.4000","6966.8000"
"2004","610000","陕西省","364238.3000","239657.7000","124580.6000"
"2004","620000","甘肃省","176314.5000","99637.7000","76676.8000"
"2004","630000","青海省","57551.5000","45476.2000","12075.3000"
"2004","640000","宁夏回族自治区","90820.9000","64626.2000","26194.7000"
"2004","650000","新疆维吾尔自治区","563451.7000","304627.0000","258824.7000"
"2005","110000","北京市","12550642.5270","3086590.0635","9464052.4635"
"2005","120000","天津市","5327680.4464","2738088.0827","2589592.3637"
"2005","130000","河北省","1607035.3327","1092429.8623","514605.4704"
"2005","140000","山西省","554565.4903","352849.3916","201716.0987"
"2005","150000","内蒙古自治区","487625.3762","177362.4464","310262.9298"
"2005","210000","辽宁省","4101326.5141","2343832.1600","1757494.3541"
"2005","220000","吉林省","652772.3077","246615.5791","406156.7286"
"2005","230000","黑龙江省","956601.7204","606943.7064","349658.0140"
"2005","310000","上海市","18633673.7900","9071751.9268","9561921.8632"
"2005","320000","江苏省","22792276.2364","12296671.2317","10495605.0047"
"2005","330000","浙江省","10738965.5671","7680244.7547","3058720.8124"
"2005","340000","安徽省","911938.8452","518850.4383","393088.4069"
"2005","350000","福建省","5441118.7405","3484186.8300","1956931.9105"
"2005","360000","江西省","406460.6134","243933.9716","162526.6418"
"2005","370000","山东省","7673587.1732","4612289.3490","3061297.8242"
"2005","410000","河南省","772491.8298","508753.2559","263738.5739"
"2005","420000","湖北省","905475.1693","442868.3699","462606.7994"
"2005","430000","湖南省","600018.9144","374713.5894","225305.3250"
"2005","440000","广东省","42796496.6550","23815882.9909","18980613.6641"
"2005","450000","广西壮族自治区","518150.3754","287663.4326","230486.9428"
"2005","460000","海南省","254233.7919","102254.4184","151979.3735"
"2005","500000","重庆市","429284.2153","252057.7557","177226.4596"
"2005","510000","四川省","790196.3806","470160.5127","320035.8679"
"2005","520000","贵州省","140357.1971","85893.7315","54463.4656"
"2005","530000","云南省","474344.0952","264172.5264","210171.5688"
"2005","540000","西藏自治区","20546.8390","16538.2891","4008.5499"
"2005","610000","陕西省","457686.8090","307688.6793","149998.1297"
"2005","620000","甘肃省","263027.4208","109099.5351","153927.8857"
"2005","630000","青海省","41330.6953","32319.7957","9010.8996"
"2005","640000","宁夏回族自治区","96657.4213","68742.3775","27915.0438"
"2005","650000","新疆维吾尔自治区","794048.6754","503891.8993","290156.7761"
"2006","110000","北京市","15803662.7717","3795397.8576","12008264.9141"
"2006","120000","天津市","6446193.9796","3349077.5912","3097116.3884"
"2006","130000","河北省","1853087.7341","1283399.5610","569688.1731"
"2006","140000","山西省","662709.8994","413962.5021","248747.3973"
"2006","150000","内蒙古自治区","596082.0083","214050.1394","382031.8689"
"2006","210000","辽宁省","4839024.0485","2831941.5198","2007082.5287"
"2006","220000","吉林省","791403.7825","299664.5879","491739.1946"
"2006","230000","黑龙江省","1285654.6715","843595.0586","442059.6129"
"2006","310000","上海市","22752419.5867","11358926.7729","11393492.8138"
"2006","320000","江苏省","28397838.3608","16040962.4707","12356875.8901"
"2006","330000","浙江省","13914160.7481","10089055.7861","3825104.9620"
"2006","340000","安徽省","1224513.6262","683774.7535","540738.8727"
"2006","350000","福建省","6265963.3055","4126174.3712","2139788.9343"
"2006","360000","江西省","619486.3491","375301.7982","244184.5509"
"2006","370000","山东省","9521381.4580","5859833.6556","3661547.8024"
"2006","410000","河南省","979456.6184","663440.2077","316016.4107"
"2006","420000","湖北省","1176219.3916","626062.7039","550156.6877"
"2006","430000","湖南省","735225.6160","509182.2059","226043.4101"
"2006","440000","广东省","52719909.5538","30194642.9016","22525266.6522"
"2006","450000","广西壮族自治区","666756.1614","359297.2109","307458.9505"
"2006","460000","海南省","284620.8141","137562.0774","147058.7367"
"2006","500000","重庆市","546967.9029","335102.2788","211865.6241"
"2006","510000","四川省","1102081.9335","662411.8010","439670.1325"
"2006","520000","贵州省","161771.2981","103843.4627","57927.8354"
"2006","530000","云南省","622483.6479","339149.2245","283334.4234"
"2006","540000","西藏自治区","32837.6570","22221.7785","10615.8785"
"2006","610000","陕西省","536028.8513","362960.5833","173068.2680"
"2006","620000","甘肃省","382493.1691","150960.0918","231533.0773"
"2006","630000","青海省","65172.4082","53419.9900","11752.4182"
"2006","640000","宁夏回族自治区","143712.6931","94262.3285","49450.3646"
"2006","650000","新疆维吾尔自治区","910326.8399","713922.8290","196404.0109"
"2007","110000","北京市","19299976.1000","4892639.4000","14407336.7000"
"2007","120000","天津市","7144973.3000","3807405.2000","3337568.1000"
"2007","130000","河北省","2552341.0000","1700040.6000","852300.9000"
"2007","140000","山西省","1157948.3000","653249.2000","504699.1000"
"2007","150000","内蒙古自治区","773588.5000","294439.4000","479149.1000"
"2007","210000","辽宁省","5947434.5000","3532408.9000","2415025.6000"
"2007","220000","吉林省","1029800.1000","385705.6000","644094.5000"
"2007","230000","黑龙江省","1729659.3000","1225712.2000","503947.1000"
"2007","310000","上海市","28285387.8000","14384610.8000","13900777.0000"
"2007","320000","江苏省","34947178.6000","20360978.0000","14586200.6000"
"2007","330000","浙江省","17684736.8000","12826397.3000","4858339.5000"
"2007","340000","安徽省","1593228.6000","881373.4000","711855.2000"
"2007","350000","福建省","7444738.1000","4993757.3000","2450980.8000"
"2007","360000","江西省","944854.1000","544458.7000","400395.4000"
"2007","370000","山东省","12247444.3000","7511010.5000","4736433.8000"
"2007","410000","河南省","1278512.7000","837491.6000","441021.1000"
"2007","420000","湖北省","1486895.4000","817293.9000","669601.5000"
"2007","430000","湖南省","968585.3000","651539.7000","317045.6000"
"2007","440000","广东省","63418595.4000","36931608.8000","26486986.6000"
"2007","450000","广西壮族自治区","925899.7000","510915.7000","414984.0000"
"2007","460000","海南省","351441.1000","136445.8000","214995.3000"
"2007","500000","重庆市","743794.4000","450720.7000","293073.7000"
"2007","510000","四川省","1437812.4000","860595.9000","577216.5000"
"2007","520000","贵州省","227030.0000","146546.6000","80483.4000"
"2007","530000","云南省","879356.7000","476827.9000","402528.8000"
"2007","540000","西藏自治区","39346.4000","32636.4000","6710.0000"
"2007","610000","陕西省","688733.9000","467524.9000","221209.0000"
"2007","620000","甘肃省","552367.0000","165865.7000","386501.3000"
"2007","630000","青海省","61207.3000","38591.3000","22616.0000"
"2007","640000","宁夏回族自治区","158151.5000","108567.4000","49584.1000"
"2007","650000","新疆维吾尔自治区","1371582.8000","1150217.0000","221365.8000"
"2008","110000","北京市","27169289.9000","5749960.9000","21419329.0000"
"2008","120000","天津市","8040083.6000","4210299.1000","3829784.6000"
"2008","130000","河北省","3842053.3000","2400412.1000","1441641.2000"
"2008","140000","山西省","1439505.7000","925311.6000","514194.0000"
"2008","150000","内蒙古自治区","891848.3000","359185.0000","532663.3000"
"2008","210000","辽宁省","7243384.9000","4206949.7000","3036435.2000"
"2008","220000","吉林省","1333212.5000","477162.9000","856049.6000"
"2008","230000","黑龙江省","2313059.3000","1680624.4000","632434.8000"
"2008","310000","上海市","32205531.0000","16914514.2000","15291016.7000"
"2008","320000","江苏省","39227193.0000","23802940.8000","15424252.2000"
"2008","330000","浙江省","21113373.0000","15429623.0000","5683749.9000"
"2008","340000","安徽省","2018384.8000","1136411.1000","881973.7000"
"2008","350000","福建省","8482106.8000","5699184.3000","2782922.5000"
"2008","360000","江西省","1361793.1000","772665.6000","589127.5000"
"2008","370000","山东省","15840751.1000","9319478.5000","6521272.7000"
"2008","410000","河南省","1747933.7000","1071889.7000","676044.0000"
"2008","420000","湖北省","2070567.0000","1170890.9000","899676.1000"
"2008","430000","湖南省","1254719.4000","841288.4000","413431.0000"
"2008","440000","广东省","68496879.8000","40566446.8000","27930433.0000"
"2008","450000","广西壮族自治区","1323616.8000","734744.4000","588872.4000"
"2008","460000","海南省","452851.7000","158719.8000","294131.9000"
"2008","500000","重庆市","952139.4000","572204.9000","379934.5000"
"2008","510000","四川省","2211364.7000","1313248.5000","898116.3000"
"2008","520000","贵州省","336620.8000","190077.5000","146543.2000"
"2008","530000","云南省","959691.6000","498441.3000","461250.3000"
"2008","540000","西藏自治区","76582.9000","70757.2000","5825.7000"
"2008","610000","陕西省","832882.6000","538081.7000","294800.9000"
"2008","620000","甘肃省","609543.3000","160135.4000","449407.9000"
"2008","630000","青海省","68882.3000","41910.0000","26972.3000"
"2008","640000","宁夏回族自治区","187940.4000","125836.8000","62103.6000"
"2008","650000","新疆维吾尔自治区","2221736.0000","1929910.0000","291826.0000"
"2009","110000","北京市","21473305.3000","4837932.0000","16635373.3000"
"2009","120000","天津市","6383123.4000","2989271.9000","3393851.5000"
"2009","130000","河北省","2962725.2000","1568890.2000","1393835.1000"
"2009","140000","山西省","856903.2000","283745.5000","573157.7000"
"2009","150000","内蒙古自治区","677406.6000","231547.6000","445859.0000"
"2009","210000","辽宁省","6293437.8000","3341492.8000","2951944.9000"
"2009","220000","吉林省","1174240.7000","312493.5000","861747.3000"
"2009","230000","黑龙江省","1622951.3000","1008212.7000","614738.6000"
"2009","310000","上海市","27771361.1000","14179602.7000","13591758.4000"
"2009","320000","江苏省","33873970.3000","19919919.0000","13954051.3000"
"2009","330000","浙江省","18773086.3000","13301295.4000","5471790.9000"
"2009","340000","安徽省","1567772.6000","888648.7000","679123.9000"
"2009","350000","福建省","7964959.2000","5331911.0000","2633048.3000"
"2009","360000","江西省","1277878.2000","736848.8000","541029.5000"
"2009","370000","山东省","13905336.9000","7949070.6000","5956266.3000"
"2009","410000","河南省","1347641.5000","734537.6000","613103.9000"
"2009","420000","湖北省","1725101.5000","997879.6000","727221.9000"
"2009","430000","湖南省","1014946.6000","549203.4000","465743.2000"
"2009","440000","广东省","61109404.9000","35895489.3000","25213915.6000"
"2009","450000","广西壮族自治区","1425472.6000","837537.0000","587935.6000"
"2009","460000","海南省","488163.3000","130863.2000","357300.1000"
"2009","500000","重庆市","771252.1000","428007.1000","343245.0000"
"2009","510000","四川省","2416865.1000","1416944.7000","999920.4000"
"2009","520000","贵州省","230421.2000","135661.2000","94760.0000"
"2009","530000","云南省","804759.5000","451325.2000","353434.3000"
"2009","540000","西藏自治区","40209.8000","37547.1000","2662.7000"
"2009","610000","陕西省","840539.2000","398814.9000","441724.3000"
"2009","620000","甘肃省","386555.4000","73551.2000","313004.3000"
"2009","630000","青海省","58678.5000","25187.6000","33491.0000"
"2009","640000","宁夏回族自治区","120247.9000","74293.0000","45954.9000"
"2009","650000","新疆维吾尔自治区","1394783.1000","1093456.3000","301326.8000"
"2010","110000","北京市","30172154.8000","5543621.1000","24628533.7000"
"2010","120000","天津市","8210005.0000","3748482.6000","4461522.4000"
"2010","130000","河北省","4206037.0000","2255644.3000","1950392.7000"
"2010","140000","山西省","1257622.5000","470281.5000","787341.0000"
"2010","150000","内蒙古自治区","872974.1000","333442.6000","539531.5000"
"2010","210000","辽宁省","8071214.8000","4309871.1000","3761343.7000"
"2010","220000","吉林省","1684518.2000","447584.9000","1236933.3000"
"2010","230000","黑龙江省","2551541.5000","1628078.6000","923462.9000"
"2010","310000","上海市","36895065.2000","18071398.2000","18823667.0000"
"2010","320000","江苏省","46579895.9000","27053869.0000","19526026.9000"
"2010","330000","浙江省","25353465.6000","18046478.3000","7306987.3000"
"2010","340000","安徽省","2427337.2000","1241288.8000","1186048.4000"
"2010","350000","福建省","10878328.9000","7149312.8000","3729016.1000"
"2010","360000","江西省","2161917.7000","1341606.3000","820311.4000"
"2010","370000","山东省","18915629.2000","10422560.4000","8493068.8000"
"2010","410000","河南省","1783151.4000","1052937.2000","730214.2000"
"2010","420000","湖北省","2593211.0000","1444179.5000","1149031.5000"
"2010","430000","湖南省","1465639.0000","795598.9000","670040.1000"
"2010","440000","广东省","78489612.4000","45319116.0000","33170496.4000"
"2010","450000","广西壮族自治区","1773890.6000","960307.3000","813583.3000"
"2010","460000","海南省","864857.7000","232033.0000","632824.7000"
"2010","500000","重庆市","1242707.4000","748893.7000","493813.7000"
"2010","510000","四川省","3269386.4000","1884062.5000","1385323.9000"
"2010","520000","贵州省","314680.1000","192018.0000","122662.1000"
"2010","530000","云南省","1343012.0000","760576.7000","582435.3000"
"2010","540000","西藏自治区","83606.7000","77102.9000","6503.8000"
"2010","610000","陕西省","1210168.1000","620821.5000","589346.6000"
"2010","620000","甘肃省","740295.3000","163778.5000","576516.8000"
"2010","630000","青海省","78896.1000","46619.7000","32276.4000"
"2010","640000","宁夏回族自治区","195998.9000","117000.2000","78998.7000"
"2010","650000","新疆维吾尔自治区","1713011.0000","1296865.2000","416145.8000"
"2011","110000","北京市","38955597.7000","5899714.6000","33055883.1000"
"2011","120000","天津市","10337616.5000","4448194.1000","5889422.5000"
"2011","130000","河北省","5360083.5000","2856984.9000","2503098.6000"
"2011","140000","山西省","1474305.6000","542512.4000","931793.3000"
"2011","210000","辽宁省","9603585.1000","5104235.6000","4499349.5000"
"2011","220000","吉林省","2206093.0000","499771.5000","1706321.5000"
"2011","310000","上海市","43754861.5000","20967384.3000","22787477.2000"
"2011","320000","江苏省","53958089.4000","31259005.7000","22699083.7000"
"2011","330000","浙江省","30937776.5000","21634949.1000","9302827.4000"
"2011","340000","安徽省","3130924.5000","1708263.9000","1422660.7000"
"2011","350000","福建省","14352242.8000","9283778.2000","5068464.6000"
"2011","360000","江西省","3146880.9000","2187606.3000","959274.7000"
"2011","370000","山东省","23588607.6000","12571256.8000","11017350.8000"
"2011","410000","河南省","3262257.8000","1923991.0000","1338266.8000"
"2011","420000","湖北省","3358693.4000","1953460.1000","1405233.4000"
"2011","430000","湖南省","1894376.3000","990379.6000","903996.7000"
"2011","440000","广东省","91346733.1000","53192656.9000","38154076.2000"
"2011","450000","广西壮族自治区","2335596.6000","1245775.8000","1089820.8000"
"2011","460000","海南省","1275603.6000","254161.6000","1021442.0000"
"2011","500000","重庆市","2920763.5000","1983164.8000","937598.6000"
"2011","510000","四川省","4772416.9000","2902728.5000","1869688.4000"
"2011","520000","贵州省","488757.9000","298508.7000","190249.2000"
"2011","530000","云南省","1602877.3000","947245.4000","655631.9000"
"2011","540000","西藏自治区","135836.9000","118284.9000","17551.9000"
"2011","610000","陕西省","1464727.0000","703502.6000","761224.5000"
"2011","620000","甘肃省","872857.9000","215877.9000","656980.0000"
"2011","630000","青海省","92381.8000","66182.3000","26199.4000"
"2011","640000","宁夏回族自治区","228574.7000","159943.0000","68631.6000"
"2011","650000","新疆维吾尔自治区","2281967.2000","1682572.4000","599394.8000"
"2011","230000","黑龙江省","3852267.5000","1767298.5000","2084969.0000"
"2011","150000","内蒙古自治区","1193090.4000","468697.3000","724393.1000"
"2012","110000","北京市","40810731.9000","5963208.9000","34847522.9000"
"2012","120000","天津市","11563427.2000","4831256.3000","6732170.9000"
"2012","130000","河北省","5056305.5000","2959820.2000","2096485.3000"
"2012","140000","山西省","1504310.9000","701604.1000","802706.8000"
"2012","150000","内蒙古自治区","1125898.2000","397016.3000","728881.9000"
"2012","210000","辽宁省","10408999.7000","5795905.3000","4613094.4000"
"2012","220000","吉林省","2456300.9000","598268.4000","1858032.5000"
"2012","230000","黑龙江省","3759029.1000","1443517.3000","2315511.8000"
"2012","310000","上海市","43658695.3000","20673016.8000","22985678.5000"
"2012","320000","江苏省","54796148.9000","32852352.2000","21943796.8000"
"2012","330000","浙江省","31240135.8000","22451714.4000","8788421.3000"
"2012","340000","安徽省","3928454.3000","2674850.2000","1253604.1000"
"2012","350000","福建省","15593795.7000","9783259.4000","5810536.3000"
"2012","360000","江西省","3341382.9000","2511278.7000","830104.3000"
"2012","370000","山东省","24554432.4000","12870920.5000","11683511.9000"
"2012","410000","河南省","5173880.6000","2967644.5000","2206236.0000"
"2012","420000","湖北省","3196375.1000","1939849.8000","1256525.3000"
"2012","430000","湖南省","2194873.2000","1260220.0000","934653.2000"
"2012","440000","广东省","98402046.0000","57405076.7000","40996969.3000"
"2012","450000","广西壮族自治区","2948446.0000","1546775.2000","1401670.8000"
"2012","460000","海南省","1432209.6000","313610.0000","1118599.6000"
"2012","500000","重庆市","5320358.2000","3856758.2000","1463600.1000"
"2012","510000","四川省","5914359.8000","3846906.5000","2067453.2000"
"2012","520000","贵州省","663155.8000","495222.9000","167932.9000"
"2012","530000","云南省","2101373.2000","1001737.1000","1099636.1000"
"2012","540000","西藏自治区","342414.3000","335518.4000","6896.0000"
"2012","610000","陕西省","1479903.2000","865226.4000","614676.8000"
"2012","620000","甘肃省","890075.2000","357354.5000","532720.7000"
"2012","630000","青海省","115747.0000","72876.4000","42870.5000"
"2012","640000","宁夏回族自治区","221670.6000","164111.7000","57558.8000"
"2012","650000","新疆维吾尔自治区","2517005.9000","1934564.7000","582441.2000"
"2013","110000","北京市","42899581.2000","6309756.1000","36589825.1000"
"2013","120000","天津市","12850178.8000","4900493.8000","7949685.0000"
"2013","130000","河北省","5491157.1000","3096060.9000","2395096.2000"
"2013","140000","山西省","1579097.9000","799557.4000","779540.5000"
"2013","150000","内蒙古自治区","1199457.2000","409256.1000","790201.1000"
"2013","210000","辽宁省","11447818.9000","6452200.7000","4995618.2000"
"2013","220000","吉林省","2583173.5000","673890.6000","1909282.9000"
"2013","230000","黑龙江省","3887909.4000","1623172.6000","2264736.8000"
"2013","310000","上海市","44126821.6000","20418002.6000","23708819.0000"
"2013","320000","江苏省","55080227.0000","32880175.2000","22200051.8000"
"2013","330000","浙江省","33578870.5000","24874624.1000","8704246.4000"
"2013","340000","安徽省","4551896.9000","2825131.4000","1726765.5000"
"2013","350000","福建省","16932090.1000","10647442.0000","6284648.1000"
"2013","360000","江西省","3674663.4000","2816665.2000","857998.2000"
"2013","370000","山东省","26653153.3000","13419012.5000","13234140.8000"
"2013","410000","河南省","5995686.8000","3598710.2000","2396976.6000"
"2013","420000","湖北省","3638007.6000","2283620.8000","1354386.8000"
"2013","430000","湖南省","2517530.8000","1482119.6000","1035411.2000"
"2013","440000","广东省","109158143.7000","63636384.5000","45521759.2000"
"2013","450000","广西壮族自治区","3282749.9000","1869325.7000","1413424.2000"
"2013","460000","海南省","1498543.4000","370648.6000","1127894.8000"
"2013","500000","重庆市","6869216.4000","4679589.9000","2189626.5000"
"2013","510000","四川省","6457465.8000","4194905.6000","2262560.2000"
"2013","520000","贵州省","829010.1000","688597.5000","140412.6000"
"2013","530000","云南省","2530355.9000","1567137.8000","963218.1000"
"2013","540000","西藏自治区","331940.9000","326905.0000","5035.9000"
"2013","610000","陕西省","2012806.1000","1022565.7000","990240.4000"
"2013","620000","甘肃省","1023610.7000","467732.2000","555878.5000"
"2013","630000","青海省","140274.3000","84726.4000","55547.9000"
"2013","640000","宁夏回族自治区","321768.6000","255215.8000","66552.8000"
"2013","650000","新疆维吾尔自治区","2756139.1000","2226773.5000","529365.6000"
"2014","110000","北京市","41551859.3000","6233841.7000","35318017.6000"
"2014","120000","天津市","13388607.5000","5259065.8000","8129541.7000"
"2014","130000","河北省","5987735.9000","3571019.5000","2416716.3000"
"2014","140000","山西省","1623281.3000","894086.9000","729194.4000"
"2014","150000","内蒙古自治区","1455632.1000","639354.8000","816277.3000"
"2014","210000","辽宁省","11399825.5000","5874518.3000","5525307.3000"
"2014","220000","吉林省","2638078.6000","577759.1000","2060319.5000"
"2014","230000","黑龙江省","3890092.6000","1733523.8000","2156568.8000"
"2014","310000","上海市","46639983.8000","21013386.4000","25626597.5000"
"2014","320000","江苏省","56355307.9000","34183250.3000","22172057.7000"
"2014","330000","浙江省","35503976.5000","27332704.6000","8171271.9000"
"2014","340000","安徽省","4917730.0000","3148537.1000","1769192.8000"
"2014","350000","福建省","17740784.1000","11345229.3000","6395554.7000"
"2014","360000","江西省","4273082.2000","3202531.9000","1070550.4000"
"2014","370000","山东省","27692939.8000","14470865.4000","13222074.4000"
"2014","410000","河南省","6497220.9000","3938303.1000","2558917.8000"
"2014","420000","湖北省","4303961.9000","2664242.2000","1639719.7000"
"2014","430000","湖南省","3083160.3000","1994300.2000","1088860.1000"
"2014","440000","广东省","107658447.4000","64608701.1000","43049746.3000"
"2014","450000","广西壮族自治区","4054885.1000","2432742.5000","1622142.6000"
"2014","460000","海南省","1586266.0000","441674.2000","1144591.8000"
"2014","500000","重庆市","9543157.8000","6340079.9000","3203077.9000"
"2014","510000","四川省","7020297.0000","4483913.3000","2536383.7000"
"2014","520000","贵州省","1077132.6000","939725.7000","137406.9000"
"2014","530000","云南省","2960742.2000","1878746.5000","1081995.7000"
"2014","540000","西藏自治区","225494.7000","210086.6000","15408.0000"
"2014","610000","陕西省","2736448.5000","1392979.8000","1343468.6000"
"2014","620000","甘肃省","864061.5000","532948.2000","331113.3000"
"2014","630000","青海省","171788.8000","112789.9000","58998.9000"
"2014","640000","宁夏回族自治区","543521.2000","430285.1000","113236.0000"
"2014","650000","新疆维吾尔自治区","2767231.5000","2348076.3000","419155.2000"
"2015","110000","北京市","31944057.0000","5466681.7000","26477375.2000"
"2015","120000","天津市","11428280.3000","5116292.8000","6311987.5000"
"2015","130000","河北省","5151374.8000","3293276.3000","1858098.5000"
"2015","140000","山西省","1468131.5000","842076.8000","626054.7000"
"2015","150000","内蒙古自治区","1273115.1000","565000.8000","708114.3000"
"2015","210000","辽宁省","9594712.5000","5071098.2000","4523614.3000"
"2015","220000","吉林省","1887739.0000","461375.3000","1426363.8000"
"2015","230000","黑龙江省","2101203.4000","803541.3000","1297662.1000"
"2015","310000","上海市","44924072.3000","19591321.2000","25332751.1000"
"2015","320000","江苏省","54556044.7000","33864477.8000","20691566.9000"
"2015","330000","浙江省","34678382.6000","27633211.4000","7045171.2000"
"2015","340000","安徽省","4784453.2000","3227017.4000","1557435.8000"
"2015","350000","福建省","16884593.1000","11268010.9000","5616582.2000"
"2015","360000","江西省","4239960.4000","3311673.7000","928286.7000"
"2015","370000","山东省","24060779.8000","14392567.6000","9668212.2000"
"2015","410000","河南省","7378056.2000","4306136.5000","3071919.8000"
"2015","420000","湖北省","4555258.0000","2921181.6000","1634076.4000"
"2015","430000","湖南省","2930180.1000","1913709.2000","1016470.9000"
"2015","440000","广东省","102249568.3000","64317208.4000","37932359.8000"
"2015","450000","广西壮族自治区","5109054.7000","2793397.6000","2315657.1000"
"2015","460000","海南省","1396696.5000","374303.6000","1022392.9000"
"2015","500000","重庆市","7446684.5000","5518683.2000","1928001.3000"
"2015","510000","四川省","5118856.0000","3309289.8000","1809566.2000"
"2015","520000","贵州省","1222141.8000","994862.4000","227279.4000"
"2015","530000","云南省","2449127.9000","1661563.3000","787564.6000"
"2015","540000","西藏自治区","91383.9000","58690.9000","32693.0000"
"2015","610000","陕西省","3049850.4000","1478875.9000","1570974.5000"
"2015","620000","甘肃省","795201.6000","581181.1000","214020.5000"
"2015","630000","青海省","193447.2000","164196.7000","29250.5000"
"2015","640000","宁夏回族自治区","373925.5000","296310.7000","77614.8000"
"2015","650000","新疆维吾尔自治区","1966939.7000","1749608.2000","217331.5000"
"2016","110000","北京市","28234896.0000","5202284.3000","23032611.7000"
"2016","120000","天津市","10265594.7000","4427869.4000","5837725.3000"
"2016","130000","河北省","4667538.0000","3057553.8000","1609984.2000"
"2016","140000","山西省","1666141.1000","993219.0000","672922.2000"
"2016","150000","内蒙古自治区","1164030.1000","439598.8000","724431.3000"
"2016","210000","辽宁省","8655689.5000","4306276.5000","4349413.0000"
"2016","220000","吉林省","1845288.6000","420201.1000","1425087.5000"
"2016","230000","黑龙江省","1653917.8000","503552.9000","1150364.9000"
"2016","310000","上海市","43376819.1000","18335213.2000","25041605.9000"
"2016","320000","江苏省","50929640.6000","31905308.6000","19024332.0000"
"2016","330000","浙江省","33657590.9000","26786375.3000","6871215.6000"
"2016","340000","安徽省","4441286.1000","2844668.2000","1596617.9000"
"2016","350000","福建省","15682619.0000","10367798.5000","5314820.6000"
"2016","360000","江西省","4002840.7000","2979839.8000","1023000.9000"
"2016","370000","山东省","23435585.2000","13709608.8000","9725976.3000"
"2016","410000","河南省","7121309.9000","4280550.9000","2840759.0000"
"2016","420000","湖北省","3938877.3000","2603934.2000","1334943.1000"
"2016","430000","湖南省","2624347.0000","1769253.6000","855093.4000"
"2016","440000","广东省","95529800.7000","59860198.6000","35669602.1000"
"2016","450000","广西壮族自治区","4762743.1000","2292641.3000","2470101.8000"
"2016","460000","海南省","1134843.0000","212579.9000","922263.1000"
"2016","500000","重庆市","6275363.7000","4065437.9000","2209925.8000"
"2016","510000","四川省","4930625.2000","2794761.7000","2135863.4000"
"2016","520000","贵州省","569961.7000","474279.2000","95682.5000"
"2016","530000","云南省","1990236.0000","1149031.4000","841204.6000"
"2016","540000","西藏自治区","78192.2000","47172.5000","31019.7000"
"2016","610000","陕西省","2994722.3000","1583756.1000","1410966.2000"
"2016","620000","甘肃省","683298.0000","406256.3000","277041.8000"
"2016","630000","青海省","152920.4000","137006.1000","15914.3000"
"2016","640000","宁夏回族自治区","325248.9000","248674.8000","76574.1000"
"2016","650000","新疆维吾尔自治区","1763774.4000","1558216.5000","205557.9000"
"2017","110000","北京市","32401742.3000","5856598.8000","26545143.5000"
"2017","120000","天津市","11291916.5000","4356105.4000","6935811.0000"
"2017","130000","河北省","4985554.3000","3135740.3000","1849814.0000"
"2017","140000","山西省","1718687.5000","1019561.1000","699126.3000"
"2017","150000","内蒙古自治区","1387352.3000","487796.2000","899556.0000"
"2017","210000","辽宁省","9959508.4000","4486591.8000","5472916.6000"
"2017","220000","吉林省","1854297.1000","441936.4000","1412360.6000"
"2017","230000","黑龙江省","1895119.5000","520925.2000","1374194.3000"
"2017","310000","上海市","47619664.9000","19364289.9000","28255375.0000"
"2017","320000","江苏省","59077813.6000","36302622.7000","22775190.9000"
"2017","330000","浙江省","37790747.1000","28679327.5000","9111419.6000"
"2017","340000","安徽省","5402162.6000","3059611.5000","2342551.1000"
"2017","350000","福建省","17102004.0000","10491667.2000","6610336.8000"
"2017","360000","江西省","4433898.4000","3248826.5000","1185071.9000"
"2017","370000","山东省","26455095.6000","14703746.4000","11751349.2000"
"2017","410000","河南省","7763009.0000","4703096.3000","3059912.7000"
"2017","420000","湖北省","4633719.0000","3048622.7000","1585096.3000"
"2017","430000","湖南省","3603329.7000","2317083.6000","1286246.1000"
"2017","440000","广东省","100667837.4000","62286836.8000","38381000.6000"
"2017","450000","广西壮族自治区","5787865.9000","2809118.9000","2978747.0000"
"2017","460000","海南省","1037405.5000","436590.6000","600814.9000"
"2017","500000","重庆市","6660110.7000","4259525.8000","2400584.9000"
"2017","510000","四川省","6810605.8000","3755343.0000","3055262.8000"
"2017","520000","贵州省","816231.3000","579371.1000","236860.2000"
"2017","530000","云南省","2345110.9000","1146651.0000","1198459.9000"
"2017","540000","西藏自治区","86345.0000","43328.6000","43016.4000"
"2017","610000","陕西省","4020279.8000","2454380.6000","1565899.2000"
"2017","620000","甘肃省","482633.3000","170978.8000","311654.5000"
"2017","630000","青海省","65575.1000","42417.4000","23157.6000"
"2017","640000","宁夏回族自治区","503951.7000","365107.1000","138844.6000"
"2017","650000","新疆维吾尔自治区","2056853.0000","1763333.5000","293519.5000"
"2018","110000","北京市","41248793.8000","7407927.6000","33840866.1000"
"2018","120000","天津市","12255729.1000","4880915.9000","7374813.2000"
"2018","130000","河北省","5390087.3000","3397604.3000","1992483.0000"
"2018","140000","山西省","2076237.2000","1227084.9000","849152.3000"
"2018","150000","内蒙古自治区","1569026.7000","574659.6000","994367.1000"
"2018","210000","辽宁省","11460113.6000","4879046.3000","6581067.4000"
"2018","220000","吉林省","2067916.4000","494436.5000","1573479.9000"
"2018","230000","黑龙江省","2643735.9000","444949.2000","2198786.7000"
"2018","310000","上海市","51567970.0000","20714461.5000","30853508.4000"
"2018","320000","江苏省","66391373.6000","40397481.2000","25993892.4000"
"2018","330000","浙江省","43236009.9000","32103884.9000","11132125.0000"
"2018","340000","安徽省","6284031.7000","3619660.9000","2664370.8000"
"2018","350000","福建省","18740729.0000","11552641.3000","7188087.7000"
"2018","360000","江西省","4818758.4000","3394268.9000","1424489.6000"
"2018","370000","山东省","29239707.4000","16011582.1000","13228125.3000"
"2018","410000","河南省","8281363.3000","5377558.6000","2903804.7000"
"2018","420000","湖北省","5278154.7000","3407150.1000","1871004.6000"
"2018","430000","湖南省","4647420.1000","3054261.7000","1593158.4000"
"2018","440000","广东省","108446457.3000","64650079.1000","43796378.2000"
"2018","450000","广西壮族自治区","6230226.6000","3278990.5000","2951236.1000"
"2018","460000","海南省","1273353.0000","448848.7000","824504.3000"
"2018","500000","重庆市","7901691.3000","5135447.3000","2766244.0000"
"2018","510000","四川省","8992113.7000","5036769.0000","3955344.7000"
"2018","520000","贵州省","760285.7000","512338.9000","247946.7000"
"2018","530000","云南省","2985796.5000","1281049.8000","1704746.7000"
"2018","540000","西藏自治区","72317.8000","42842.3000","29475.5000"
"2018","610000","陕西省","5330488.2000","3159523.3000","2170964.9000"
"2018","620000","甘肃省","601302.7000","221080.1000","380222.5000"
"2018","630000","青海省","72717.5000","47010.6000","25706.9000"
"2018","640000","宁夏回族自治区","377656.4000","273366.3000","104290.1000"
"2018","650000","新疆维吾尔自治区","1999974.7000","1641229.7000","358744.9000"
"2019","110000","北京市","41645675.1987","7505091.2309","34140583.9678"
"2019","120000","天津市","10664567.0761","4379183.0049","6285384.0712"
"2019","130000","河北省","5804328.2178","3438093.6832","2366234.5346"
"2019","140000","山西省","2098162.5390","1169022.3621","929140.1769"
"2019","150000","内蒙古自治区","1593946.7297","546832.3701","1047114.3596"
"2019","210000","辽宁省","10532003.8133","4543770.7755","5988233.0378"
"2019","220000","吉林省","1890412.2572","470381.8888","1420030.3684"
"2019","230000","黑龙江省","2710864.4974","506850.9715","2204013.5259"
"2019","310000","上海市","49390502.5821","19899376.4006","29491126.1815"
"2019","320000","江苏省","62951593.4472","39482828.1009","23468765.3463"
"2019","330000","浙江省","44722450.8747","33460475.6731","11261975.2016"
"2019","340000","安徽省","6873032.4393","4041111.6459","2831920.7934"
"2019","350000","福建省","19311115.1147","12020256.6342","7290858.4805"
"2019","360000","江西省","5088978.3275","3619295.4709","1469682.8566"
"2019","370000","山东省","29699553.2144","16143970.8528","13555582.3616"
"2019","410000","河南省","8249895.2757","5421327.4690","2828567.8067"
"2019","420000","湖北省","5716060.2499","3599534.9408","2116525.3091"
"2019","430000","湖南省","6284983.5068","4454073.8375","1830909.6693"
"2019","440000","广东省","103662672.4361","62945419.5940","40717252.8421"
"2019","450000","广西壮族自治区","6822163.6806","3774650.0563","3047513.6243"
"2019","460000","海南省","1315274.7773","498703.2078","816571.5695"
"2019","500000","重庆市","8394958.4570","5380328.8557","3014629.6013"
"2019","510000","四川省","9840066.1784","5654524.5931","4185541.5853"
"2019","520000","贵州省","656816.8811","474028.2646","182788.6165"
"2019","530000","云南省","3369243.6606","1502415.3141","1866828.3465"
"2019","540000","西藏自治区","70286.3213","54082.9474","16203.3739"
"2019","610000","陕西省","5103313.2889","2722164.4519","2381148.8370"
"2019","620000","甘肃省","552008.7691","190699.5930","361309.1761"
"2019","630000","青海省","54481.5169","29353.2656","25128.2513"
"2019","640000","宁夏回族自治区","348961.0798","215930.0509","133031.0289"
"2019","650000","新疆维吾尔自治区","2370734.8298","1804431.4117","566303.4181"
"2020","110000","北京市","33647807.9576","6714936.9019","26932871.0557"
"2020","120000","天津市","10632181.5611","4434874.1685","6197307.3926"
"2020","130000","河北省","6447022.6402","3644803.7673","2802218.8729"
"2020","140000","山西省","2184201.4568","1268292.5521","915908.9047"
"2020","150000","内蒙古自治区","1522270.0534","504004.5337","1018265.5197"
"2020","210000","辽宁省","9482832.0349","3832684.9433","5650147.0916"
"2020","220000","吉林省","1852632.5425","420647.5372","1431985.0053"
"2020","230000","黑龙江省","2223092.0779","519069.9829","1704022.0950"
"2020","310000","上海市","50383136.3241","19804360.9075","30578775.4166"
"2020","320000","江苏省","64283183.9133","39612675.5928","24670508.3205"
"2020","330000","浙江省","48854280.6443","36310992.1884","12543288.4559"
"2020","340000","安徽省","7870404.0511","4557872.3732","3312531.6779"
"2020","350000","福建省","20358082.2222","12238298.1855","8119784.0367"
"2020","360000","江西省","5802583.6012","4205576.0099","1597007.5913"
"2020","370000","山东省","32021039.0393","18891973.1601","13129065.8792"
"2020","410000","河南省","9726670.9148","5929639.9111","3797031.0037"
"2020","420000","湖北省","6224567.5980","3906261.1160","2318306.4820"
"2020","430000","湖南省","7068446.1738","4782423.2295","2286022.9443"
"2020","440000","广东省","102402445.5963","62825717.3294","39576728.2669"
"2020","450000","广西壮族自治区","7041405.0180","3917505.3593","3123899.6587"
"2020","460000","海南省","1358683.0504","402400.3051","956282.7453"
"2020","500000","重庆市","9418110.4436","6052582.9658","3365527.4778"
"2020","510000","四川省","11689817.1291","6723694.0156","4966123.1135"
"2020","520000","贵州省","791068.8523","622673.8605","168394.9918"
"2020","530000","云南省","3912838.2847","2213683.9428","1699154.3419"
"2020","540000","西藏自治区","31053.2414","18809.3826","12243.8588"
"2020","610000","陕西省","5459581.0792","2788957.2073","2670623.8719"
"2020","620000","甘肃省","552972.8567","123768.2172","429204.6395"
"2020","630000","青海省","33279.9965","17792.8884","15487.1081"
"2020","640000","宁夏回族自治区","178244.6307","125148.2195","53096.4112"
"2020","650000","新疆维吾尔自治区","2137381.1215","1583039.9754","554341.1461"
"2021","110000","北京市","47100000.0000","9471000.0000","37629000.0000"
"2021","120000","天津市","13257000.0000","5997000.0000","7260000.0000"
"2021","130000","河北省","8385000.0000","4690000.0000","3695000.0000"
"2021","140000","山西省","3453000.0000","2114000.0000","1339000.0000"
"2021","150000","内蒙古自治区","1914000.0000","740000.0000","1174000.0000"
"2021","210000","辽宁省","11946000.0000","5125000.0000","6821000.0000"
"2021","220000","吉林省","2325000.0000","547000.0000","1778000.0000"
"2021","230000","黑龙江省","3086000.0000","693000.0000","2393000.0000"
"2021","310000","上海市","62852000.0000","24323000.0000","38529000.0000"
"2021","320000","江苏省","80647000.0000","50346000.0000","30301000.0000"
"2021","330000","浙江省","64093000.0000","46610000.0000","17483000.0000"
"2021","340000","安徽省","10700000.0000","6337000.0000","4363000.0000"
"2021","350000","福建省","28525000.0000","16734000.0000","11791000.0000"
"2021","360000","江西省","7701000.0000","5677000.0000","2024000.0000"
"2021","370000","山东省","45387000.0000","27184000.0000","18203000.0000"
"2021","410000","河南省","12701000.0000","7778000.0000","4923000.0000"
"2021","420000","湖北省","8308000.0000","5430000.0000","2878000.0000"
"2021","430000","湖南省","9240000.0000","6520000.0000","2720000.0000"
"2021","440000","广东省","127957000.0000","78186000.0000","49771000.0000"
"2021","450000","广西壮族自治区","9172000.0000","4545000.0000","4627000.0000"
"2021","460000","海南省","2275000.0000","507000.0000","1768000.0000"
"2021","500000","重庆市","12382000.0000","8000000.0000","4382000.0000"
"2021","510000","四川省","14743000.0000","8841000.0000","5902000.0000"
"2021","520000","贵州省","1013000.0000","754000.0000","259000.0000"
"2021","530000","云南省","4868000.0000","2734000.0000","2134000.0000"
"2021","540000","西藏自治区","62000.0000","35000.0000","27000.0000"
"2021","610000","陕西省","7356000.0000","3969000.0000","3387000.0000"
"2021","620000","甘肃省","761000.0000","150000.0000","611000.0000"
"2021","630000","青海省","49000.0000","26000.0000","23000.0000"
"2021","640000","宁夏回族自治区","332000.0000","271000.0000","61000.0000"
"2021","650000","新疆维吾尔自治区","2430000.0000","1970000.0000","460000.0000"
